ID,region,tenure,age,marital,address,income,ed,retire,gender,voice,internet,forward,custcat,churn,event,survival_12m,churn_risk_12m,CLV_12m_AMD,at_risk_12m,survival_m1,survival_m2,survival_m3,survival_m4,survival_m5,survival_m6,survival_m7,survival_m8,survival_m9,survival_m10,survival_m11,survival_m12
1,Zone 2,13,44,Married,9,64,College degree,No,Male,No,No,Yes,Basic service,Yes,1,0.9393095329008498,0.06069046709915016,14540.70308798673,False,0.9996884776555756,0.9981287801308457,0.9952508118634272,0.9912683873511948,0.9864011436531874,0.9808341128044266,0.9747165369537386,0.9681676689566148,0.9612829067857774,0.9541389201141387,0.9467976744936843,0.9393095329008498
2,Zone 3,11,33,Married,7,136,Post-undergraduate degree,No,Male,Yes,No,Yes,Total service,Yes,1,0.9444741109017264,0.055525889098273606,14575.300887796904,False,0.9997357298706079,0.9983777640095015,0.995830851918122,0.9922671718799657,0.9878751094402077,0.9828177883886007,0.9772291803752602,0.9712178380226153,0.9648716192109845,0.9582618658475445,0.9514467855004267,0.9444741109017264
3,Zone 3,68,52,Married,24,116,Did not complete high school,No,Female,No,No,No,Plus service,No,0,0.9979784714387959,0.002021528561204078,14900.516260307124,False,0.9999989685273397,0.9999880461842766,0.9999556067951545,0.9998932936451345,0.9997956859282056,0.999659440574266,0.9994826475511132,0.9992643876228575,0.9990044308286201,0.998703028634267,0.9983607686101245,0.9979784714387959
4,Zone 2,33,33,Unmarried,12,33,High school degree,No,Female,No,No,No,Basic service,Yes,1,0.8421916822731271,0.15780831772687287,13826.115803581824,False,0.9979854979934007,0.9907035956778306,0.9797238333918554,0.9664728557304971,0.9518609401284227,0.9364691975184425,0.9206769707580458,0.90473689167528,0.8888195965771672,0.8730412100617684,0.857480783754033,0.8421916822731271
5,Zone 2,23,30,Married,9,30,Did not complete high school,No,Male,No,No,Yes,Plus service,No,0,0.9624860982520551,0.03751390174794489,14692.498823011216,False,0.9998702361403793,0.9991271102816142,0.997634982383409,0.9954476559617912,0.9926555454017195,0.9893487658475096,0.9856078415610967,0.981502173954565,0.9770908083996481,0.9724237890542782,0.9675435399559368,0.9624860982520551
6,Zone 2,41,39,Unmarried,17,78,High school degree,No,Female,No,No,No,Plus service,No,0,0.9744780507775948,0.02552194922240525,14767.054776069042,False,0.999934211006176,0.999518639157699,0.9986308429380606,0.9972729536163243,0.9954831436264843,0.9933082218343435,0.9907944290528558,0.9879843428817441,0.9849160452189092,0.9816231588086866,0.9781352041349599,0.9744780507775948
7,Zone 3,45,22,Married,2,19,High school degree,No,Female,No,Yes,No,E-service,Yes,1,0.802965239845884,0.19703476015411603,13508.053577460001,False,0.9967813805418798,0.9861797079215177,0.9710749721428735,0.9535275856244815,0.9347236117394302,0.9153639539552714,0.8958753559204742,0.8765227218416254,0.8574716470071351,0.8388248676770544,0.8206443681334596,0.802965239845884
8,Zone 2,38,35,Unmarried,5,76,High school degree,No,Male,Yes,Yes,Yes,Total service,No,0,0.7304021755914287,0.2695978244085713,12879.23084426706,True,0.993547956246771,0.9752418779169721,0.9514019622474665,0.9253253187100944,0.8986142226543062,0.8720877789349771,0.8461744917466927,0.8210953600552378,0.7969561354995014,0.7737967136771691,0.7516188343899084,0.7304021755914287
9,Zone 3,45,59,Married,7,166,College degree,No,Male,No,No,Yes,Plus service,No,0,0.994140113955496,0.005859886044504048,14880.588247346725,False,0.9999944062103565,0.9999457074467828,0.9998181020499407,0.9995934188955778,0.9992639719661657,0.9988278941745284,0.9982865812415478,0.997643257557043,0.9969021442848768,0.9960679638993382,0.9951456399730758,0.994140113955496
10,Zone 1,68,41,Married,21,72,Did not complete high school,No,Male,No,No,No,E-service,No,0,0.9956793060088742,0.004320693991125779,14888.739306150088,False,0.9999965750586632,0.9999649600800227,0.9998789602695691,0.9997235532356401,0.9994911549716953,0.9991786342930848,0.9987855390960316,0.9983130415084952,0.9977632943058571,0.9971390284251366,0.9964432963059507,0.9956793060088742
11,Zone 2,5,33,Unmarried,10,125,College degree,No,Female,No,Yes,No,Basic service,Yes,1,0.6200528608625079,0.3799471391374921,11822.243788838385,True,0.9852968042787245,0.9511096451279074,0.9115227276900442,0.87148173258046,0.832798901282138,0.7961380159569599,0.7616911757232614,0.7294456655666979,0.699299855276895,0.6711166994075459,0.6447492492072107,0.6200528608625079
12,Zone 3,7,35,Unmarried,14,80,High school degree,No,Female,Yes,No,Yes,Plus service,No,0,0.918349625275357,0.08165037472464298,14396.299532010184,False,0.9994554391001282,0.9969665675950112,0.9926284268461768,0.9868535987151337,0.9799986469856131,0.9723391974055109,0.9640846272588097,0.9553944131272745,0.9463909645704157,0.9371690400241554,0.9278025703561187,0.918349625275357
13,Zone 1,41,38,Married,8,37,High school degree,No,Female,No,No,No,Basic service,No,0,0.9115310086011323,0.08846899139886766,14348.038984253846,False,0.9993648776544244,0.9965364932672391,0.9916856267817755,0.9852987267445031,0.9777795553964514,0.9694332853627469,0.9604879487079612,0.9511148769894192,0.941443994697989,0.9315747469579343,0.9215838768861453,0.9115310086011323
14,Zone 2,57,54,Married,30,115,College degree,No,Female,Yes,Yes,Yes,Total service,Yes,1,0.9888439991109697,0.011156000889030349,14851.456834783137,False,0.9999839047695137,0.9998610655963435,0.9995651240389674,0.9990734479746171,0.9983835518261217,0.9975020658558538,0.9964396659993705,0.9952086115300481,0.9938215067100772,0.9922906727972222,0.9906278381652801,0.9888439991109697
15,Zone 2,9,46,Unmarried,3,25,Did not complete high school,No,Female,No,No,No,Basic service,No,0,0.8585504805965389,0.14144951940346107,13954.057935107334,False,0.9983915057879037,0.9923229913583153,0.9829294641990245,0.9713904459279237,0.9584961193006336,0.944768508815673,0.9305584630032817,0.9161061588294931,0.9015784296987109,0.8870923099935064,0.8727302935257399,0.8585504805965389
16,Zone 1,29,38,Married,12,75,Post-undergraduate degree,No,Male,No,Yes,No,E-service,No,0,0.9472675106362933,0.05273248936370667,14593.83914033599,False,0.9997596558600881,0.9985061825693309,0.9961332599568136,0.9927918875992539,0.9886540618364253,0.9838711900841967,0.9785689462604954,0.972849983053758,0.9667979400595961,0.9604811324139458,0.9539555956026899,0.9472675106362933
17,Zone 3,60,57,Unmarried,38,162,High school degree,No,Male,No,No,Yes,Plus service,No,0,0.9991206294936023,0.0008793705063977475,14906.092348629987,False,0.9999997142187177,0.9999962380138921,0.9999849548959522,0.9999618946988902,0.9999240296080738,0.9998691331076451,0.9997956057821207,0.9997023297202084,0.9995885558233868,0.9994538181840589,0.9992978690985395,0.9991206294936023
18,Zone 3,34,48,Unmarried,3,49,High school degree,No,Female,No,No,Yes,Plus service,No,0,0.9598631457203348,0.04013685427966518,14675.7939161623,False,0.9998535363764094,0.9990297466795878,0.9973943353934324,0.9950155158884665,0.9919967061433573,0.988438193144788,0.9844282237894033,0.9800420354263546,0.9753430939076615,0.970384804641853,0.9652121560865895,0.9598631457203348
19,Zone 2,1,24,Unmarried,3,20,Did not complete high school,No,Male,No,No,No,Basic service,No,0,0.6784460827553465,0.32155391724465354,12396.995343795732,True,0.9902474332239201,0.9651185905928092,0.934213760261222,0.901676175783089,0.8692861517615604,0.8378460539444046,0.8077108085610263,0.7790164265746966,0.7517877168751469,0.7259924482164812,0.7015698524833469,0.6784460827553465
20,Zone 1,26,29,Married,3,77,College degree,No,Male,Yes,Yes,Yes,Total service,Yes,1,0.7642579311384892,0.23574206886151083,13179.082521675236,False,0.9952351372187689,0.9807811311890197,0.9611877127963756,0.9391732050125544,0.9161653363123639,0.8929467022255935,0.8699595397404948,0.8474561597710397,0.8255781838973313,0.804400650035267,0.7839576764259237,0.7642579311384892
21,Zone 3,6,30,Unmarried,7,16,Some college,No,Female,No,Yes,No,E-service,Yes,1,0.8155470510773715,0.18445294892262853,13611.77380653869,False,0.9972049228513041,0.9877314776143825,0.9739977567252612,0.9578558208575916,0.9404058713424381,0.9223140918352947,0.9039953695339239,0.8857134003851523,0.8676375439342738,0.8498764997255601,0.8324990182091216,0.8155470510773715
22,Zone 1,68,52,Married,17,120,Did not complete high school,No,Male,No,No,Yes,Basic service,No,0,0.9787777375715523,0.021222262428447713,14792.964085025511,False,0.9999522028982101,0.9996365472998454,0.9989429155714998,0.9978612587642703,0.9964145349650819,0.9946357699271466,0.9925596324396095,0.9902192189856237,0.9876449029114159,0.9848640476186742,0.9819010846742828,0.9787777375715523
23,Zone 3,53,33,Unmarried,10,101,Post-undergraduate degree,No,Female,Yes,Yes,Yes,Total service,No,0,0.7641978526878777,0.23580214731212235,13178.56041458696,False,0.9952324332948763,0.9807719948679318,0.9611713005667576,0.9391497043420877,0.9161352781620242,0.8929107126147868,0.8699182433319766,0.847410142468296,0.825527980103595,0.8043467405749781,0.7839004910250083,0.7641978526878777
24,Zone 3,55,48,Married,19,67,Did not complete high school,No,Male,No,No,No,Basic service,No,0,0.9762981757105298,0.023701824289470208,14778.081362905172,False,0.9999421473571721,0.9995700630748855,0.9987660421833668,0.9975266132044021,0.9958832443243355,0.9938767694110107,0.9915484650408563,0.9889368741696795,0.986076820620394,0.9829992976927387,0.9797317002800894,0.9762981757105298
25,Zone 3,14,43,Married,18,36,Did not complete high school,No,Male,No,No,Yes,Plus service,No,0,0.9924804803243248,0.0075195196756752125,14871.620640230549,False,0.9999916058382481,0.999922065414316,0.9997455328892874,0.9994414468645488,0.9990029268557276,0.9984301744037916,0.9977270890081081,0.99689946396473,0.9959539881526378,0.9948976799397047,0.9937375627530036,0.9924804803243248
26,Zone 2,1,21,Unmarried,0,33,High school degree,No,Female,No,No,Yes,Plus service,No,0,0.8167586885990021,0.18324131140099786,13621.678000554546,False,0.9972437918512468,0.9878758210980768,0.9742717796333294,0.9582638800926248,0.9409439054659533,0.9229745019043425,0.9047692444548117,0.8865915761589332,0.8686111128971248,0.8509370468053751,0.8336387172737003,0.8167586885990021
27,Zone 2,42,40,Unmarried,7,37,High school degree,No,Female,Yes,Yes,No,Total service,No,0,0.7931240386249441,0.20687596137505593,13425.821829055261,False,0.9964240201251012,0.9848977608592112,0.9686900555921505,0.950026700981099,0.9301587028562275,0.9098114533224919,0.8894186813771235,0.8692444281669442,0.8494499538095736,0.8301322696974346,0.8113472608260435,0.7931240386249441
28,Zone 3,25,33,Married,11,31,Did not complete high school,No,Male,No,No,Yes,Plus service,No,0,0.9730771647627865,0.026922835237213505,14758.51204739308,False,0.9999277836976772,0.9994775797319262,0.9985237856704399,0.9970732739505433,0.995169622975693,0.9928643671017551,0.9902076240478498,0.9872450916524375,0.9840173505828345,0.9805600251277607,0.9769042423816946,0.9730771647627865
29,Zone 1,9,21,Married,1,17,High school degree,No,Female,No,No,No,Basic service,No,0,0.7430060130834057,0.25699398691659425,12992.178322353779,True,0.9942153532137071,0.9773968772618968,0.9551717617747505,0.9306226456375336,0.9052915114512485,0.8799879621602384,0.8551486814156635,0.8310085432644143,0.8076882445083897,0.7852419055688171,0.7636841412510602,0.7430060130834057
30,Zone 2,13,33,Married,9,19,College degree,No,Female,No,Yes,No,E-service,No,0,0.9167243969213335,0.08327560307866655,14384.851284737255,False,0.9994345263946002,0.996866367247921,0.9924076292572306,0.9864881206102631,0.9794755590544559,0.9716526227126986,0.963233182596683,0.9543795986894892,0.9452161289849293,0.9358387015211201,0.9263219639644173,0.9167243969213335
31,Zone 1,56,37,Married,6,36,Did not complete high school,No,Female,No,Yes,No,E-service,No,0,0.9188777299140032,0.08112227008599682,14400.012077291716,False,0.9994621445783457,0.996998815688161,0.9926996421862223,0.9869716608010772,0.9801678247392521,0.9725614673304143,0.964360499544691,0.9557234533524009,0.9467721299815894,0.9376009006994401,0.9282834571222527,0.9188777299140032
32,Zone 1,71,53,Married,27,155,Post-undergraduate degree,No,Male,Yes,Yes,Yes,Total service,No,0,0.9846315409840201,0.01536845901597994,14827.39573555969,False,0.9999724463258667,0.9997764110787203,0.9993247673470397,0.9985971725005657,0.9975997692012104,0.9963490007890244,0.9948648842149593,0.9931680472797714,0.9912784035692346,0.9892145865253349,0.986993748996743,0.9846315409840201
33,Zone 1,35,50,Married,26,140,High school degree,No,Female,No,No,Yes,Plus service,No,0,0.9980355885094225,0.0019644114905774668,14900.800724923783,False,0.9999990136271222,0.9999885168765511,0.9999572422552835,0.9998970333084747,0.9998025627967907,0.9996705179410584,0.9994989817070759,0.9992870059644001,0.9990343192742789,0.9987411247818421,0.9984079584855753,0.9980355885094225
34,Zone 1,11,27,Married,8,55,Post-undergraduate degree,No,Male,No,Yes,No,E-service,No,0,0.8819143008560107,0.11808569914398925,14131.771720779305,False,0.998882127637057,0.9943728226711473,0.9870991228900582,0.9779118636351936,0.9674285264468743,0.9560793714154598,0.944166427216816,0.9319047638740252,0.9194496124228488,0.9069142421097731,0.8943819552491226,0.8819143008560107
35,Zone 2,60,46,Married,13,163,Some college,No,Male,Yes,Yes,Yes,Total service,No,0,0.9350469450411518,0.06495305495884818,14511.842625432644,False,0.9996464970736446,0.9979120672312182,0.9947519798646576,0.99041673010753,0.9851525905076839,0.9791628608189451,0.9726092861133141,0.9656197318654137,0.9582955606674575,0.950717578002069,0.9429506036419598,0.9350469450411518
36,Zone 3,20,35,Married,11,52,College degree,No,Male,No,Yes,No,E-service,Yes,1,0.9336325201363499,0.0663674798636501,14502.20683722603,False,0.9996319653933062,0.9978379286680495,0.9945824989353331,0.9901287876472471,0.9847320596656316,0.9786017046298506,0.97190359130144,0.9647683968933013,0.9572994107439522,0.9495787586720377,0.9416721589323097,0.9336325201363499
37,Zone 2,54,60,Unmarried,38,211,College degree,No,Male,Yes,Yes,No,Total service,No,0,0.9911679302838672,0.008832069716132818,14864.417362116925,False,0.9999890683669974,0.9999014379295745,0.9996836050474093,0.9993137860727108,0.9987863067631589,0.9981034227204031,0.9972713031968573,0.9962979649365425,0.9951921682674276,0.9939628148351529,0.9926186185556309,0.9911679302838672
38,Zone 1,44,57,Married,1,186,High school degree,No,Male,Yes,No,Yes,Plus service,No,0,0.9727040989006633,0.02729590109933666,14756.22908403202,False,0.999926025344683,0.9994664307788348,0.9984948435302342,0.9970194600502241,0.9950853329732628,0.9927452725491711,0.9900504363975686,0.9870473549849698,0.9837772728211112,0.9802763438039325,0.9765761185196568,0.9727040989006633
39,Zone 1,11,41,Married,0,39,Did not complete high school,No,Female,Yes,No,Yes,Plus service,Yes,1,0.9258922839145712,0.07410771608542877,14448.970501459462,False,0.99954706583784,0.9974126565820445,0.9936206700865824,0.9885070037458665,0.9823773510312053,0.9754745909244282,0.9679868902566815,0.9600598841118301,0.951806936544584,0.9433169429250393,0.9346601182064956,0.9258922839145712
40,Zone 2,72,57,Unmarried,34,22,High school degree,Yes,Female,No,No,Yes,Plus service,No,0,0.9986462835760078,0.0013537164239921795,14903.808399534251,False,0.9999994462716388,0.999993169155773,0.9999736941704636,0.9999351277826152,0.9998733028172754,0.9997853833704554,0.9996695103701063,0.9995245369090485,0.9993498369793762,0.9991451673635663,0.9989105671043972,0.9986462835760078
41,Zone 3,10,41,Unmarried,7,30,Did not complete high school,No,Male,No,No,Yes,Plus service,No,0,0.9539024243026631,0.04609757569733686,14637.355343646826,False,0.9998119469046622,0.9987934073795806,0.9968188664941517,0.9939930182061751,0.9904505610992553,0.9863155675414278,0.9816939640556045,0.9766741090258567,0.9713292425695372,0.9657200822832855,0.9598971034142247,0.9539024243026631
42,Zone 2,15,28,Unmarried,0,29,High school degree,No,Female,No,No,Yes,Plus service,No,0,0.8637497894320298,0.13625021056797015,13994.123892026968,False,0.9985095375372584,0.9928056908221372,0.9838990128269304,0.9728932149854208,0.9605400461276753,0.947341799676913,0.9336392611460409,0.9196677587063998,0.9055921754991757,0.8915292321179502,0.8775620312131687,0.8637497894320298
43,Zone 2,27,28,Married,4,23,High school degree,No,Male,No,No,No,Basic service,No,0,0.827334671460403,0.17266532853959704,13707.496022366982,False,0.9975691750986861,0.9890982758316061,0.9766083579599851,0.9617602603510241,0.9455713113392127,0.9286718978385189,0.9114628949569479,0.8942045232359416,0.8770678377383607,0.8601657102493023,0.8435721412177064,0.827334671460403
44,Zone 1,9,36,Married,14,62,College degree,No,Male,Yes,Yes,No,Total service,Yes,1,0.8978245535223419,0.10217544647765808,14249.257318332757,False,0.9991599446018247,0.9955950278480404,0.9896613327683662,0.9820057145752696,0.9731294791816036,0.9633965654006426,0.9530707773075253,0.9423452938215364,0.9313632331484374,0.9202317365161536,0.9090316925643458,0.8978245535223419
45,Zone 1,64,43,Married,20,76,College degree,No,Female,No,No,No,Plus service,No,0,0.9937193941193039,0.006280605880696122,14878.331104554034,False,0.9999937405261504,0.999939984487384,0.9998003492805578,0.9995559637916467,0.9991992633179266,0.9987288427822058,0.9981466883868884,0.9974566456810977,0.996663541955947,0.9957726700973432,0.9947894801432298,0.9937193941193039
46,Zone 1,65,41,Married,3,74,College degree,No,Male,Yes,Yes,No,E-service,No,0,0.8559950138313479,0.1440049861686521,13934.258843403006,False,0.9983315785063215,0.9920801209811192,0.9824442118405209,0.9706411423743291,0.9574799545579726,0.9434922101701367,0.9290335289077025,0.9143463142591758,0.8995982265485809,0.8849063466464125,0.8703527819378221,0.8559950138313479
47,Zone 1,49,51,Married,27,63,College degree,No,Male,No,Yes,No,E-service,No,0,0.9931238198347937,0.006876180165206303,14875.1166752005,False,0.9999927464764657,0.9999315650272989,0.9997744586071817,0.9995016759350093,0.9991059225296302,0.9985865219452775,0.9979463494792251,0.9971901663969356,0.9963236817665071,0.9953530103042936,0.9942843547569759,0.9931238198347937
48,Zone 3,47,41,Married,0,36,College degree,No,Male,No,Yes,No,Total service,Yes,1,0.9041393844099437,0.09586061559005632,14295.055495990839,False,0.9992582187270599,0.9960415544349506,0.9906152133738164,0.9835502591035669,0.9753026775906122,0.9662094724578202,0.9565182708681166,0.9464125218421826,0.9360295826012341,0.9254733315771391,0.9148229924881189,0.9041393844099437
49,Zone 3,9,34,Married,9,33,High school degree,No,Female,No,No,No,Basic service,Yes,1,0.8982274518968218,0.10177254810317815,14252.193736275154,False,0.9991664144585402,0.9956241698794194,0.9897232694067384,0.9821056402382646,0.9732696802199015,0.9635776183248841,0.9532922427712017,0.9426061290899972,0.9316620441305574,0.92056693523202,0.9094015970767294,0.8982274518968218
50,Zone 1,5,36,Unmarried,14,29,High school degree,No,Female,No,Yes,Yes,Plus service,Yes,1,0.8723791876614546,0.1276208123385454,14059.972506419812,False,0.9986941294055535,0.9935731926355256,0.9854556318943148,0.9753225888607929,0.9638619529753555,0.9515423614467742,0.9386868699938395,0.9255218219293515,0.9122080672621389,0.8988611485949671,0.8855646435522333,0.8723791876614546
51,Zone 2,30,34,Married,4,27,High school degree,No,Male,No,Yes,No,Basic service,Yes,1,0.6832570274685053,0.31674297253149475,12442.784166863656,True,0.9905931446842138,0.9661437821169827,0.935920011900512,0.9039905310989496,0.8721244909003085,0.8411298019702038,0.8113709626660701,0.7829937312671371,0.7560316908821747,0.7304601637613088,0.706224769401978,0.6832570274685053
52,Zone 1,56,52,Married,28,49,High school degree,No,Male,No,No,No,E-service,No,0,0.999203089403178,0.0007969105968219647,14906.483410300541,False,0.9999997540053286,0.9999967144009341,0.9999867486600807,0.9999662370319927,0.9999323758631605,0.9998830721838343,0.9998167974811336,0.9997324616214469,0.9996293135678714,0.9995068650240316,0.9993648319189,0.999203089403178
53,Zone 3,10,22,Unmarried,0,24,College degree,No,Male,Yes,Yes,Yes,Total service,No,0,0.5366341461189656,0.46336585388103435,10936.870444642349,True,0.9752542702066017,0.9253554803527828,0.872132499737925,0.8211512444348958,0.7738610277815372,0.7304728147802487,0.6907901016852571,0.6544915126997396,0.6212349748472161,0.5906964248464166,0.5625827297801332,0.5366341461189656
54,Zone 1,7,26,Married,3,26,High school degree,No,Male,No,No,No,Basic service,No,0,0.8039789198993219,0.1960210801006781,13516.468844694758,False,0.9968168713445231,0.9863083296340525,0.9713156887537262,0.9538824356934008,0.9351878281870809,0.9159301116452458,0.8965351951559615,0.8772679815460007,0.8582944435558246,0.8397178546786599,0.8216007876943824,0.8039789198993219
55,Zone 1,52,27,Unmarried,6,47,Some college,No,Male,No,No,No,Basic service,No,0,0.7400201031411182,0.2599798968588818,12965.562009124433,True,0.9940615857772453,0.9768964756644543,0.954292400751456,0.9293829763266352,0.9037249998946002,0.8781307755927527,0.8530353818661378,0.8286706436368481,0.8051538863227026,0.7825359808450327,0.7608285777682725,0.7400201031411182
56,Zone 2,36,45,Married,1,94,High school degree,No,Female,No,Yes,No,Basic service,Yes,1,0.7534096449870863,0.2465903550129137,13084.230404620139,False,0.9947306569167371,0.979092080779891,0.9581697275305978,0.9348680878620457,0.910675080521685,0.8863887667358885,0.8624498269606868,0.8391026054092005,0.8164787182954332,0.7946430147132332,0.773620011160575,0.7534096449870863
57,Zone 3,27,34,Unmarried,8,21,Some college,No,Female,No,No,No,E-service,No,0,0.9530464641425193,0.046953535857480744,14631.783441644056,False,0.9998055575005038,0.998757771557747,0.9967330441890392,0.9938417157533991,0.9902231582647154,0.9860049253238085,0.9812954904228175,0.9761850762935527,0.9707482939323532,0.9650468732969881,0.9591320390544653,0.9530464641425193
58,Zone 1,58,62,Married,36,27,Did not complete high school,No,Male,No,No,No,Basic service,No,0,0.9982482136933827,0.00175178630661732,14901.855202657396,False,0.999999174717778,0.9999902175675951,0.9999631913957931,0.9999107019454151,0.999827791620239,0.9997112805626923,0.9995592429886123,0.9993706374291326,0.999145049412951,0.9988825111073948,0.9985833733480354,0.9982482136933827
59,Zone 2,41,52,Unmarried,27,30,High school degree,No,Female,No,No,Yes,Plus service,No,0,0.9957872022486879,0.004212797751312114,14889.303757343874,False,0.999996710875254,0.9999662046490893,0.9998829677697971,0.9997322351983733,0.9995064654338908,0.9992024670105327,0.9988196795512208,0.9983591466722902,0.9978228868531067,0.9972134985381917,0.9965339073830708,0.9957872022486879
60,Zone 2,47,40,Married,16,127,College degree,No,Female,No,Yes,No,E-service,No,0,0.9643440536504575,0.0356559463495425,14704.250240738631,False,0.9998814760858677,0.9991935834028853,0.9978006555058252,0.9957469273887851,0.9931139114212042,0.9899846456233754,0.986434217079429,0.9825278772566104,0.9783214995451858,0.9738626951333271,0.9691920155984451,0.9643440536504575
61,Zone 2,55,39,Married,15,137,High school degree,No,Female,Yes,No,Yes,Plus service,Yes,1,0.9695611633333263,0.030438836666673685,14736.867592062574,False,0.9999104327958079,0.9993689751372575,0.9982439643030302,0.9965557448591459,0.9943623359544095,0.9917275653406595,0.9887114601961249,0.9853675837596491,0.9817427406745921,0.9778774866913346,0.9738068665555609,0.9695611633333263
62,Zone 2,56,50,Married,1,80,High school degree,No,Female,Yes,No,Yes,Total service,No,0,0.9693693622402253,0.030630637759774704,14735.678794303049,False,0.9999094361712079,0.9993628255783429,0.9982282524041157,0.9965268587921613,0.9943174855802273,0.9916646474962271,0.9886289186665336,0.9852642921738053,0.9816179098695276,0.9777305925579819,0.9736375939353376,0.9693693622402253
63,Zone 3,35,55,Unmarried,24,30,High school degree,No,Male,No,No,No,Basic service,No,0,0.9773141110412997,0.022685888958700273,14784.19902738871,False,0.9999463730300995,0.9995978067507142,0.9988395474322354,0.997665278414788,0.9961028910614833,0.9941899714006532,0.9919650653247337,0.9894644761537251,0.9867212052258281,0.9837647648743778,0.9806213451273773,0.9773141110412997
64,Zone 2,69,51,Married,11,438,College degree,No,Female,No,Yes,No,Total service,No,0,0.9736845335628654,0.02631546643713456,14762.22168819519,False,0.9999306043563305,0.9994955381997234,0.998570517590395,0.9971603143740493,0.9953061376703275,0.9930574601185326,0.9904627129903729,0.9875662399899761,0.9844075395248951,0.9810213705531465,0.9774381667728813,0.9736845335628654
65,Zone 2,44,39,Unmarried,16,79,High school degree,No,Male,No,Yes,Yes,Total service,Yes,1,0.9235304531893217,0.0764695468106783,14432.560139503054,False,0.9995193286214853,0.9972763274277715,0.9933157484197565,0.9879969107657581,0.9816412689004407,0.9745019530955316,0.9667738317075258,0.9586069541055463,0.9501175991708338,0.9413965755215628,0.9325153312717859,0.9235304531893217
66,Zone 3,36,47,Married,16,63,Did not complete high school,No,Male,No,No,No,Basic service,No,0,0.9684242835592296,0.031575716440770396,14729.809304866458,False,0.9999044497135012,0.9993321883774461,0.998150170707782,0.996383560890663,0.9940952973272755,0.991353302634794,0.9882208543798007,0.9847540640676276,0.9810017311761876,0.9770059763492878,0.9728030756326889,0.9684242835592296
67,Zone 3,28,51,Married,22,40,Some college,No,Female,No,No,Yes,Plus service,No,0,0.9973028933497294,0.0026971066502705643,14897.117183428369,False,0.9999983791055667,0.9999820649345066,0.9999351612631174,0.9998470796898211,0.9997114593706448,0.9995247524959029,0.9992852611518843,0.9989925122159411,0.9986468483039224,0.9982491553785247,0.9978006781888192,0.9973028933497294
68,Zone 1,72,67,Married,44,51,Did not complete high school,Yes,Male,No,No,Yes,Plus service,No,0,0.9999586380970003,4.136190299974807e-05,14909.918427472825,False,0.9999999968528458,0.999999937646442,0.9999996836204488,0.9999990518488161,0.9999978469573463,0.9999958762186464,0.9999929565509948,0.9999889175621289,0.9999836025927377,0.999976868730603,0.9999685862999598,0.9999586380970003
69,Zone 1,16,27,Unmarried,5,37,Some college,No,Male,No,No,No,Basic service,No,0,0.7294464209086611,0.2705535790913389,12870.602090907887,True,0.9934953613325385,0.9750738572138165,0.9511098763149788,0.9249167040588939,0.8981009424635582,0.8714822115275891,0.8454882444193272,0.8203388805590995,0.796138662216323,0.7729263523578624,0.7507026761092154,0.7294464209086611
70,Zone 3,3,43,Unmarried,19,61,College degree,No,Female,No,Yes,No,Basic service,Yes,1,0.8088092522602606,0.19119074773973943,13556.427445789555,False,0.9969826718003975,0.9869125300912953,0.9724501149655238,0.955558580142662,0.9373844751000472,0.9186130401599237,0.899665915672122,0.8808077666811472,0.8622061863764173,0.8439668721945286,0.8261550975360834,0.8088092522602606
71,Zone 1,40,57,Married,15,22,High school degree,No,Male,No,No,No,Basic service,No,0,0.982282109999518,0.01771789000048196,14813.703394780056,False,0.9999649165028005,0.9997232499477041,0.9991778028672055,0.9983114346311194,0.9971364348920508,0.9956755506468818,0.9939544908183984,0.9919988021779811,0.9898325756994543,0.9874779681242505,0.9849550975964442,0.982282109999518
72,Zone 3,16,39,Unmarried,6,44,College degree,No,Female,No,Yes,No,E-service,No,0,0.8677879339810954,0.13221206601890456,14025.039523158324,False,0.9985976554033493,0.993170053847168,0.9846356090655424,0.9740401533394969,0.9621055527056119,0.9493184868952634,0.9360116021966072,0.9224161673291764,0.9086953021322133,0.8949652788054481,0.8813095064090946,0.8677879339810954
73,Zone 1,20,42,Unmarried,4,17,Some college,No,Male,No,No,No,Basic service,No,0,0.8401568076076332,0.15984319239236677,13810.004212139203,False,0.997931213296486,0.9904913634227503,0.979308621810752,0.9658412034553202,0.9510141868999205,0.9354156910434399,0.9194282572283119,0.9033057670797251,0.8872190840379524,0.871284021808336,0.855579046227174,0.8401568076076332
74,Zone 2,48,43,Unmarried,13,110,Post-undergraduate degree,No,Female,Yes,Yes,No,E-service,No,0,0.8651184036022865,0.13488159639771347,14004.621782139391,False,0.9985397479572096,0.9929302105318205,0.9841502705241825,0.9732839225629103,0.9610727892700323,0.9480138998464008,0.9344453126325546,0.9206010086372367,0.9066452977721884,0.8926947688120415,0.8788326446900667,0.8651184036022865
75,Zone 2,64,48,Married,13,91,High school degree,No,Male,No,No,Yes,Plus service,No,0,0.991998394204696,0.008001605795303957,14868.985588340698,False,0.9999907063381455,0.9999146798771674,0.9997232308528736,0.9993952832291173,0.9989243451501972,0.9983113334713657,0.9975609548071036,0.9966798019489463,0.9956753142422499,0.9945551962768041,0.9933270903588217,0.991998394204696
76,Zone 1,8,46,Unmarried,3,46,High school degree,No,Male,No,Yes,No,Basic service,No,0,0.6702047130337068,0.32979528696629323,12318.01156486086,True,0.9896346695457746,0.9633186893455251,0.931234769431351,0.8976514016204314,0.864365232755833,0.8321671346804504,0.8013942988040903,0.7721651495228752,0.7444888720656343,0.7183198983632225,0.6935862514441973,0.6702047130337068
77,Zone 1,40,38,Married,10,85,Some college,No,Male,No,No,Yes,Plus service,Yes,1,0.9790520056804275,0.020947994319572505,14794.600028625966,False,0.9999532613955322,0.9996436435973801,0.9989619479314243,0.9978974752383373,0.9964722890764953,0.9947185770753931,0.9926702895537264,0.9903599250492917,0.9878173643793965,0.9850695663790215,0.982140630182256,0.9790520056804275
78,Zone 2,38,71,Unmarried,27,10,High school degree,Yes,Male,No,No,No,Basic service,No,0,0.994488582268198,0.005511417731801971,14882.448791696444,False,0.999994934295568,0.9999503024312273,0.999832456508912,0.9996238558122865,0.9993167598400299,0.9989089542072767,0.9984013711325739,0.9977967382802919,0.997098786584421,0.9963117734115182,0.9954401903114742,0.994488582268198
79,Zone 1,67,68,Unmarried,28,244,Did not complete high school,No,Female,Yes,No,Yes,Plus service,No,0,0.9971232818465883,0.002876718153411728,14896.20380511056,False,0.999998205692586,0.9999803538278895,0.9999294078212345,0.9998342265600463,0.9996882467308713,0.9994879088362545,0.9992316067223188,0.9989190139541125,0.9985506470778259,0.9981275771161388,0.9976512355456408,0.9971232818465883
80,Zone 1,26,42,Unmarried,0,80,College degree,No,Female,Yes,Yes,Yes,Total service,No,0,0.7411619975805844,0.25883800241941557,12975.75119041993,True,0.9941207047483827,0.9770885798591388,0.9546296943733281,0.9298581790915484,0.9043252039130831,0.878842072595045,0.8538445017223634,0.8295654997307893,0.8061236938010293,0.7835712064478261,0.7619208282104664,0.7411619975805844
81,Zone 3,41,34,Married,15,83,Post-undergraduate degree,No,Female,Yes,Yes,Yes,Total service,No,0,0.8936220617377699,0.10637793826223008,14218.513077977084,False,0.9990908171720192,0.9952857453381498,0.9890065799093422,0.9809523040676587,0.9716546743161668,0.9614953843754709,0.9507486978191032,0.9396139443862781,0.9282377755764338,0.9167292399311198,0.9051701078939101,0.8936220617377699
82,Zone 2,2,31,Unmarried,2,21,Did not complete high school,No,Male,No,No,No,Basic service,Yes,1,0.7341231313762937,0.2658768686237063,12912.738560316717,True,0.9937500227847734,0.9758897927424763,0.9525307306965206,0.9269068387622519,0.9006032118588754,0.8744366709488658,0.8488385187475245,0.8240341243617675,0.8001338459349974,0.7771819166252381,0.7551839755368339,0.7341231313762937
83,Zone 3,20,48,Married,29,24,High school degree,No,Male,Yes,No,Yes,Total service,Yes,1,0.9967320046118074,0.003267995388192557,14894.201529363383,False,0.999997804705921,0.9999764626184895,0.9999164507848597,0.9998054798205491,0.9996366074541626,0.999406303141742,0.9991132046452168,0.9987573393115776,0.9983396284704159,0.9978615653371428,0.997325001714566,0.9967320046118074
84,Zone 2,31,53,Unmarried,2,351,Some college,No,Female,No,No,Yes,Plus service,No,0,0.9682429882980507,0.031757011701949334,14728.681128031552,False,0.9999034787688933,0.9993262475762887,0.9981350668563825,0.9963558897125139,0.994052449730948,0.9912933275262809,0.9881423208067681,0.9846559474979905,0.9808833242941458,0.9768668200037762,0.9726429054153061,0.9682429882980507
85,Zone 2,45,52,Married,4,169,College degree,No,Female,No,Yes,No,E-service,No,0,0.9598767404258659,0.040123259574134096,14675.880836619683,False,0.9998536254462431,0.9990302618596424,0.9973956027991127,0.9950177842874695,0.9920001556425414,0.9884429506220708,0.9844343759788805,0.9800496388968049,0.9753521824971457,0.9703953949911932,0.9652242517829878,0.9598767404258659
86,Zone 2,33,27,Married,7,46,High school degree,No,Male,No,No,No,Basic service,No,0,0.8444077144507589,0.1555922855492411,13843.612594936925,False,0.998043647617017,0.9909319874259563,0.9801718645263273,0.9671557394492958,0.9527777290079948,0.9376112227625885,0.9220319918730661,0.9062912314391939,0.8905592687883641,0.8749525178595061,0.8595506291917574,0.8444077144507589
87,Zone 1,10,26,Unmarried,6,34,Some college,No,Male,No,No,No,E-service,No,0,0.9175247963076786,0.08247520369232142,14390.493691916266,False,0.9994448778589659,0.996915894980529,0.9925166765653534,0.9866685168082352,0.9797336323846011,0.9719912287589284,0.9636529674312344,0.9548797928218095,0.9457950570703874,0.9364941163314465,0.9270512689286415,0.9175247963076786
88,Zone 2,62,54,Married,2,50,College degree,No,Male,Yes,Yes,Yes,Total service,Yes,1,0.9164398899219162,0.08356011007808384,14382.843640055833,False,0.9994308224062851,0.9968486778616522,0.9923687239237353,0.986423809210198,0.9793836104981347,0.9715320400060135,0.9630837524383484,0.9542016088527174,0.9450101871431762,0.9356056167007322,0.9260626676571512,0.9164398899219162
89,Zone 2,4,35,Unmarried,16,161,Post-undergraduate degree,No,Female,Yes,Yes,Yes,Total service,Yes,1,0.8337212373114495,0.16627876268855046,13758.766132086825,False,0.9977538572811129,0.98980424173829,0.9779714533580071,0.9638146403531036,0.9483054192625134,0.9320535400999164,0.915451142202158,0.8987556208519711,0.8821382024013993,0.8657134347102131,0.84955770785451,0.8337212373114495
90,Zone 1,42,47,Married,17,212,College degree,No,Male,No,No,Yes,Plus service,No,0,0.9939662562883567,0.006033743711643336,14879.656914952198,False,0.9999941348265806,0.9999433654610999,0.9998108210436176,0.9995780331818628,0.9992373587794243,0.9987871161577805,0.9982289410842407,0.9975663118995866,0.9968036984377849,0.9959460577786023,0.9949985304539888,0.9939662562883567
91,Zone 3,27,51,Married,3,80,Post-undergraduate degree,No,Male,No,Yes,No,E-service,No,0,0.954413373627767,0.045586626372232986,14640.675286316158,False,0.9998157108396376,0.998814477692943,0.9968697200759495,0.9940828090727777,0.9905856742704787,0.9865003171579125,0.981931144454912,0.9769653990541017,0.9716754987324664,0.9661215522448621,0.9603535829101042,0.954413373627767
92,Zone 2,38,42,Unmarried,1,30,College degree,No,Female,No,No,No,Basic service,No,0,0.8154869824716842,0.18451301752831584,13611.2824064348,False,0.9972029872316861,0.9877242984740813,0.9739841377214529,0.9578355507116983,0.9403791554869263,0.9222813102129901,0.9039569663680871,0.8856698318141013,0.867589252900898,0.8498239043751556,0.8324425071993182,0.8154869824716842
93,Zone 3,52,61,Married,3,53,Post-undergraduate degree,No,Female,Yes,Yes,No,E-service,No,0,0.9471117416694842,0.0528882583305158,14592.808699086316,False,0.9997583516320141,0.9984991377280876,0.9961166086561001,0.9927629194396097,0.9886109702190077,0.9838128188955024,0.9784946025753125,0.9727593049085881,0.9666908032607863,0.9603575842346432,0.953815807046719,0.9471117416694842
94,Zone 3,35,33,Unmarried,9,73,Post-undergraduate degree,No,Female,Yes,Yes,Yes,Total service,No,0,0.7541487290608404,0.2458512709391596,13090.729355175798,False,0.9947660763663034,0.9792096818393311,0.9583788291557577,0.9351653316057571,0.9110531274331929,0.8868393339587124,0.8629648218417614,0.8396745398801838,0.8171008308635297,0.7953092706423488,0.7743250535702767,0.7541487290608404
95,Zone 3,3,20,Married,1,17,High school degree,No,Female,No,No,No,Basic service,Yes,1,0.7339790065006254,0.2660209934993746,12911.443238425982,True,0.9937422755084869,0.9758648806706366,0.9524872576601595,0.9268458566222775,0.9005264477826771,0.874345948773507,0.8487355599232642,0.8239204853409746,0.8000109077662885,0.7770508944891069,0.7550459351000633,0.7339790065006254
96,Zone 2,17,33,Unmarried,9,23,Post-undergraduate degree,No,Male,Yes,Yes,No,Total service,Yes,1,0.7541487290608404,0.2458512709391596,13090.729355175798,False,0.9947660763663034,0.9792096818393311,0.9583788291557577,0.9351653316057571,0.9110531274331929,0.8868393339587124,0.8629648218417614,0.8396745398801838,0.8171008308635297,0.7953092706423488,0.7743250535702767,0.7541487290608404
97,Zone 1,55,53,Married,21,34,Did not complete high school,No,Male,No,No,Yes,Plus service,No,0,0.9974898478450553,0.002510152154944656,14898.063795272872,False,0.9999985522991399,0.9999837936894959,0.9999410133801493,0.9998602159715126,0.9997352716107877,0.9995626626710469,0.9993406104899335,0.9990685008769559,0.9987465043013107,0.9983753207388049,0.9979560053841103,0.9974898478450553
98,Zone 3,43,36,Married,5,107,Did not complete high school,No,Female,No,No,No,E-service,Yes,1,0.9756321692239925,0.02436783077600746,14774.056330100913,False,0.9999392977516278,0.9995515008069473,0.9987170887889509,0.99743456597847,0.9957378105467566,0.9936698201183217,0.991273677509578,0.9885893990213407,0.9856530018903746,0.9824964452140936,0.9791479066222586,0.9756321692239925
99,Zone 2,47,25,Married,5,21,Did not complete high school,No,Female,No,No,Yes,Plus service,Yes,1,0.9347940600164911,0.06520593998350888,14510.121984450316,False,0.9996439210531444,0.9978988933433717,0.9947218222978785,0.9903654427107914,0.9850776294352175,0.9790627701292782,0.9724833481264323,0.965467733332529,0.9581176347515523,0.9505140958278776,0.9427220987396462,0.9347940600164911
100,Zone 3,65,58,Unmarried,30,83,High school degree,No,Female,No,No,No,E-service,No,0,0.9988595917803728,0.0011404082196272425,14904.842091183824,False,0.99999957467717,0.9999946145345219,0.9999789435005331,0.9999475139825342,0.9998966417312292,0.9998237343503862,0.9997270214463132,0.9996053446578771,0.9994580018917824,0.9992846325856914,0.9990851327883876,0.9988595917803728
101,Zone 1,13,20,Unmarried,1,17,Some college,No,Male,No,Yes,Yes,Total service,No,0,0.6620207770007206,0.3379792229992794,12238.892877801823,True,0.9889997752892751,0.9614757458188188,0.9282056054544134,0.8935789150702333,0.8594049328431621,0.8264605797303666,0.7950637526497935,0.7653143021445483,0.7372051637364198,0.7106770366340335,0.6856464876830584,0.6620207770007206
102,Zone 3,64,25,Married,4,76,Some college,No,Female,No,No,Yes,Plus service,No,0,0.9305916472326564,0.06940835276734358,14481.393076329845,False,0.9995997003681841,0.997674792426946,0.9942115262899435,0.9895008649070506,0.983817647820854,0.977384393985845,0.970375789350719,0.9629284754201661,0.9551497945104994,0.9471246236463549,0.9389205318169183,0.9305916472326564
103,Zone 2,12,24,Unmarried,2,19,Did not complete high school,No,Male,No,No,Yes,Plus service,Yes,1,0.8533392937250599,0.1466607062749401,13913.609066269144,False,0.9982679465619024,0.9918237787545593,0.9819338367647713,0.9698550049818175,0.9564158943703224,0.9421578618672384,0.9274413617084999,0.9125110014343287,0.8975352090707425,0.8826310391657477,0.8678801373848288,0.8533392937250599
104,Zone 1,29,32,Married,0,49,College degree,No,Female,No,Yes,No,E-service,Yes,1,0.8566100229042453,0.14338997709575474,13939.03016387832,False,0.9983461171250956,0.99213891077117,0.9825615194924597,0.9708221149427266,0.9577252027314633,0.9438000592728988,0.9294011666457773,0.9147704019538367,0.9000752344225538,0.8854327401865965,0.870925124835625,0.8566100229042453
105,Zone 2,23,47,Unmarried,21,173,Some college,No,Female,No,No,No,E-service,No,0,0.9929626804722206,0.007037319527779418,14874.243272214006,False,0.9999924672454541,0.9999292245292385,0.9997673052128366,0.99948674160955,0.9990803313433341,0.9985476093175562,0.9978917014000224,0.9971176233775881,0.9962313272308427,0.9952391525852889,0.9941475070919132,0.9929626804722206
106,Zone 2,14,35,Unmarried,4,47,Some college,No,Female,No,No,Yes,E-service,Yes,1,0.9422350110019724,0.05776498899802762,14560.35178522415,False,0.9997157265378385,0.9982716528351101,0.9955826856956111,0.991838667063293,0.9872413862112193,0.9819634298634494,0.9761454037032954,0.9699005336885246,0.9633199883743585,0.9564774622376007,0.9494328329026849,0.9422350110019724
107,Zone 1,35,61,Unmarried,23,41,High school degree,No,Male,No,No,No,Basic service,No,0,0.9836364701793789,0.01636352982062106,14821.618555863217,False,0.9999693553958284,0.9997543959040589,0.9992635936269529,0.9984778030228392,0.9974056640902874,0.9960662262270406,0.9944818816957763,0.9926753244891,0.990668231968465,0.9884807317137444,0.9861312389872876,0.9836364701793789
108,Zone 3,26,39,Unmarried,8,105,Some college,No,Female,Yes,No,Yes,Total service,No,0,0.9271901567332377,0.07280984326676232,14457.955732521637,False,0.999561941078122,0.9974862678206406,0.9937859693571502,0.9887843083786501,0.9827783877262134,0.9760054571612145,0.9686499792243563,0.9608551328510738,0.952732648487534,0.9443703399253784,0.9358377170867055,0.9271901567332377
109,Zone 1,13,54,Unmarried,2,31,College degree,No,Male,Yes,Yes,No,Basic service,No,0,0.6106232923984376,0.3893767076015624,11726.061802902941,True,0.984353212569201,0.9485583810284111,0.9074999429437729,0.866230457880136,0.8265473829120243,0.7890790628454643,0.7539830367446654,0.7212173284750083,0.6906565390487078,0.6621445476750238,0.6355191137376781,0.6106232923984376
110,Zone 2,69,40,Married,13,41,High school degree,No,Male,No,No,No,E-service,No,0,0.990359008052057,0.00964099194794299,14859.934407836417,False,0.9999873669590895,0.9998879274648382,0.9996435974801435,0.9992321138097883,0.9986487680842633,0.9978972395437294,0.9969852018215002,0.9959221090547168,0.9947180377272542,0.9933830701162294,0.9919269681583679,0.990359008052057
111,Zone 3,61,50,Married,30,102,College degree,No,Female,No,Yes,No,E-service,No,0,0.9943409686423856,0.005659031357614364,14881.661670380869,False,0.9999947131909522,0.9999483722561024,0.9998264152457151,0.9996110287125263,0.9992944900167131,0.998874727850269,0.9983528678341086,0.9977318459928838,0.997015599547027,0.9962085820175942,0.9953154674745762,0.9943409686423856
112,Zone 2,45,22,Married,2,36,College degree,No,Female,No,No,No,E-service,Yes,1,0.9313090636948905,0.06869093630510947,14486.31547558863,False,0.9996074388417714,0.9977137404781548,0.9942998570415212,0.9896500922669149,0.9840346386624694,0.9776729136939596,0.9707375293662462,0.9633637301248126,0.9556579131190361,0.9477043170257884,0.9395700840977301,0.9313090636948905
113,Zone 2,3,37,Unmarried,13,24,Did not complete high school,No,Female,Yes,No,No,Basic service,No,0,0.7874232480188199,0.2125767519811801,13377.746132372731,False,0.9962061725691889,0.9841273085717479,0.9672685928311772,0.9479523861039924,0.927466311852267,0.9065488268938358,0.8856367700877972,0.8649929545174989,0.8447755758002655,0.825077911570034,0.8059519989767324,0.7874232480188199
114,Zone 2,53,22,Unmarried,1,25,College degree,No,Male,No,Yes,No,E-service,No,0,0.6854266833107909,0.31457331668920907,12463.357652323284,True,0.9907462194461978,0.9666000501308162,0.9366816683048013,0.9050258373364962,0.8733962904724596,0.8426031616698139,0.813015078855001,0.7847820709445279,0.7579415940854786,0.7324723204629046,0.7083227121224351,0.6854266833107909
115,Zone 1,59,42,Unmarried,1,68,High school degree,No,Female,No,No,Yes,Plus service,No,0,0.9355019159406177,0.06449808405938229,14514.935908736601,False,0.9996511074613852,0.9979356793981948,0.9948060788277917,0.9905087891334404,0.9852872061660266,0.979342673457018,0.9728356068049708,0.9658929622794934,0.9586154771254382,0.9510835266194052,0.9433616364052627,0.9355019159406177
116,Zone 1,13,34,Unmarried,11,20,Some college,No,Female,No,Yes,No,Basic service,No,0,0.6426816867855794,0.35731831321442065,12049.189408747377,True,0.987389854674323,0.9568938756293012,0.9207608698878339,0.8836514093123311,0.8473894688535601,0.8127086662884555,0.7798745611391142,0.7489387268034197,0.7198528314013127,0.6925232386394031,0.6668382060988278,0.6426816867855794
117,Zone 3,31,31,Unmarried,4,48,Did not complete high school,No,Male,No,No,Yes,Plus service,No,0,0.9048411367512427,0.09515886324875733,14300.11489511502,False,0.9992687297599416,0.9960898275108363,0.9907189821403688,0.9837190296771048,0.9755409568586741,0.9665187576832178,0.9568982287422527,0.9468617020964948,0.9365458612547104,0.926054192375003,0.915465708558938,0.9048411367512427
118,Zone 1,40,29,Married,6,40,High school degree,No,Female,No,No,Yes,Plus service,No,0,0.9511129919047616,0.04888700809523838,14619.1509328289,False,0.9997907371643863,0.9986757233490394,0.9965362995090224,0.9934959230098195,0.9897046779871324,0.9852980340695405,0.9803902205084509,0.9750756502207166,0.969431999327425,0.9635232494756704,0.9574022829623011,0.9511129919047616
119,Zone 1,48,55,Unmarried,15,79,Did not complete high school,No,Male,No,No,Yes,Plus service,No,0,0.9901115665326377,0.009888433467362345,14858.556878824793,False,0.9999868258979665,0.9998836772176698,0.9996310909796664,0.9992066973570187,0.9986061151456249,0.9978334810950569,0.9968969434556463,0.9958064049983316,0.9945723498763013,0.9932052238651836,0.9917151099464756,0.9901115665326377
120,Zone 3,3,31,Unmarried,1,28,Did not complete high school,No,Male,No,Yes,Yes,Basic service,Yes,1,0.48393185661007027,0.5160681433899297,10334.57183574557,True,0.9665308337395385,0.9048685675055321,0.8423791714948434,0.7845100427598848,0.7321661137672045,0.6850963912579935,0.6427599175448793,0.6045838372107569,0.5700417680905276,0.5386731031749238,0.5100822963406209,0.48393185661007027
121,Zone 2,51,48,Unmarried,12,64,High school degree,No,Female,No,No,No,Basic service,No,0,0.9221578733244595,0.07784212667554047,14422.988434696059,False,0.9995028111246813,0.99719569350717,0.9931361140355223,0.9876972539098213,0.98120979977366,0.9739328419403139,0.9660651189827364,0.9577592123850817,0.9491330605178235,0.9402785513957611,0.9312678204610577,0.9221578733244595
122,Zone 3,33,41,Unmarried,15,37,High school degree,No,Male,No,No,No,Basic service,No,0,0.9069657542567777,0.09303424574322228,14315.395566595616,False,0.9993000579664137,0.996234335539836,0.9910304146255393,0.9842264665387344,0.976258392510008,0.9674510573705344,0.9580446767204158,0.9482181578653845,0.9381061037234159,0.9278107763356875,0.9174105195173383,0.9069657542567777
123,Zone 3,14,47,Married,7,48,Did not complete high school,No,Male,No,No,No,Basic service,No,0,0.9415260382562244,0.058473961743775615,14555.60210797151,False,0.9997092390562532,0.9982374680060269,0.9955030484737146,0.9917015400355152,0.9870390232312674,0.9816910928733065,0.9758004511842275,0.9694817930722096,0.962827322117032,0.9559114640578957,0.9487946122562344,0.9415260382562244
124,Zone 1,17,42,Married,6,131,Post-undergraduate degree,No,Male,No,Yes,No,E-service,Yes,1,0.9377683126891712,0.06223168731082884,14530.299300984794,False,0.9996736117846184,0.9980515895875612,0.9950725275123724,0.9909632668172351,0.9859529919472242,0.9802333235441949,0.9739580365857269,0.9672495216322007,0.9602053605382351,0.9529037455818113,0.9454076998705054,0.9377683126891712
125,Zone 3,19,29,Married,9,18,High school degree,No,Male,No,Yes,Yes,Basic service,Yes,1,0.6912587290952217,0.3087412709047783,12518.424229360084,True,0.9911490937661852,0.9678079732042021,0.9387050274988507,0.9077828811113997,0.8767895471406013,0.8465402903503993,0.817414264467762,0.7895725918440037,0.7630628793201836,0.7378726278182419,0.7139578209646262,0.6912587290952217
126,Zone 2,58,36,Unmarried,10,38,High school degree,No,Female,No,No,No,E-service,No,0,0.963686803595908,0.03631319640409203,14700.101057163658,False,0.9998775557416313,0.9991703065929061,0.9977425078900513,0.9956417177790987,0.9929525673645866,0.9897605853165284,0.9861427785063679,0.9821658676898414,0.9778868520654864,0.973354208366616,0.9686091558687315,0.963686803595908
127,Zone 3,22,23,Unmarried,3,37,High school degree,No,Female,Yes,Yes,No,Total service,No,0,0.5857047504828797,0.41429524951712027,11467.218770466634,True,0.9816409739272878,0.9413958092855701,0.8963602743651776,0.851829776605721,0.8095324943594253,0.7699844456485173,0.7332404867307415,0.6991743604282127,0.6675935610711029,0.6382889029604721,0.6110561073593547,0.5857047504828797
128,Zone 2,29,31,Married,1,60,College degree,No,Male,No,Yes,No,E-service,Yes,1,0.8576298337713636,0.1423701662286364,13946.933067562317,False,0.9983700625137348,0.9922359216415242,0.9827553063930079,0.9711213077309191,0.9581309056408667,0.9443095730380002,0.930009890728488,0.9154728497433661,0.9008655913782462,0.8863051749074691,0.8718739614996478,0.8576298337713636
129,Zone 3,14,22,Married,2,13,Some college,No,Female,No,Yes,No,E-service,Yes,1,0.802965239845884,0.19703476015411603,13508.053577460001,False,0.9967813805418798,0.9861797079215177,0.9710749721428735,0.9535275856244815,0.9347236117394302,0.9153639539552714,0.8958753559204742,0.8765227218416254,0.8574716470071351,0.8388248676770544,0.8206443681334596,0.802965239845884
130,Zone 2,70,64,Married,18,98,Did not complete high school,No,Female,Yes,No,Yes,Total service,No,0,0.9975124308264547,0.002487569173545312,14898.177845863594,False,0.9999985727078041,0.9999839988176006,0.999941710588204,0.9998617854950989,0.9997381230328056,0.9995672105174719,0.9993472606030229,0.9990776429064233,0.9987585077558582,0.998390533152274,0.9979747517522704,0.9975124308264547
131,Zone 1,62,52,Married,2,195,Did not complete high school,No,Male,No,No,Yes,Plus service,Yes,1,0.984802008370956,0.015197991629044005,14828.382073349425,False,0.9999729612760385,0.9997801075239624,0.9993350855721939,0.9986173717646899,0.9976326972580086,0.9963970688995993,0.9949301023626194,0.9932520743111101,0.9913825971851943,0.9893400483102037,0.9871413633803988,0.984802008370956
132,Zone 2,7,35,Married,0,47,Did not complete high school,No,Male,No,No,No,Basic service,Yes,1,0.8434778825749571,0.15652211742504285,13836.277312936034,False,0.9980193708190651,0.9908365024648693,0.9799843999091604,0.9668698417216065,0.9523937307001887,0.9371327075032713,0.9214640531414706,0.9056395751540616,0.8898297383459581,0.8741508415163292,0.8586822888772557,0.8434778825749571
133,Zone 1,56,47,Married,19,65,High school degree,No,Male,Yes,No,Yes,Total service,No,0,0.9910861819234793,0.008913818076520696,14863.96577540061,False,0.9999889011435008,0.9999000996615848,0.9996796240706968,0.9993056330058826,0.9987725424317099,0.9980827466366385,0.9972425634778869,0.9962601528157882,0.9951444067526967,0.9939043456531768,0.9925487891986957,0.9910861819234793
134,Zone 1,50,50,Married,22,150,Post-undergraduate degree,No,Female,Yes,Yes,Yes,E-service,Yes,1,0.972905546044357,0.027094453955643027,14757.46224427409,False,0.9999269772547568,0.9994724621138841,0.9985104940320961,0.9970485513480359,0.9951308888703938,0.9928096270071007,0.9901353614822597,0.9871541730845806,0.9839069479536069,0.9804295541918674,0.9767533139383244,0.972905546044357
135,Zone 2,57,39,Unmarried,6,106,Post-undergraduate degree,No,Male,No,No,Yes,Plus service,No,0,0.9447740244011482,0.055225975598851784,14577.297230431293,False,0.9997383533244173,0.9983917627759409,0.9958637042098357,0.9923240359828412,0.987959365949939,0.9829315549948965,0.9773736848852536,0.9713936784353887,0.9650789452867304,0.9585005072624455,0.951716343456035,0.9447740244011482
136,Zone 3,2,40,Unmarried,19,51,College degree,No,Female,Yes,Yes,No,Basic service,No,0,0.6703985834424481,0.32960141655755193,12319.877519868189,True,0.9896493872657262,0.9633616709392369,0.9313056668133074,0.8977469572998491,0.8644818463600334,0.8323015054662304,0.8015435627048746,0.7723268690658289,0.7446609858678164,0.7185006644867094,0.6937741954410996,0.6703985834424481
137,Zone 2,40,38,Unmarried,17,96,College degree,No,Female,No,No,No,Basic service,No,0,0.9038130795754538,0.09618692042454624,14292.700883787886,False,0.9992533035040772,0.9960190163361499,0.9905668097481779,0.9834715865266216,0.9751916599108028,0.966065431938355,0.9563413787697335,0.9462034663810194,0.9357893629770391,0.9252031273590074,0.9145240794201077,0.9038130795754538
138,Zone 2,6,43,Unmarried,4,33,Post-undergraduate degree,No,Male,No,No,Yes,Plus service,No,0,0.9497696604810801,0.050230339518919864,14610.336786941756,False,0.9997801229774649,0.9986174563089049,0.9963972702261827,0.9932524264166607,0.9893405742402797,0.9848027231811965,0.9797571018442074,0.9743010162696657,0.9685142460775019,0.9624623086584462,0.9561992094345327,0.9497696604810801
139,Zone 3,23,25,Married,6,38,High school degree,No,Female,No,No,Yes,Plus service,No,0,0.9387963180780028,0.06120368192199721,14537.242676762065,False,0.9996835666701542,0.9981032232237018,0.9951917071945121,0.9911671408249458,0.9862523295990365,0.9806344972419131,0.974464396718603,0.9678623286379627,0.9609244216009117,0.9537278557263025,0.9463349519579143,0.9387963180780028
140,Zone 3,11,32,Unmarried,6,125,College degree,No,Male,Yes,Yes,Yes,Total service,Yes,1,0.7133000604830825,0.2866999395169175,12723.46426683515,True,0.9925628876499608,0.9721350012041042,0.9460411519236549,0.9178653120647204,0.8892816141562003,0.8611138711963361,0.8337735368739285,0.8074585728553862,0.7822514865601456,0.7581707799130359,0.7351992430617491,0.7133000604830825
141,Zone 1,29,37,Married,13,145,Post-undergraduate degree,No,Female,Yes,Yes,Yes,Total service,No,0,0.8970166160582649,0.10298338394173512,14243.363018076885,False,0.9991468878021876,0.9955363205809384,0.9895366893643033,0.9818047686531677,0.9728477021603648,0.9630328535769939,0.9526260572576607,0.9418216949042705,0.9307635826493943,0.9195592446961152,0.9082897531093761,0.8970166160582649
142,Zone 1,42,44,Married,2,99,High school degree,No,Male,No,No,No,Plus service,No,0,0.9739859961480336,0.026014003851966394,14764.059624903854,False,0.999931985024893,0.9995043627888446,0.9985935333298772,0.9972032513843969,0.9953735644930716,0.9931529292673725,0.990588943050408,0.9877252781567424,0.9846008951769164,0.9812501221624043,0.9777030468469753,0.9739859961480336
143,Zone 1,20,34,Married,2,22,College degree,No,Female,No,Yes,Yes,Total service,No,0,0.8801623373281053,0.11983766267189466,14118.656184501528,False,0.9988488183462217,0.9942296923599235,0.9868031908080684,0.9774436644874162,0.9667815046835039,0.9552541088072447,0.9431674787761887,0.9307388609372083,0.918124610622037,0.9054384922928165,0.892763923158731,0.8801623373281053
144,Zone 2,72,60,Married,21,31,Did not complete high school,Yes,Male,No,No,No,E-service,No,0,0.9991924074089527,0.0008075925910473458,14906.432867367897,False,0.9999997489728614,0.9999966537404706,0.9999865193596766,0.9999656804070661,0.9999313036996303,0.9998812784314094,0.9998140663931628,0.9997285733933475,0.9996240482464082,0.9995000052156102,0.9993561646551585,0.9991924074089527
145,Zone 1,2,36,Unmarried,3,25,Did not complete high school,No,Female,No,No,Yes,Plus service,No,0,0.9216291657876066,0.07837083421239344,14419.294716212647,False,0.9994963703141821,0.9971643583761539,0.9930664456705345,0.9875812013711356,0.981042882043134,0.9737128739477741,0.9657914014956263,0.9574320149333764,0.948753285082109,0.9398475093797951,0.9307870823089422,0.9216291657876066
146,Zone 3,46,25,Unmarried,5,57,Post-undergraduate degree,No,Female,No,Yes,Yes,Basic service,No,0,0.4690297840115333,0.5309702159884667,10157.649047343364,True,0.9636465868562293,0.898381053522449,0.8331937322760983,0.7734011695042223,0.7197019047538075,0.6716872679159297,0.628704665713885,0.590102537309324,0.5552983568878022,0.5237908552861991,0.4951545901963928,0.4690297840115333
147,Zone 2,39,51,Married,21,41,Post-undergraduate degree,No,Male,Yes,Yes,Yes,Total service,No,0,0.9720207043178342,0.02797929568216584,14752.038536675633,False,0.9999227534088397,0.9994457754825717,0.9984413604862236,0.9969201961748153,0.9949300724162221,0.992526154955391,0.9897615139337677,0.9866842065525002,0.9833366914268972,0.9797560887838638,0.975974720189863,0.9720207043178342
148,Zone 3,24,25,Married,1,20,Some college,No,Female,No,Yes,Yes,E-service,Yes,1,0.8168004363056092,0.18319956369439083,13622.018991066783,False,0.9972451252006957,0.9878807787203989,0.9742811980165983,0.9582779125877244,0.9409624149296683,0.9229972287146566,0.9047958832510083,0.8866218124395779,0.8686446406590542,0.8509735767597095,0.8336779802248093,0.8168004363056092
149,Zone 3,59,43,Married,4,101,High school degree,No,Female,No,No,No,E-service,No,0,0.9835323123888235,0.01646768761117645,14821.0119338075,False,0.999969023489495,0.9997520486325093,0.9992570983369673,0.9984651660456475,0.997385162365402,0.9960364150505129,0.9944415681221094,0.9926235333885305,0.9906041733539217,0.9884037718685958,0.9860408758030222,0.9835323123888235
150,Zone 1,65,37,Unmarried,8,56,High school degree,No,Male,No,No,No,E-service,No,0,0.9606589531749258,0.03934104682507422,14680.8761681572,False,0.9998587061752443,0.9990597197816542,0.9974681752767112,0.9951478045429888,0.9921980280923235,0.988716025661526,0.984787696108944,0.9804865094296226,0.9758745976498088,0.9710043555390976,0.9659200032565356,0.9606589531749258
151,Zone 2,50,27,Married,5,22,High school degree,No,Female,No,No,No,Basic service,No,0,0.8284872012365414,0.1715127987634586,13716.779251811107,False,0.9976031513564426,0.9892274597922521,0.9768570076097012,0.9621341761858545,0.9460680829431429,0.9292854534020205,0.9121856449762797,0.8950284172137266,0.8779848950914423,0.8611682835248993,0.8446530381719897,0.8284872012365414
152,Zone 1,57,37,Unmarried,11,108,College degree,No,Female,No,Yes,No,Plus service,No,0,0.8573874965838766,0.14261250341612342,13945.056113364613,False,0.9983643907288051,0.9922129225995319,0.982709339761912,0.9710503120780879,0.9580346082134193,0.9441886064698414,0.9298653411292976,0.9153060152730269,0.9006778493716506,0.8860979077250417,0.8716485153539442,0.8573874965838766
153,Zone 3,61,48,Unmarried,14,115,College degree,No,Female,Yes,Yes,Yes,Total service,No,0,0.8970953448379273,0.1029046551620727,14243.937726695127,False,0.99914816497092,0.9955420570122268,0.9895488610048586,0.9818243827052295,0.9728751966073933,0.9630683328991908,0.9526694284987116,0.9418727483267166,0.9308220408972839,0.9196247934367746,0.9083620604287026,0.8970953448379273
154,Zone 3,34,54,Unmarried,31,53,College degree,No,Male,Yes,Yes,Yes,Total service,No,0,0.9761604496815891,0.023839550318410896,14777.24994558462,False,0.999941563231096,0.9995662487388974,0.9987559683742396,0.9975076521115939,0.9958532623354446,0.9938340781642563,0.9914917486798502,0.9888651212050362,0.9859892664531837,0.982895377781114,0.9796110124128428,0.9761604496815891
155,Zone 3,38,53,Unmarried,13,242,College degree,No,Male,Yes,No,Yes,Total service,No,0,0.9775184746474226,0.022481525352577414,14785.42635343736,False,0.9999472053526836,0.9996033036021654,0.9988541611582364,0.9976929139877493,0.9961467488016429,0.9942526062711048,0.9920484867651835,0.9895702443495822,0.9868505135346299,0.983918507659587,0.9808001728146069,0.9775184746474226
156,Zone 1,3,24,Married,2,20,High school degree,No,Female,Yes,Yes,No,Plus service,No,0,0.65737883276683,0.34262116723317004,12193.711291324016,True,0.9886276392512569,0.9604053650310564,0.9264556668659943,0.8912351802508933,0.8565586663135767,0.8231939901842333,0.791447354167818,0.7614075826485647,0.7330580715040262,0.7063315175839563,0.6811378489894514,0.65737883276683
157,Zone 2,4,47,Unmarried,5,123,College degree,No,Male,No,Yes,Yes,Basic service,No,0,0.7029010953465926,0.2970989046534074,12627.331748737388,True,0.991916828600693,0.970139814156303,0.9426407347635701,0.9131746290822479,0.883453250443446,0.8542984825125388,0.8261080046046416,0.7990634006059814,0.773231398800871,0.7486163470106038,0.7251887133679161,0.7029010953465926
158,Zone 2,15,35,Unmarried,0,34,Did not complete high school,No,Male,No,No,No,Basic service,No,0,0.7491414511866568,0.25085854881334324,13046.593970765589,True,0.994523050585402,0.9784056306165793,0.9569521336138562,0.9331402172042137,0.9084804301898413,0.8837759653304924,0.8594661621260404,0.8357916964052625,0.8128798606031838,0.7907912145106719,0.7695462932590877,0.7491414511866568
159,Zone 1,25,29,Married,8,31,College degree,No,Female,No,Yes,No,E-service,Yes,1,0.8925323016995019,0.10746769830049807,14210.506523844857,False,0.9990723988924577,0.9952039598980011,0.9888342033483686,0.9806758421711386,0.9712685614712915,0.9609986338117786,0.9501429936807606,0.938902522988432,0.9274247502746826,0.9158191845408569,0.9041677958501002,0.8925323016995019
160,Zone 3,21,44,Unmarried,25,47,Did not complete high school,No,Female,No,No,Yes,Plus service,No,0,0.9905626452656408,0.009437354734359249,14861.065915528678,False,0.9999878050190304,0.9998913843224699,0.9996537965665763,0.999252880251187,0.9986836687257388,0.9979494722938186,0.9970575789358037,0.9960170766194308,0.994837708034696,0.9935292570834195,0.9921012216184067,0.9905626452656408
161,Zone 3,50,37,Married,11,48,Some college,No,Female,No,No,Yes,Plus service,No,0,0.9792785232756023,0.020721476724397725,14795.94956600904,False,0.9999541275092773,0.9996494652251691,0.9989775853383124,0.9979272635677857,0.9965198319907723,0.9947867900887034,0.9927614968202104,0.9904759576618702,0.9879596466801585,0.9852391881572635,0.9823384059891203,0.9792785232756023
162,Zone 2,65,64,Married,22,13,High school degree,Yes,Female,No,No,Yes,Plus service,No,0,0.9991645323582029,0.0008354676417970941,14906.300809068953,False,0.9999997356689432,0.9999964939571837,0.9999859166464936,0.9999642195217813,0.9999284930381251,0.9998765806079817,0.9998069194478487,0.9997184054326949,0.9996102875603978,0.999482087261271,0.9993335368470868,0.9991645323582029
163,Zone 2,59,52,Married,18,78,Did not complete high school,No,Male,No,No,No,Basic service,No,0,0.9803676926651145,0.019632307334885524,14802.418209466447,False,0.9999581895854306,0.9996769587058755,0.999051735860928,0.9980689239207567,0.9967464321412401,0.9951125040366823,0.9931976818427267,0.9910316108924203,0.9886418103195715,0.9860532907307904,0.9832885441031463,0.9803676926651145
164,Zone 3,29,26,Unmarried,7,34,Did not complete high school,No,Female,No,No,No,Plus service,No,0,0.8975473612537533,0.10245263874624666,14247.235945567098,False,0.9991554774407305,0.9955749265515972,0.9896186356319829,0.9819368575028593,0.9730329000199316,0.963271877614202,0.9529182919514896,0.942165735692766,0.9311575674933711,0.9200010608514062,0.90877716808673,0.8975473612537533
165,Zone 1,60,46,Unmarried,17,81,Post-undergraduate degree,No,Female,No,Yes,No,E-service,No,0,0.9520617579285614,0.0479382420714386,14625.357777648083,False,0.9997980768382959,0.9987162533296656,0.996633341307697,0.9936662992045185,0.9899599281143505,0.985645804407265,0.9808353326700144,0.9756208734107362,0.9700786041655203,0.9642714077450483,0.9582513591177071,0.9520617579285614
166,Zone 1,71,45,Married,14,86,High school degree,No,Male,No,Yes,No,E-service,No,0,0.9697884958879237,0.030211504112076293,14738.275558998657,False,0.9999116073336226,0.999376234019523,0.9982625277373842,0.9965898959528866,0.9944153882945466,0.9918020203498371,0.9888091718020052,0.9854898964722025,0.9818905989892559,0.9780515204042202,0.9740074571633632,0.9697884958879237
167,Zone 3,38,27,Married,0,26,College degree,No,Male,Yes,Yes,Yes,Total service,Yes,1,0.7149029343947033,0.2850970656052967,12738.186309134866,True,0.9926592394785,0.9724353166456515,0.9465557470686902,0.9185778821603974,0.8901696350237209,0.862154788933551,0.834946690132727,0.8087456653226662,0.7836365440157858,0.7596399335786557,0.7367404705082445,0.7149029343947033
168,Zone 3,16,34,Married,5,51,High school degree,No,Female,No,No,No,Basic service,No,0,0.8733654587761864,0.12663454122381357,14067.446254105236,False,0.9987143437010527,0.9936582527328595,0.9856293573677598,0.9755950630503719,0.9642359637691973,0.9520167823264798,0.9392584682468085,0.9261862639535883,0.9129604949770722,0.8996965164416679,0.8864779169166306,0.8733654587761864
169,Zone 3,7,31,Unmarried,10,59,Some college,No,Male,Yes,No,No,Basic service,No,0,0.7034042243591752,0.29659577564082484,12632.007681417286,True,0.9919489351048963,0.9702382314814982,0.9428077379839829,0.9134042873696391,0.8837379239845286,0.8546307104036496,0.8264810523324563,0.7994713673051679,0.7736691754098872,0.7490795288552938,0.7256735054852318,0.7034042243591752
170,Zone 1,59,53,Unmarried,21,112,College degree,No,Male,No,Yes,No,E-service,Yes,1,0.9766214550142428,0.0233785449857572,14780.030987521974,False,0.9999435078896546,0.9995789665189728,0.9987895862192187,0.9975709678892987,0.9959534283527969,0.9939767609459961,0.9916813700103035,0.9891050847474749,0.986282149281657,0.9832430866496978,0.9800149097632268,0.9766214550142428
171,Zone 2,22,56,Married,14,57,College degree,No,Male,Yes,Yes,Yes,Total service,No,0,0.9659411313389412,0.03405886866105878,14714.295925493656,False,0.99989074808628,0.999249051671043,0.9979398328841781,0.995999538252748,0.9935022448798546,0.9905250006801508,0.9871382463459185,0.9834036586131399,0.9793743588939509,0.9750958331141782,0.9706069860966752,0.9659411313389412
172,Zone 1,18,48,Married,20,41,Did not complete high school,No,Female,No,No,No,Basic service,No,0,0.97804472182225,0.021955278177750004,14788.581626006944,False,0.9999493212925118,0.9996173278490935,0.9988915236538923,0.9977636741418505,0.9962591749264432,0.9944133175420438,0.9922627037106336,0.9898420327851912,0.9871829944518464,0.9843140305148745,0.9812604565187759,0.97804472182225
173,Zone 2,64,46,Married,19,168,High school degree,No,Female,Yes,Yes,Yes,Total service,No,0,0.9561891456613556,0.0438108543386444,14652.177624896689,False,0.9998285014555588,0.998886528469569,0.9970442543935691,0.9943917826812623,0.991051543191471,0.9871383841327508,0.9827514348515245,0.9779740470131578,0.9728757573598401,0.9675145323715802,0.9619387980072472,0.9561891456613556
174,Zone 2,7,33,Unmarried,4,29,College degree,No,Female,No,Yes,No,Basic service,Yes,1,0.5445934459346655,0.4554065540653345,11024.816647771939,True,0.976393732144196,0.9281434562984234,0.8762790081514809,0.826344195143665,0.7798474585799073,0.7370571315795262,0.6978219761786725,0.6618548612135515,0.6288394821992251,0.598471278551617,0.5704720155719858,0.5445934459346655
175,Zone 3,65,58,Unmarried,13,167,High school degree,No,Female,No,No,No,E-service,No,0,0.9938330860884984,0.0061669139115015925,14878.942194357858,False,0.9999939234218088,0.9999415496339087,0.999805191310796,0.9995661600076544,0.9992168524045171,0.9987557341215016,0.9981846285964456,0.9975072113172019,0.9967281443284493,0.9958525654820855,0.9948857820726437,0.9938330860884984
176,Zone 3,7,24,Unmarried,5,29,High school degree,No,Male,No,Yes,No,Basic service,Yes,1,0.4580063273110945,0.5419936726889055,10024.78851847751,True,0.9613790139701411,0.893366468678177,0.8261639594395621,0.7649591117170955,0.7102815685202564,0.6615979979844906,0.6181691587411782,0.5792831849144847,0.5443149707517997,0.5127326761310416,0.4840885563145733,0.4580063273110945
177,Zone 1,64,55,Unmarried,28,104,Did not complete high school,No,Female,No,No,No,Plus service,No,0,0.9970205592748721,0.002979440725127902,14895.679765204673,False,0.999998103472922,0.9999793536579137,0.9999260613709509,0.9998267767279445,0.9996748288635552,0.9994666588586549,0.9992007189406245,0.9988767711767137,0.9984954350876792,0.9980578901245849,0.9975656764104455,0.9970205592748721
178,Zone 3,42,22,Married,0,46,College degree,No,Male,Yes,Yes,Yes,Total service,Yes,1,0.6660464073451,0.3339535926549,12277.896530475135,True,0.9893154177792128,0.9623892732785008,0.9297045281314098,0.8955916239482711,0.8618540733457305,0.8292759787588232,0.7981849384384039,0.7686900774235228,0.7407924154432273,0.7144394670686318,0.6895534743445817,0.6660464073451
179,Zone 3,33,26,Unmarried,5,46,College degree,No,Female,No,Yes,Yes,Total service,No,0,0.7622466031728403,0.23775339682715968,13161.583914527902,False,0.9951440758167122,0.9804739517038945,0.9606364381292097,0.9383843766625025,0.915156935323403,0.8917398356755695,0.8685752255057533,0.8459140856818492,0.823896289892166,0.8025950649764357,0.7820428057961142,0.7622466031728403
180,Zone 1,3,33,Unmarried,8,51,College degree,No,Female,No,No,No,Basic service,Yes,1,0.8090593572687794,0.19094064273122058,13558.490049622022,False,0.9969911083599585,0.9869434241558659,0.9725082858479128,0.9556447026645934,0.9374975183374652,0.9187512847077326,0.8998274080150861,0.8809905305923899,0.862408321496781,0.8441865975213141,0.826390767203613,0.8090593572687794
181,Zone 2,69,42,Married,11,65,High school degree,No,Male,Yes,Yes,Yes,Total service,No,0,0.9097051952465305,0.09029480475346952,14335.015156086836,False,0.9993393605541036,0.9964170169225227,0.9914258785781187,0.9848728677720697,0.9771745528192037,0.9686439931249042,0.9595141241076571,0.9499593424137682,0.9401114776252699,0.9300711321345883,0.9199157160500251,0.9097051952465305
182,Zone 2,9,33,Unmarried,1,48,High school degree,No,Male,No,No,No,Basic service,No,0,0.7416888535893276,0.25831114641067243,12980.44802375122,True,0.994147850165136,0.9771769064312771,0.9547848990296487,0.9300769644590078,0.9046016601874188,0.8791698147652127,0.8542174290697138,0.8299780503115848,0.8065709010919064,0.7840486776845836,0.7624246939442045,0.7416888535893276
183,Zone 3,22,34,Married,1,46,Some college,No,Male,No,Yes,No,E-service,No,0,0.875540151774964,0.12445984822503597,14083.887383116582,False,0.9987582842352164,0.9938438875768599,0.9860093784607997,0.9761920801432287,0.9650565078872182,0.9530587068935702,0.9405149258903711,0.9276479265578982,0.9146168317907355,0.9015365446658095,0.8884906460052421,0.875540151774964
184,Zone 2,53,63,Married,15,43,High school degree,No,Male,No,Yes,No,E-service,No,0,0.992011463539663,0.007988536460337037,14869.05719139863,False,0.9999907312243304,0.9999148830581821,0.9997238423670314,0.9993965460447127,0.9989264908453233,0.9983145736130181,0.9975654786584262,0.9966857768230638,0.9956828869386815,0.9945644949003085,0.9933382262002747,0.992011463539663
185,Zone 3,71,53,Unmarried,30,110,Did not complete high school,No,Male,No,No,No,E-service,No,0,0.9982058522584469,0.0017941477415530649,14901.645699189497,False,0.9999991434897092,0.999989885344299,0.9999620240457422,0.9999080113549749,0.999822813276637,0.9997032208491465,0.9995473077675787,0.9993540492902352,0.9991230579411993,0.998854398771199,0.9985484585964617,0.9982058522584469
186,Zone 3,24,26,Unmarried,2,32,Some college,No,Male,No,No,No,Basic service,No,0,0.686724686268553,0.313275313731447,12475.643105965251,True,0.9908369633199332,0.9668712202072067,0.9371350133536418,0.9056427140152588,0.8741547017318498,0.8434823586943945,0.8139967278549395,0.7858503558207728,0.7590829907562386,0.7336752920436175,0.709577410849729,0.686724686268553
187,Zone 3,12,22,Married,1,18,Some college,No,Female,No,Yes,No,Basic service,No,0,0.5187586183523558,0.4812413816476442,10736.534894577917,True,0.9725340094062137,0.9188124385456404,0.8624977560635447,0.8091700319809223,0.7601245831673524,0.7154319240446729,0.6747874639446174,0.6377893093198975,0.6040354817436397,0.573156990831338,0.5448266497768582,0.5187586183523558
188,Zone 1,25,39,Married,1,26,College degree,No,Male,Yes,Yes,No,E-service,Yes,1,0.8270225223736313,0.17297747762636873,13704.97943031621,False,0.9975599235021007,0.9890631521767222,0.9765408121175347,0.9616587489696813,0.9454365118403337,0.9285054744598912,0.9112669185039433,0.8939811856609543,0.8768193091086212,0.8598940680950512,0.8432793379776109,0.8270225223736313
189,Zone 3,63,28,Married,9,34,High school degree,No,Female,Yes,No,Yes,Plus service,No,0,0.9155180102737056,0.0844819897262944,14376.331091368931,False,0.9994187320349814,0.9967910552547274,0.9922421428215571,0.9862147455610983,0.9790849009082061,0.9711405187276109,0.9625987869336168,0.9536241826192742,0.944342312703103,0.9348499520823051,0.9252222615645853,0.9155180102737056
190,Zone 1,33,54,Married,18,57,College degree,No,Female,No,Yes,Yes,Plus service,Yes,1,0.9822811975286911,0.01771880247130886,14813.698042508206,False,0.9999649134224852,0.999723228511156,0.9991777441044362,0.9983113210655845,0.9971362515998237,0.9956752852507322,0.993954133205918,0.9919983441729442,0.9898320107557493,0.9874772910604779,0.9849543043721567,0.9822811975286911
191,Zone 2,57,54,Married,20,21,High school degree,No,Female,No,No,No,Basic service,No,0,0.9854244051432469,0.014575594856753082,14831.974743979441,False,0.9999748050904548,0.9997934150340764,0.9993723504337221,0.9986904875439186,0.9977520968736266,0.9965716173779083,0.9951672144337005,0.9935578902594259,0.9917621606781456,0.9897974677742459,0.987679952324905,0.9854244051432469
192,Zone 3,13,33,Unmarried,7,38,Some college,No,Female,Yes,Yes,Yes,Total service,No,0,0.73338004673924,0.26661995326076005,12906.05789487118,True,0.9937100107606227,0.9757611917714808,0.9523063769820437,0.9265921870993303,0.9002071903624247,0.8739686990830571,0.8483074829053106,0.8234480565452678,0.7994998711815677,0.7765063029316508,0.7544722187157507,0.73338004673924
193,Zone 1,13,21,Unmarried,2,19,Some college,No,Female,No,Yes,No,E-service,Yes,1,0.6870293367315127,0.3129706632684873,12478.524129050678,True,0.9908581715728206,0.9669346717758022,0.9372411656800312,0.9057872286558805,0.874332440987184,0.8436884689832724,0.8142269164073426,0.7861009167474058,0.7593507534004144,0.7339575503184657,0.7098718538709066,0.6870293367315127
194,Zone 1,71,39,Unmarried,2,40,Some college,No,Male,Yes,No,No,Plus service,No,0,0.8681817795867531,0.13181822041324687,14028.045228177245,False,0.998606085243927,0.993205099493819,0.9847066811536421,0.9741510659265277,0.9622572048508997,0.949510241816754,0.9362420143583925,0.9226833815910906,0.9089972797141973,0.8952999275441478,0.8816747561446796,0.8681817795867531
195,Zone 3,18,69,Married,11,58,Some college,No,Male,Yes,Yes,Yes,Total service,No,0,0.9816081687304785,0.018391831269521486,14809.743252701232,False,0.9999626086320587,0.9997072530751527,0.999134053880801,0.9982270248115251,0.9970003741634158,0.9954787493838096,0.9936895426324873,0.9916597354748874,0.9894146240355449,0.9869773719554429,0.9843689376551368,0.9816081687304785
196,Zone 1,17,51,Married,10,95,High school degree,No,Female,No,No,No,Basic service,Yes,1,0.9620933107983193,0.03790668920168072,14690.00573069812,False,0.99986779740279,0.999112791454739,0.9975994458894901,0.9953836556577084,0.9925577505965536,0.9892133560852197,0.9854321496681497,0.9812844085582187,0.9768298444720602,0.9721190104218647,0.9671947203474867,0.9620933107983193
197,Zone 2,22,43,Unmarried,4,114,High school degree,No,Male,No,No,No,Basic service,No,0,0.8468109152937847,0.15318908470621528,13862.52905664805,False,0.9981055771661689,0.9911764568386388,0.9806528536770399,0.9678903956642549,0.9537656286970484,0.9388434652116823,0.9234956995053799,0.9079718795888343,0.8924419249430757,0.8770225049802233,0.8617938734003087,0.8468109152937847
198,Zone 2,65,65,Married,27,128,Some college,No,Male,No,No,Yes,Plus service,No,0,0.9995693730361557,0.0004306269638443272,14908.191698219096,False,0.9999999028421908,0.9999985823840126,0.9999939807985426,0.9999840961829939,0.9999672386590718,0.999942041740492,0.9999074218725528,0.999862531318581,0.9998067157142885,0.9997394784938303,0.9996604518215152,0.9995693730361557
199,Zone 3,7,40,Unmarried,9,33,College degree,No,Female,No,Yes,No,Basic service,No,0,0.6799621120368093,0.32003788796319066,12411.449626100843,True,0.9903573159663671,0.9654436629052016,0.9347540273511098,0.9024082627171965,0.8701832933713582,0.8388833242832026,0.8088663599524505,0.7802715242227939,0.7531264185661901,0.7274012105838221,0.7030371575418162,0.6799621120368093
200,Zone 3,72,66,Unmarried,30,460,College degree,No,Female,Yes,Yes,Yes,Total service,No,0,0.9887238310527583,0.011276168947241705,14850.780101864117,False,0.9999836149743009,0.9998588504776664,0.9995587092936574,0.9990605585075046,0.9983621105878175,0.9974702445392376,0.9963958837672846,0.9951515156069932,0.9937499477745224,0.9922036802841179,0.9905245974269234,0.9887238310527583
201,Zone 1,35,43,Unmarried,12,224,Some college,No,Male,No,No,No,Basic service,No,0,0.8999020176075647,0.10009798239243528,14264.377440689093,False,0.9991930119413397,0.9957443389238585,0.9899791262268478,0.9825189518180263,0.9738501496888485,0.9643278288432715,0.9542105312148251,0.9436882989467003,0.9329024148824693,0.9219589997115608,0.9109384397905158,0.8999020176075647
202,Zone 1,24,39,Unmarried,2,122,College degree,No,Male,No,Yes,Yes,Total service,No,0,0.8358336833788136,0.16416631662118641,13775.6320550671,False,0.9978130312929571,0.9900324596898366,0.9784143962329285,0.9644846812522098,0.949199704073342,0.9331622050413337,0.9167612602779983,0.9002531853772773,0.8838091469930669,0.8675441556128594,0.8515353197848315,0.8358336833788136
203,Zone 1,64,24,Married,0,23,Some college,No,Female,No,Yes,No,E-service,No,0,0.8004479613442868,0.19955203865571325,13487.111464240139,False,0.9966921903801216,0.9858575474899748,0.9704732166628298,0.95264173548248,0.9335659767717888,0.9139533365006633,0.894232538320026,0.8746684169929626,0.8554255745350301,0.8366053705053176,0.8182682954105682,0.8004479613442868
204,Zone 2,63,63,Married,19,191,Some college,No,Male,No,No,No,E-service,No,0,0.9992426728015775,0.000757327198422475,14906.67039017427,False,0.9999997723323212,0.9999969363838329,0.9999875901521854,0.9999682838631053,0.9999363246042572,0.9998896869496432,0.999826879707875,0.9997468290378297,0.9996487855502226,0.9995322524021567,0.9993969299153369,0.9992426728015775
205,Zone 1,38,31,Married,7,187,College degree,No,Male,Yes,No,Yes,Total service,Yes,1,0.9379739835004672,0.062026016499532766,14531.689715917342,False,0.9996756160310667,0.9980619668979287,0.9950964555907138,0.9910041693804627,0.9860130130676216,0.9803137269089806,0.9740594817422072,0.9673722509383149,0.9603493266983922,0.9530686998988673,0.9455932542014011,0.9379739835004672
206,Zone 2,29,37,Married,9,119,Some college,No,Male,No,No,No,Basic service,No,0,0.9122533436419544,0.08774665635804557,14353.179840328761,False,0.9993748240279049,0.9965832576926473,0.9917875419454467,0.9854661048514286,0.9780176606917287,0.9697442583317982,0.960871978918673,0.9515709285118205,0.9419702653919744,0.9321689655033624,0.9222434981415334,0.9122533436419544
207,Zone 1,72,69,Married,49,44,High school degree,Yes,Female,No,No,No,Plus service,No,0,0.9999836074687949,1.6392531205111638e-05,14910.020790487259,False,0.9999999991574826,0.9999999813620785,0.9999998991570914,0.9999996837316624,0.9999992561105923,0.999998533744878,0.9999974342516086,0.9999958775270386,0.9999937869156234,0.9999910898185219,0.9999877179635313,0.9999836074687949
208,Zone 1,10,27,Married,2,15,Some college,No,Female,Yes,Yes,Yes,Total service,Yes,1,0.7364049468704945,0.2635950531295055,12933.219082827663,True,0.9938718328857036,0.9762822409590249,0.9532163500288576,0.9278693679407161,0.9018155935908929,0.8758702298650863,0.8504661361322228,0.8258312479097895,0.8020786678588399,0.7792552321243205,0.7573689305320828,0.7364049468704945
209,Zone 3,72,64,Unmarried,41,674,College degree,No,Female,Yes,No,Yes,Plus service,No,0,0.9989297004244647,0.0010702995755352829,14905.179582953931,False,0.999999614115118,0.9999950669652776,0.9999806049369794,0.9999514651505826,0.9999041321905578,0.9998361040702776,0.999745649015443,0.999631613108191,0.9994932761538661,0.9993302447178145,0.9991423724718024,0.9989297004244647
210,Zone 3,52,23,Married,4,33,College degree,No,Female,No,No,Yes,Plus service,No,0,0.9228801227933118,0.07711987720668823,14428.028222085195,False,0.9995115391896353,0.9972382517334484,0.9932308593529651,0.9878552263480234,0.9814371748960995,0.9742326590182163,0.9664383830724512,0.9582055992175835,0.9496513757660265,0.9408670357265426,0.9319243555449901,0.9228801227933118
211,Zone 3,13,55,Unmarried,3,250,High school degree,No,Female,No,No,No,Basic service,No,0,0.907176734439969,0.09282326556003095,14316.909919526099,False,0.9993031284674038,0.9962485507771912,0.9910611157650097,0.9842765657643395,0.9763293082235494,0.9675433000836101,0.958158199592958,0.9483525704504698,0.9382608056126984,0.9279850425624339,0.9176035560463407,0.907176734439969
212,Zone 1,3,33,Unmarried,6,64,College degree,No,Male,No,No,No,Basic service,Yes,1,0.7910010800222399,0.2089989199777601,13407.95626742454,False,0.9963438370139929,0.9846132517100543,0.9681641409755356,0.9492582040803863,0.9291601730865706,0.9086004032259177,0.888013862512925,0.867664197253808,0.8477115735919384,0.8282516479687874,0.8093388990970405,0.7910010800222399
213,Zone 3,39,24,Married,2,26,High school degree,No,Male,No,No,No,Basic service,Yes,1,0.7788023186196757,0.22119768138032425,13304.432830953318,False,0.9958611789949726,0.9829228045836516,0.9650629926701484,0.9447509414889621,0.9233281214428002,0.9015511269400607,0.8798601745023213,0.8585152033876172,0.8376690102723744,0.8174086544267493,0.797779926403481,0.7788023186196757
214,Zone 2,28,29,Unmarried,4,23,Some college,No,Male,No,Yes,Yes,E-service,No,0,0.7805265145309029,0.21947348546909706,13319.154378697413,False,0.995931699900262,0.9831675321409095,0.9655095300993859,0.9453974588828465,0.9241621730594634,0.9025567982680804,0.8810210040968454,0.8598154025851645,0.8390939435414901,0.8189449845325036,0.7994156061093523,0.7805265145309029
215,Zone 2,46,42,Unmarried,9,52,College degree,No,Male,No,No,No,E-service,No,0,0.973159136007886,0.02684086399211405,14759.013222641099,False,0.9999281674169179,0.9994800173747798,0.9985301207358599,0.9970850624519784,0.9951880989235734,0.9928904851250899,0.9902421106902787,0.9872884905952184,0.9840700595498584,0.9806223252800416,0.9769763215826481,0.973159136007886
216,Zone 2,62,46,Unmarried,27,200,Some college,No,Female,No,No,No,Basic service,No,0,0.9677173545800233,0.03228264541997672,14725.4061662106,False,0.9999006375015024,0.9993089079205858,0.9980910491987236,0.9962753330677601,0.993927814976124,0.9911189908330686,0.9879141690710896,0.9843710459525203,0.9805396564418962,0.9764630866822261,0.9721783695786895,0.9677173545800233
217,Zone 2,23,33,Married,7,28,Did not complete high school,No,Male,No,No,Yes,Plus service,No,0,0.9639910500817279,0.03600894991827208,14702.022828154137,False,0.9998793780884879,0.9991811141012198,0.9977694876782899,0.9956905101888164,0.9930273648604341,0.9898644256268442,0.9862778101562016,0.9823335592127279,0.9780881513474928,0.9735896632875519,0.9688790059495423,0.9639910500817279
218,Zone 3,23,25,Married,5,19,Post-undergraduate degree,No,Male,Yes,Yes,Yes,Total service,Yes,1,0.7497194139663461,0.2502805860336539,13051.700871924733,True,0.9945514699377226,0.9784993153571503,0.9571180132270449,0.9333753188022023,0.9087787525578745,0.884130844430006,0.8598711397551597,0.8362408287617685,0.8133678021109576,0.7913132095980933,0.7700981321109535,0.7497194139663461
219,Zone 2,72,61,Married,39,76,Some college,No,Male,Yes,Yes,Yes,Total service,No,0,0.9971943016500314,0.0028056983499685773,14896.565411697964,False,0.9999982750752127,0.9999810362007134,0.9999316978313603,0.9998393354361597,0.9996974635370894,0.9995025252928909,0.9992528766653229,0.9989481319636726,0.998588738005245,0.9981756919295073,0.9977103508698154,0.9971943016500314
220,Zone 3,56,60,Unmarried,26,70,High school degree,No,Male,No,No,No,Basic service,No,0,0.9862543610515754,0.013745638948424621,14836.74406508641,False,0.9999771746506199,0.9998106939906863,0.9994210288321127,0.9987864065194758,0.9979092549765972,0.9968019879647001,0.9954808750536599,0.9939632389680318,0.9922661412629715,0.9904057772067748,0.9883972229033261,0.9862543610515754
221,Zone 1,8,30,Unmarried,1,34,High school degree,No,Female,No,No,Yes,Plus service,No,0,0.8820086214242762,0.11799137857572384,14132.476834170122,False,0.9988839053387321,0.9943804800951171,0.9871149777138334,0.977936973161223,0.9674632534128831,0.9561236932684631,0.9442201061207293,0.9319674434928027,0.9195208747158763,0.906993641377844,0.8944690387759138,0.8820086214242762
222,Zone 3,3,36,Unmarried,7,34,Post-undergraduate degree,No,Female,Yes,No,Yes,Total service,No,0,0.9098228884284054,0.09017711157159458,14335.855951709169,False,0.9993410216986126,0.9964247734161894,0.9914427145375942,0.984900438960237,0.9772136875462428,0.9686950117301518,0.9595770320756724,0.9500339490629615,0.9401974708374115,0.9301681264290464,0.9200232840336438,0.9098228884284054
223,Zone 3,37,37,Unmarried,7,172,Some college,No,Male,No,No,No,Basic service,No,0,0.8297460788819986,0.17025392111800142,13726.903529978628,False,0.9976399349489199,0.9893676642571892,0.9771272601277974,0.9625409957184909,0.946609000009557,0.9299539674075636,0.9129735679030642,0.8959270329075157,0.8789855441609608,0.862262655062851,0.8458333064725254,0.8297460788819986
224,Zone 3,37,53,Married,13,48,Did not complete high school,No,Male,No,No,Yes,Plus service,No,0,0.9945764422846974,0.005423557715302563,14882.916564224435,False,0.9999950640752225,0.9999514397847994,0.9998360244269043,0.9996314436266331,0.999329949960457,0.9989292467707391,0.9984301532729943,0.9978352745981243,0.997148219898204,0.9963731304238929,0.9955143894514639,0.9945764422846974
225,Zone 2,6,30,Unmarried,9,45,High school degree,No,Female,No,No,No,Basic service,Yes,1,0.794875875830799,0.205124124169201,13440.530523221812,False,0.9964893513831853,0.9851303945941597,0.9691209704705745,0.9506573050170599,0.9309789992206898,0.9108072631942188,0.8905747315453536,0.8705457154310334,0.8508823353813846,0.8316826889944731,0.8130037977176928,0.794875875830799
226,Zone 1,48,47,Unmarried,9,72,Some college,No,Male,Yes,No,Yes,Total service,Yes,1,0.9563149456998148,0.04368505430018521,14652.990342145744,False,0.9998293904741693,0.9988915631346471,0.997056488263983,0.9944134878088835,0.991084326086333,0.9871833472395655,0.9828093070869651,0.9780452808156902,0.9729605997266563,0.9676130769908529,0.9620510238280349,0.9563149456998148
227,Zone 2,43,43,Married,3,55,College degree,No,Female,Yes,Yes,Yes,Total service,No,0,0.8661874691135768,0.1338125308864232,14012.807809173017,False,0.9985630994023762,0.9930267420254917,0.9843453876688047,0.973587700716332,0.9614873924269155,0.9485373601482039,0.9350735095025917,0.9213287487235169,0.9074669225652046,0.8936045024789798,0.879824793655456,0.8661874691135768
228,Zone 2,21,29,Unmarried,7,40,College degree,No,Female,No,Yes,Yes,Basic service,No,0,0.5389629611885808,0.4610370388114192,10962.681764739194,True,0.9755921047722447,0.9261790412030896,0.8733547299337868,0.8226795832789663,0.7756208028763838,0.73240646462393,0.6928534909156873,0.6566506286023573,0.62346340290748,0.5929734897321636,0.5648921329182138,0.5389629611885808
229,Zone 3,6,33,Unmarried,12,26,Some college,No,Male,Yes,Yes,Yes,Plus service,Yes,1,0.7391319991568287,0.2608680008431713,12957.628534214073,True,0.9940153360172406,0.9767464347558431,0.9540292129538545,0.9290124304636213,0.9032572287962217,0.8775766620770566,0.8524052916284535,0.8279740069629402,0.804399110410003,0.7817304918733933,0.7599789098761041,0.7391319991568287
230,Zone 2,69,51,Unmarried,18,96,Did not complete high school,No,Male,No,No,Yes,Plus service,No,0,0.9897307682564731,0.010269231743526896,14856.431427983887,False,0.9999859745295644,0.999877030725498,0.9996116042308447,0.9991671969597844,0.9985399591583084,0.997734750857349,0.996760463151035,0.9956276968214549,0.994347567596684,0.9929310824935536,0.9913888187734718,0.9897307682564731
231,Zone 1,22,33,Unmarried,9,54,Did not complete high school,No,Male,No,No,Yes,Plus service,No,0,0.9365543266276449,0.06344567337235507,14522.079429464284,False,0.9996616529853397,0.997989857592869,0.9949304364049558,0.990720680665439,0.9855973622318281,0.9797573050579095,0.9733578451162259,0.966523825745045,0.9593545272991499,0.9519293196552706,0.9443120385055113,0.9365543266276449
232,Zone 1,28,40,Married,1,47,High school degree,No,Female,No,No,Yes,Plus service,No,0,0.9640411948292285,0.035958805170771546,14702.339388787983,False,0.9998796771852514,0.999182889982327,0.9977739240071115,0.995698537092874,0.9930396745247648,0.9898815202126683,0.9863000453544203,0.9823611786145651,0.9781213126502774,0.9736284581515053,0.9689234750925529,0.9640411948292285
233,Zone 1,71,47,Married,23,142,Did not complete high school,No,Male,No,No,No,E-service,No,0,0.9978613523916446,0.0021386476083553596,14899.931449723379,False,0.9999988736809369,0.9999870632684266,0.9999522056423622,0.9998855392673189,0.9997814587418384,0.9996365656711292,0.9994489701590082,0.9992178169276105,0.9989429648029862,0.9986247672329677,0.9982639197366674,0.9978613523916446
234,Zone 2,7,37,Unmarried,5,57,College degree,No,Male,No,No,No,Basic service,No,0,0.8128981477454456,0.18710185225455445,13590.069452008796,False,0.9971187871161156,0.9874128127587253,0.9733941374340758,0.9569583549730427,0.9392239841286663,0.9208648257711058,0.9022985322883508,0.8837892690924918,0.865505770150794,0.8475556077630337,0.8300062060923467,0.8128981477454456
235,Zone 1,63,29,Unmarried,10,20,Some college,No,Male,Yes,Yes,Yes,Total service,No,0,0.7286968000168381,0.2713031999831619,12863.828046760735,True,0.9934539104343875,0.9749416154410755,0.9508801690769747,0.9245955337141851,0.8976976799267138,0.8710066111926889,0.8449494409801783,0.8197450886558927,0.7954971404860902,0.7722434658180259,0.7499839902132196,0.7286968000168381
236,Zone 2,53,57,Unmarried,25,37,Did not complete high school,No,Male,No,No,Yes,E-service,No,0,0.9978945244268016,0.002105475573198401,14900.097290556278,False,0.9999989008655552,0.999987344059778,0.9999531753767031,0.9998877471523943,0.9997855052928205,0.9996430661645201,0.99945853339706,0.9992310329708486,0.998960398068724,0.9986469528701543,0.9982913620294479,0.9978945244268016
237,Zone 2,50,52,Married,17,36,College degree,No,Male,Yes,No,Yes,Total service,No,0,0.9927249324110434,0.007275067588956574,14872.951855762929,False,0.9999920473494702,0.9999257236221735,0.9997566383671879,0.9994645211588016,0.9990423197767653,0.9984898915151758,0.9978107393120879,0.9970102594061481,0.9960947652895918,0.9950709302135068,0.993945464978373,0.9927249324110434
238,Zone 2,39,31,Married,6,24,College degree,No,Male,No,No,Yes,Total service,No,0,0.9682000863864761,0.031799913613523856,14728.414050864112,False,0.9999032483257326,0.9993248387493545,0.9981314867854921,0.9963493330401898,0.9940422996988286,0.9912791232821065,0.988123724655161,0.9846327179197348,0.9808552947994376,0.9768338827726214,0.9726049986469947,0.9682000863864761
239,Zone 3,16,19,Unmarried,0,21,High school degree,No,Female,No,No,No,Basic service,No,0,0.5901034244175779,0.4098965755824221,11513.409615156224,True,0.9821437870884809,0.9427057850106433,0.898381458745612,0.8544278602408745,0.8125887071603548,0.7734018566825234,0.7369414975251727,0.7030969807624956,0.6716880926746028,0.6425152871126018,0.6153818703444414,0.5901034244175779
240,Zone 3,43,51,Married,15,186,Some college,No,Male,Yes,No,Yes,Total service,No,0,0.9906410614708153,0.00935893852918468,14861.501107673019,False,0.9999879719627301,0.9998927055490884,0.9996577013190286,0.9992608403177299,0.99869705911357,0.9979695277993016,0.9970853870660873,0.9960535846314349,0.9948837350748888,0.9935855075977466,0.9921682983978822,0.9906410614708153
241,Zone 3,44,31,Unmarried,12,30,Did not complete high school,No,Female,No,No,No,Basic service,No,0,0.8284375324934563,0.1715624675065437,13716.37946762093,False,0.9976016930595887,0.9892219088032865,0.9768463161510292,0.9621180909735606,0.9460467049082362,0.9292590418415252,0.9121545251291866,0.8949929346298406,0.8779453926611589,0.8611250900595835,0.8446064630820175,0.8284375324934563
242,Zone 2,72,66,Married,43,96,High school degree,No,Female,Yes,No,Yes,Total service,No,0,0.9998791183464965,0.00012088165350354618,14909.579784877298,False,0.9999999851508827,0.9999997428777779,0.9999987938347256,0.9999965804342263,0.9999925613073591,0.9999862426167647,0.9999771862596981,0.9999650092340349,0.9999493796724839,0.9999300118179345,0.9999066609048174,0.9998791183464965
243,Zone 3,61,76,Unmarried,39,15,Did not complete high school,Yes,Male,No,No,Yes,Plus service,No,0,0.9998868566582844,0.000113143341715638,14909.613275814529,False,0.9999999865174173,0.9999997645355945,0.9999988899182816,0.9999968417367059,0.9999931109883154,0.9999872308972894,0.9999787854139233,0.999967409211739,0.9999527843845806,0.9999346360231272,0.9999127276132546,0.9998868566582844
244,Zone 3,43,21,Married,1,25,Did not complete high school,No,Male,No,Yes,Yes,E-service,Yes,1,0.7858907971057121,0.21410920289428792,13364.767759669412,False,0.9961462276972594,0.9839166791355539,0.9668814653374134,0.9473889841155708,0.9267365685392954,0.9056660435033967,0.8846149653828619,0.8638457259124805,0.8435156281126752,0.8237168943224529,0.8045004886574676,0.7858907971057121
245,Zone 3,24,39,Unmarried,11,49,Some college,No,Female,No,Yes,No,Basic service,No,0,0.6930027042177636,0.30699729578223645,12534.824553447768,True,0.991267164784813,0.9681639778719765,0.9393033249496268,0.9086000283639318,0.8777970781904445,0.8477110361109766,0.8187240413282422,0.7910004241618955,0.7645907529477843,0.7394851185417128,0.7156417196707254,0.6930027042177636
246,Zone 3,64,45,Unmarried,4,38,High school degree,No,Female,Yes,No,Yes,Plus service,Yes,1,0.9113098731454521,0.08869012685454791,14346.463836757166,False,0.9993618158376009,0.9965221197754898,0.9916543303526597,0.985247360550305,0.977706520112366,0.9693379375859602,0.960370241047645,0.9509751357724741,0.9412827794008458,0.9313927594049574,0.9213819015995083,0.9113098731454521
247,Zone 2,64,38,Unmarried,0,29,High school degree,No,Male,No,No,No,E-service,No,0,0.9367426291609422,0.0632573708390578,14523.355857175573,False,0.9996635223537287,0.9979994865716344,0.9949525718390262,0.9907584376753282,0.9856526752501381,0.9798313006905578,0.9734510981913231,0.9666365317325689,0.9594866194701921,0.9520805498755515,0.9444820337749297,0.9367426291609422
248,Zone 1,24,26,Unmarried,7,55,High school degree,No,Female,No,No,No,Basic service,No,0,0.7414837359069066,0.25851626409309336,12978.619758807563,True,0.9941372916442685,0.9771425418677099,0.954724505525695,0.9299918211363174,0.9044940644410723,0.8790422500222103,0.8540722688356421,0.829817458880751,0.8063968113374786,0.7838627993803293,0.7622285333242764,0.7414837359069066
249,Zone 3,33,55,Married,21,64,Some college,No,Female,No,No,Yes,Basic service,No,0,0.9875016072649576,0.012498392735042385,14843.863195947093,False,0.9999805424292861,0.999835636435905,0.9994919388521232,0.9989270371777962,0.9981408281801555,0.9971428331393021,0.9959465623007976,0.9945668629596783,0.993018632412969,0.9913161954591316,0.9894730197398051,0.9875016072649576
250,Zone 2,33,33,Married,12,42,College degree,No,Female,Yes,No,No,E-service,No,0,0.9611566240927006,0.03884337590729936,14684.048295523602,False,0.9998618935364091,0.9990782727289038,0.9975139873782986,0.9952300149677472,0.9923232989401986,0.9888890850099474,0.9850118057338714,0.9807638243418424,0.9762064354396439,0.9713913977069178,0.9663624465228928,0.9611566240927006
251,Zone 1,2,40,Unmarried,9,134,College degree,No,Male,No,Yes,No,Basic service,No,0,0.6799621120368093,0.32003788796319066,12411.449626100843,True,0.9903573159663671,0.9654436629052016,0.9347540273511098,0.9024082627171965,0.8701832933713582,0.8388833242832026,0.8088663599524505,0.7802715242227939,0.7531264185661901,0.7274012105838221,0.7030371575418162,0.6799621120368093
252,Zone 2,42,48,Married,22,82,Did not complete high school,No,Female,No,Yes,Yes,Total service,No,0,0.986434788085175,0.01356521191482496,14837.777557126672,False,0.9999776762324886,0.9998143788940036,0.9994314552377487,0.9988070148417373,0.997943101455782,0.9968516989049335,0.9955486707059523,0.9940509777189771,0.9923753667266181,0.9905377620980202,0.9885530078402376,0.986434788085175
253,Zone 1,52,54,Married,5,153,Post-undergraduate degree,No,Male,Yes,Yes,No,E-service,Yes,1,0.9315937137854913,0.06840628621450873,14488.266510661153,False,0.9996104875780228,0.9977291152424734,0.9943347659728683,0.9897091163341876,0.9841205198865625,0.9777871641424468,0.9708808371295791,0.9635362272461906,0.9558593547359497,0.9479342031639783,0.9398277437780287,0.9315937137854913
254,Zone 1,45,66,Unmarried,43,144,High school degree,No,Female,No,Yes,No,E-service,No,0,0.9988900523203348,0.001109947679665213,14904.988868049413,False,0.9999995919842617,0.9999948125294242,0.9999796694020401,0.9999492382974373,0.9998999076781193,0.9998291237615622,0.9997351323190647,0.9996167763840512,0.9994733455447367,0.9993044645797612,0.9991100108183109,0.9988900523203348
255,Zone 3,3,25,Unmarried,4,22,College degree,No,Male,Yes,Yes,Yes,Total service,Yes,1,0.61954075113108,0.38045924886892,11817.044825502575,True,0.9852466718400842,0.9509732628260371,0.9113069099069533,0.8711992906137378,0.8324619976728206,0.7957569860057311,0.7612745378509933,0.7290003863109502,0.698831633619122,0.6706302129776868,0.6442483542522385,0.61954075113108
256,Zone 2,37,53,Married,16,35,Did not complete high school,No,Female,No,No,Yes,Plus service,No,0,0.995908075055869,0.00409192494413102,14889.934910525837,False,0.9999968604208495,0.999967581642919,0.9998874141900507,0.9997418873321158,0.9995235131958979,0.9992290377152845,0.9988577829939641,0.9984106514641635,0.9978895131435974,0.997296819411598,0.9966353547709923,0.995908075055869
257,Zone 2,28,57,Unmarried,33,82,College degree,No,Female,Yes,Yes,Yes,E-service,Yes,1,0.983719113670027,0.016280886329973043,14822.09962377176,False,0.9999696176193869,0.9997562525905109,0.9992687349797086,0.9984878107965907,0.9974219065488704,0.9960898515091593,0.9945138385933602,0.9927163891685401,0.9907190337603158,0.9885417759359302,0.9862029264599901,0.983719113670027
258,Zone 3,40,63,Married,9,61,Did not complete high school,No,Male,No,No,No,Basic service,No,0,0.98106360497912,0.01893639502087996,14806.533236330335,False,0.9999606959443608,0.9996940887447093,0.9990982000062462,0.9981580505756454,0.9968894469025055,0.9953185998399974,0.993474276429526,0.9913846241725277,0.9890759144531922,0.9865721228160704,0.9838948830338551,0.98106360497912
259,Zone 2,37,33,Unmarried,1,102,High school degree,No,Male,No,Yes,No,Total service,No,0,0.7819270154566673,0.21807298454333268,13331.090525381118,False,0.9959884175926588,0.9833649025608328,0.9658702400245793,0.9459203097193442,0.9248372857908889,0.9033714174483956,0.8819618825450825,0.8608698035122242,0.8402500398660302,0.8201919837083902,0.8007437485245967,0.7819270154566673
260,Zone 3,7,27,Unmarried,5,31,Some college,No,Male,Yes,Yes,Yes,Total service,Yes,1,0.6524856928779104,0.34751430712208964,12145.84422349639,True,0.9882257195737122,0.9592571245820314,0.9245858637862715,0.8887379409413858,0.8535325897983134,0.819727221402951,0.7876151189053566,0.7572730994429446,0.728674251884447,0.70174267288543,0.6763811844405387,0.6524856928779104
261,Zone 1,71,56,Unmarried,23,170,Did not complete high school,No,Female,Yes,No,Yes,Total service,No,0,0.9920439144644041,0.007956085535595903,14869.234940814675,False,0.9999907928960441,0.9999153868449429,0.9997253590966305,0.999399678894078,0.9989318149128452,0.9983226144564358,0.9975767065551655,0.9967006076137679,0.9957016855683677,0.9945875799162726,0.9933658744092503,0.9920439144644041
262,Zone 2,19,46,Unmarried,11,26,High school degree,No,Female,No,Yes,No,Basic service,No,0,0.7576054444078437,0.24239455559215628,13121.053763436332,False,0.9949296795048866,0.9797547758822182,0.9593500134598324,0.9365478930660881,0.9128134986678791,0.8889393181888879,0.8653669479637439,0.8423440444156713,0.8200062615501167,0.7984225112788311,0.7776211126093514,0.7576054444078437
263,Zone 2,61,40,Unmarried,15,85,Some college,No,Female,No,No,Yes,Plus service,No,0,0.9722105962369055,0.027789403763094467,14753.204047253123,False,0.9999236691763098,0.9994515449511816,0.9984562818170792,0.9969478667706895,0.9949733243806256,0.9925871635435334,0.9898419220139411,0.9867852325861798,0.9834592167781784,0.9799007268081761,0.9761418706360905,0.9722105962369055
264,Zone 3,70,53,Married,16,183,High school degree,No,Female,No,No,No,E-service,No,0,0.9974255745043933,0.0025744254956067136,14897.73884470817,False,0.9999984936071115,0.9999832054833544,0.9999390175209192,0.9998557283868555,0.999727126426125,0.9995496814944592,0.9993216409267861,0.9990424376360161,0.99871230020074,0.9983319917318652,0.9979026320037998,0.9974255745043933
265,Zone 2,60,55,Married,13,67,Did not complete high school,No,Female,No,No,No,Basic service,No,0,0.9763336058600964,0.023666394139903568,14778.295166497817,False,0.999942297189309,0.9995710422682657,0.9987686294942872,0.9975314847186362,0.9958909493495492,0.9938877429016585,0.9915630462111641,0.9889553239625339,0.9860993364581215,0.9830260255048099,0.9797627441971443,0.9763336058600964
266,Zone 3,48,45,Married,5,42,Did not complete high school,No,Female,No,No,No,Basic service,No,0,0.9261468422223171,0.07385315777768287,14450.734651959618,False,0.9995500038545009,0.9974271672975615,0.9936532178114049,0.9885615613690119,0.9824562024983075,0.9755789158143877,0.9681171427914234,0.960216038464942,0.9519886482602794,0.9435236571043288,0.9348911432064878,0.9261468422223171
267,Zone 1,8,63,Married,1,31,Did not complete high school,No,Male,No,No,Yes,Plus service,No,0,0.992612747483409,0.007387252516591003,14872.341350110357,False,0.9999918459558413,0.9999240521109279,0.9997515590100753,0.9994539601552878,0.9990242799818271,0.9984625321840697,0.9977724005967424,0.9969594629539608,0.996030204571012,0.9949914568283728,0.993850073888148,0.992612747483409
268,Zone 2,58,58,Married,10,96,High school degree,No,Male,No,No,No,Plus service,No,0,0.9951945935070772,0.004805406492922826,14886.19175601745,False,0.9999959382261512,0.9999591938938972,0.9998605226217261,0.9996838068941757,0.9994213318551949,0.9990702859362233,0.9986307404896082,0.9981044720382325,0.9974942557884909,0.996803430829393,0.99603562736146,0.9951945935070772
269,Zone 1,16,24,Married,5,24,Some college,No,Male,No,No,Yes,Plus service,No,0,0.9311924462392401,0.06880755376075987,14485.515828209926,False,0.9996061862616584,0.9977074287233474,0.9942855326244083,0.9896258804856339,0.9839994190097106,0.9776260696637206,0.9706787818467345,0.9632930275256174,0.9555753579530925,0.9476101160210556,0.9394645137634459,0.9311924462392401
270,Zone 2,33,33,Unmarried,4,53,High school degree,No,Female,No,No,No,Basic service,No,0,0.7719741882986413,0.22802581170135872,13245.844548293991,False,0.9955742856860379,0.9819346631333933,0.9632679049776572,0.9421600158435818,0.919993713635683,0.8975385334163266,0.8752362204288101,0.8533435677794821,0.8320084472590601,0.8113125112711521,0.7912962451100771,0.7719741882986413
271,Zone 2,39,25,Unmarried,4,18,Did not complete high school,No,Female,No,No,No,Plus service,No,0,0.8735113190681429,0.12648868093185706,14068.550635063351,False,0.9987173180059282,0.9936707861812633,0.9856549768006893,0.9756352687556193,0.9642911772633109,0.9520868450941881,0.9393429089191142,0.926284447067972,0.9130717063967365,0.8998200133762152,0.8866129574304247,0.8735113190681429
272,Zone 1,62,51,Unmarried,10,43,College degree,No,Male,No,Yes,No,E-service,No,0,0.9427230532566507,0.057276946743349266,14563.616833377948,False,0.999720149343594,0.9982950212182622,0.9956372109540322,0.9919326592271996,0.987380214298411,0.9821503953682256,0.9763823637155319,0.9701883310553635,0.9636587497392849,0.9568668070474744,0.9498720219416924,0.9427230532566507
273,Zone 1,50,34,Unmarried,10,104,Some college,No,Male,Yes,Yes,Yes,Total service,No,0,0.7726552789661061,0.22734472103389392,13251.709249709504,False,0.9956034541488838,0.982034595544685,0.963448881282066,0.9424206499511407,0.9203285633807726,0.8979409235222247,0.8756993690218968,0.8538610413673786,0.8325743292133363,0.811921443209514,0.7919434118233223,0.7726552789661061
274,Zone 2,48,55,Unmarried,31,26,Did not complete high school,No,Male,No,No,No,Basic service,No,0,0.9870285587110381,0.012971441288961882,14841.170081129909,False,0.9999792925674279,0.9998263231242069,0.9994653673811803,0.9988742072141309,0.9980536647100612,0.9970143359486922,0.9957707643419804,0.9943387286858675,0.9927339437707279,0.9909714431220569,0.9890653054840001,0.9870285587110381
275,Zone 3,31,62,Unmarried,5,56,High school degree,No,Female,Yes,No,Yes,Plus service,No,0,0.9680488699684682,0.03195113003153183,14727.47236655376,False,0.9999024340140156,0.9993198639411064,0.9981188501900383,0.9963261967320809,0.994006491802142,0.9912290220405228,0.9880581426147548,0.9845508066186436,0.9807564701183259,0.97671776721394,0.9724713767195144,0.9680488699684682
276,Zone 2,65,33,Married,9,49,High school degree,No,Male,No,No,Yes,E-service,No,0,0.9781377292875685,0.02186227071243152,14789.138501494808,False,0.9999496911601321,0.9996197868490537,0.9988980865556769,0.9977761193673212,0.9962789678898675,0.9944416341245407,0.9923004735356603,0.9898899817301198,0.9872416813837321,0.9843838777055898,0.9813417744429563,0.9781377292875685
277,Zone 1,36,58,Unmarried,34,80,Did not complete high school,No,Female,No,No,No,E-service,No,0,0.9992638017909674,0.0007361982090325903,14906.76999023168,False,0.9999997819053453,0.9999970530389045,0.9999880339341582,0.9999693660213349,0.9999384163651779,0.999893196551526,0.999832236232969,0.999754471100258,0.9996591533752377,0.9995457822807231,0.9994140503378852,0.9992638017909674
278,Zone 1,61,46,Unmarried,5,318,Some college,No,Female,Yes,No,Yes,Plus service,No,0,0.9205649287862689,0.07943507121373106,14411.848268447406,False,0.999483272972087,0.99710081931506,0.9929254117431252,0.9873465457624595,0.9807056864305496,0.9732688414921746,0.9652392176912472,0.9567723041100322,0.9479879331961542,0.9389792158265327,0.9298190583150462,0.9205649287862689
279,Zone 2,48,42,Unmarried,21,35,College degree,No,Male,No,No,Yes,Plus service,No,0,0.9847458531025792,0.015254146897420773,14828.057264845858,False,0.9999727921132103,0.9997788922852268,0.9993316918231149,0.9986107259182898,0.9976218607478253,0.9963812466182155,0.9949086312026975,0.9932244067407081,0.9913482848398759,0.9892987271983078,0.9870927410727048,0.9847458531025792
280,Zone 3,35,45,Unmarried,17,29,Did not complete high school,No,Male,No,No,Yes,Basic service,No,0,0.9329112550047545,0.06708874499524553,14497.282030183433,False,0.9996244390810233,0.9977996965386864,0.994495321558647,0.9899809425068151,0.9845164377898039,0.9783143069818269,0.971542516337376,0.9643331677828819,0.9567905230380497,0.9489973712591763,0.9410198796356172,0.9329112550047545
281,Zone 1,51,28,Unmarried,8,43,Post-undergraduate degree,No,Male,Yes,Yes,Yes,Total service,No,0,0.6972795315578757,0.3027204684421243,12574.9146861686,True,0.991552106273476,0.9690269771852784,0.9407574732470343,0.9105897791790244,0.8802539515393792,0.8505692746349585,0.8219248945465651,0.7944927954762657,0.7683306636978373,0.7434348429086741,0.719768896725226,0.6972795315578757
282,Zone 2,49,51,Married,5,80,Post-undergraduate degree,No,Male,Yes,Yes,Yes,Total service,Yes,1,0.9185031818687497,0.08149681813125031,14397.37940499742,False,0.9994573933870086,0.9969759600904058,0.9926491609715904,0.9868879628712115,0.980047879018318,0.9724038686303123,0.9641648829380479,0.9554901242460533,0.9465018256188774,0.9372946332760604,0.9279424088394782,0.9185031818687497
283,Zone 1,35,39,Married,11,30,Some college,No,Female,No,No,Yes,Plus service,Yes,1,0.9818953078559043,0.018104692144095713,14811.432217846066,False,0.9999635999445042,0.9997141087823106,0.9991527783676792,0.9982631180932554,0.997058510691102,0.9955627891707239,0.9938026259992115,0.9918043902911162,0.9895928644327581,0.9871907833339604,0.9846187480039987,0.9818953078559043
284,Zone 1,58,70,Unmarried,2,9,Some college,Yes,Female,No,Yes,No,E-service,No,0,0.9676361684080453,0.03236383159195466,14724.899806351157,False,0.999900195184895,0.9993062144784346,0.99808422053317,0.9962628473337422,0.9939085111013347,0.9910920045579462,0.9878788698183594,0.9843269851375741,0.9804865271165218,0.976400692403676,0.9721066003930585,0.9676361684080453
285,Zone 1,23,35,Married,0,23,High school degree,No,Male,No,No,Yes,Plus service,No,0,0.9483040991817853,0.051695900818214735,14600.686282663703,False,0.999768245185319,0.9985527129225336,0.996243426713496,0.9929837750571264,0.9889397712029185,0.9842585030319124,0.9790625610245027,0.9734523897183286,0.9675100388515481,0.9613026744336318,0.9548855006743454,0.9483040991817853
286,Zone 2,26,39,Married,15,58,College degree,No,Female,No,Yes,Yes,Plus service,No,0,0.9441150787120425,0.05588492128795752,14572.909154031924,False,0.9997325719537148,0.9983609391921764,0.9957914028917677,0.992198932962748,0.9877740486263208,0.9826813870023414,0.977055984664797,0.9710071470127051,0.9646232670378657,0.9579760682809901,0.9511240303319307,0.9441150787120425
287,Zone 1,38,37,Married,1,52,Did not complete high school,No,Female,Yes,No,Yes,Total service,No,0,0.9345894256304177,0.06541057436958231,14508.728958751115,False,0.9996418295019144,0.9978882071043247,0.9946973728873314,0.9903238790974079,0.985016898916328,0.9789817006307766,0.972381364664829,0.9653446685634706,0.9579736010326967,0.9503493974698296,0.9425371709076967,0.9345894256304177
288,Zone 1,35,66,Married,44,14,Some college,Yes,Female,No,No,Yes,Plus service,No,0,0.9999535876015111,4.6412398488904216e-05,14909.897386941537,False,0.999999996287011,0.9999999274651734,0.9999996349707042,0.9999989123875204,0.9999975413473905,0.9999953081020531,0.9999920109502963,0.9999874632919488,0.9999814945163665,0.9999739498040225,0.9999646893929671,0.9999535876015111
289,Zone 2,37,50,Unmarried,9,110,High school degree,No,Female,No,No,Yes,Plus service,No,0,0.9771527377936008,0.02284726220639921,14783.229099127459,False,0.9999457116036315,0.9995934462782554,0.998827966864271,0.9976433948725599,0.9960681816401185,0.9941404247100502,0.9918991016551981,0.9893808708573691,0.9866190232723666,0.9836433070783372,0.9804801045563631,0.9771527377936008
290,Zone 2,48,43,Married,1,60,High school degree,No,Male,No,No,No,E-service,No,0,0.9791281803661239,0.020871819633876076,14795.054019765777,False,0.9999535534752342,0.9996456052921701,0.9989672148074566,0.9979075050673823,0.996488292902098,0.9947415341142101,0.99270097995005,0.9903989630576698,0.9878652274661042,0.985126619547023,0.9822071459444621,0.9791281803661239
291,Zone 3,13,43,Married,1,123,Some college,No,Male,No,Yes,Yes,Total service,No,0,0.9182308242747594,0.08176917572524056,14395.463861673492,False,0.9994539245855348,0.9969592921169939,0.9926123705054478,0.9868269925907577,0.9799605353285855,0.9722891401159545,0.9640225136854752,0.955320344599113,0.9463051787449804,0.9370718611739758,0.9276943761460611,0.9182308242747594
292,Zone 1,72,63,Married,29,15,Post-undergraduate degree,Yes,Male,No,No,Yes,Plus service,No,0,0.9995831508126369,0.0004168491873630664,14908.25483157225,False,0.9999999074610915,0.9999986436023737,0.9999942254187122,0.999984713854531,0.9999684653231597,0.9999441458546177,0.9999106938435097,0.9998672755546758,0.9998132446705557,0.9997481082085627,0.9996714985680284,0.9995831508126369
293,Zone 1,30,27,Unmarried,4,47,College degree,No,Female,No,Yes,No,E-service,Yes,1,0.7637678362534602,0.23623216374653977,13174.822352860961,False,0.9952130508775788,0.9807065306040181,0.9610537309998997,0.9389813855269784,0.9159200215237049,0.8926530069455796,0.8696225653646028,0.8470806897704314,0.8251685803497265,0.8039608370125532,0.7834911604774412,0.7637678362534602
294,Zone 1,24,43,Unmarried,14,138,College degree,No,Female,No,Yes,No,Plus service,No,0,0.9085618442347452,0.09143815576525482,14326.838028139395,False,0.9993231058301153,0.9963412708640659,0.9912616611170123,0.984604164491921,0.9767934014099762,0.9681473628260001,0.9589020340125638,0.9492337071375905,0.9392753816947178,0.9291283639252652,0.918870463376158,0.9085618442347452
295,Zone 2,25,51,Married,20,359,Some college,No,Male,Yes,No,Yes,Total service,No,0,0.9940050484835361,0.005994951516463898,14879.864893201757,False,0.9999941958330187,0.9999438908406701,0.9998124524109511,0.9995814774959823,0.9992433125322734,0.9987962337891529,0.9982418229810083,0.9975835014446078,0.9968256833033114,0.9959732731505108,0.995031363032934,0.9940050484835361
296,Zone 2,50,52,Unmarried,30,214,Some college,No,Male,Yes,Yes,Yes,Total service,No,0,0.9707846244199037,0.029215375580096348,14744.431351100562,False,0.9999166680690155,0.9994076573353248,0.9983431086716552,0.9967384294982414,0.9946464781569923,0.9921267386465407,0.9892357637912144,0.9860243762057709,0.9825372235518207,0.9788131610384502,0.9748858889298064,0.9707846244199037
297,Zone 2,28,40,Unmarried,7,64,Did not complete high school,No,Male,No,No,No,Plus service,No,0,0.9511574682475091,0.04884253175249087,14619.442239841996,False,0.9997910841331843,0.9986776348512264,0.9965408700009764,0.9935039396277602,0.9897166790837312,0.9853143751212327,0.9804111245718485,0.9751012443042383,0.9694623404266517,0.9635583433368261,0.9574420977466671,0.9511574682475091
298,Zone 3,34,51,Unmarried,8,50,College degree,No,Male,Yes,No,No,Basic service,No,0,0.8472371274852519,0.15276287251474807,13865.877594823787,False,0.9981164383159175,0.9912194657804408,0.9807376276362157,0.968020046031897,0.9539401460300309,0.9390613255368152,0.9237546623653747,0.9082694027554553,0.892775385938348,0.8773893202766185,0.8621915613789851,0.8472371274852519
299,Zone 1,48,32,Unmarried,2,88,Some college,No,Male,Yes,Yes,Yes,Total service,No,0,0.667848633112478,0.332151366887522,12295.304227748979,True,0.9894546238641526,0.9627938512511395,0.9303699894212862,0.8964867382546762,0.8629447498218764,0.8305311410144374,0.7995777210839703,0.7701976804940789,0.7423956010877437,0.7161220108130028,0.6913016674203833,0.667848633112478
300,Zone 2,42,36,Married,8,86,High school degree,No,Female,No,No,No,E-service,No,0,0.9806658926405829,0.019334107359417096,14804.183255986027,False,0.999959272083691,0.9996843409359019,0.9990717339216016,0.9981072487597367,0.9968078854536464,0.9952010118361094,0.9933164070347987,0.9911830735257998,0.9888279956114384,0.9862757407318985,0.9835484337964221,0.9806658926405829
301,Zone 3,67,65,Married,30,17,Did not complete high school,Yes,Female,No,No,Yes,Plus service,No,0,0.9996972320092528,0.0003027679907472436,14908.773446876088,False,0.9999999425719064,0.9999991200831805,0.9999961560221788,0.99998963716577,0.9999783183278125,0.9999611537189073,0.9999372832381238,0.9999060081578044,0.9998667664596869,0.9998191108067196,0.9997626897527971,0.9996972320092528
302,Zone 1,17,41,Married,7,25,High school degree,No,Male,No,Yes,Yes,Plus service,No,0,0.9173771881732309,0.08262281182676912,14389.453760143486,False,0.9994429765007568,0.9969067875328151,0.9924966111843228,0.9866353073763636,0.9796861061358287,0.9719288534308579,0.9635756187607344,0.9547876082543584,0.9456883417600427,0.9363732814998723,0.9269167907573954,0.9173771881732309
303,Zone 1,29,38,Married,19,46,High school degree,No,Male,No,No,No,E-service,No,0,0.9933965938716421,0.006603406128357858,14876.591604851998,False,0.9999932092103948,0.9999354666912691,0.9997864249106373,0.9995267198636573,0.9991489193767591,0.9986520028216855,0.9980384308795025,0.997312540389185,0.9964796333201622,0.9955454460611317,0.9945158356524779,0.9933965938716421
304,Zone 3,66,61,Unmarried,26,361,Did not complete high school,No,Female,No,No,No,E-service,No,0,0.9986728536679096,0.001327146332090412,14903.937690675451,False,0.9999994629398581,0.9999933546465228,0.999974363327573,0.999936699185971,0.9998762527895191,0.9997902161211623,0.9996767389420672,0.9995346710155164,0.9993633752665344,0.9991625925589623,0.9989323430755245,0.9986728536679096
305,Zone 2,1,21,Unmarried,1,18,Some college,No,Female,No,Yes,No,Basic service,Yes,1,0.3753278430193477,0.6246721569806524,8969.269121371653,True,0.9399794022482858,0.8490376502628283,0.7663248488474244,0.6949843463209666,0.6337832530443731,0.5810229256949656,0.5352041756751701,0.49511020685365115,0.4597725927260401,0.4284209540791347,0.40043864457409456,0.3753278430193477
306,Zone 1,28,33,Married,3,14,College degree,No,Male,No,Yes,Yes,Total service,Yes,1,0.8810630712770775,0.1189369287229225,14125.40360074237,False,0.9988660122337847,0.9943034923757665,0.9869556780780605,0.9776848054759312,0.9671146266241717,0.9556788740337365,0.9436815129341096,0.9313386766355704,0.9188061476133542,0.9061974401143709,0.8935959159336899,0.8810630712770775
307,Zone 1,15,35,Married,5,34,Some college,No,Male,No,Yes,No,E-service,Yes,1,0.9048677607361,0.09513223926390002,14300.30672564224,False,0.9992691269391903,0.99609165365032,0.9907229102256374,0.9837254213324873,0.9755499841994029,0.9665304785836913,0.9569126315000703,0.9468787324931613,0.9365654393795806,0.9260762233172573,0.9154900893152852,0.9048677607361
308,Zone 2,12,64,Unmarried,13,9,High school degree,Yes,Female,No,Yes,Yes,Plus service,No,0,0.9701095560173523,0.02989044398264773,14740.262056852063,False,0.9999132537200163,0.999386430345749,0.9982886351719594,0.9966379674782051,0.9944901158178585,0.9919069526454359,0.9889469446569188,0.9856624263480932,0.9820992367962756,0.9782971716050616,0.9742906753665118,0.9701095560173523
309,Zone 3,48,49,Unmarried,18,39,High school degree,No,Female,Yes,No,Yes,Total service,Yes,1,0.9800771033125246,0.019922896687475378,14800.695715331385,False,0.9999571224426401,0.9996697046358601,0.9990321220306524,0.9980313857313444,0.9966863026967399,0.995025976394403,0.9930816961056119,0.9908837350370698,0.9884601337036395,0.9858363340232246,0.9830351846866351,0.9800771033125246
310,Zone 2,59,25,Married,4,18,Some college,No,Male,No,No,No,Basic service,No,0,0.8052264040474628,0.19477359595253718,13526.810969528591,False,0.9968602150128781,0.9864657465244315,0.9716106639574456,0.9543176560521851,0.9357575769105205,0.916625366720993,0.8973458782742068,0.8781839895856052,0.8593061201244254,0.8408161909687328,0.8227774888133454,0.8052264040474628
311,Zone 3,8,26,Married,1,25,College degree,No,Male,No,Yes,No,Basic service,Yes,1,0.5627846350905303,0.43721536490946966,11222.989152256801,True,0.9788424932823924,0.934238440282308,0.8854353980914293,0.8378933877008847,0.7932352397083828,0.7518487681630671,0.7136796255354855,0.6785151907714484,0.6460958932098458,0.6161605165152545,0.5884642012317705,0.5627846350905303
312,Zone 1,45,52,Unmarried,15,46,Post-undergraduate degree,No,Female,No,No,No,E-service,Yes,1,0.9918134246336099,0.008186575366390114,14867.971216535463,False,0.999990351149242,0.9999117867736507,0.9997145354262715,0.9993773441042321,0.998893887158699,0.9982653682619179,0.9974968121397895,0.9965951238246107,0.9955680339475169,0.9944235121937293,0.9931694390254457,0.9918134246336099
313,Zone 1,25,39,Married,8,94,College degree,No,Female,No,No,No,E-service,Yes,1,0.9842597860397375,0.015740213960262484,14825.241291851411,False,0.9999713085273245,0.9997682734508443,0.999302100518318,0.9985528664355087,0.9975276280060454,0.9962437907195478,0.994722252466501,0.992984409752193,0.9910508339784303,0.9889407170046121,0.9866716843678517,0.9842597860397375
314,Zone 1,21,44,Married,4,26,Some college,No,Male,Yes,Yes,Yes,Total service,No,0,0.8787105028433799,0.12128949715662007,14107.761150939801,False,0.9988207977276786,0.9941097906207033,0.9865558919747908,0.9770530882910166,0.9662424801983419,0.9545673514424247,0.9423369595399479,0.9297703186547441,0.9170246844274005,0.9042142051241662,0.891422371051097,0.8787105028433799
315,Zone 2,17,68,Married,1,335,Did not complete high school,No,Female,Yes,No,Yes,Total service,No,0,0.9911319482226532,0.008868051777346841,14864.21863441755,False,0.9999889948938869,0.9999008496405364,0.9996818545401013,0.999310200280528,0.9987802521151934,0.9980943265420286,0.9972586581246327,0.9962813265386432,0.9951711500772782,0.9939370826232522,0.9925878846408805,0.9911319482226532
316,Zone 2,41,45,Unmarried,14,25,Some college,No,Male,No,Yes,Yes,Basic service,Yes,1,0.7786599401461327,0.2213400598538673,13303.215860774717,False,0.9958553212279485,0.9829025098010125,0.9650259977284145,0.9446974150041226,0.9232591051183014,0.9014679453275376,0.8797641944284187,0.8584077339310779,0.837551263655881,0.8172817344506241,0.7976448294432736,0.7786599401461327
317,Zone 1,13,45,Married,3,99,Some college,No,Female,Yes,Yes,Yes,Plus service,Yes,1,0.8462094461183591,0.15379055388164087,13857.80036240068,False,0.9980901874629026,0.9911155844580796,0.9805329491244682,0.9677071041337851,0.9535189971961766,0.9385356723890631,0.9231299293907286,0.9075517371228039,0.8919711242540517,0.8765047019663958,0.8612325775461718,0.8462094461183591
318,Zone 2,1,26,Married,3,30,High school degree,No,Female,No,No,No,Basic service,Yes,1,0.8039789198993219,0.1960210801006781,13516.468844694758,False,0.9968168713445231,0.9863083296340525,0.9713156887537262,0.9538824356934008,0.9351878281870809,0.9159301116452458,0.8965351951559615,0.8772679815460007,0.8582944435558246,0.8397178546786599,0.8216007876943824,0.8039789198993219
319,Zone 3,3,31,Married,4,35,High school degree,No,Female,Yes,Yes,Yes,Total service,Yes,1,0.7904062238073347,0.20959377619266528,13402.94228284944,False,0.9963211696674878,0.9845330208430467,0.9680160485429279,0.949042024665493,0.928879508454503,0.9082602250795977,0.8876194725398499,0.8672207732096666,0.8472239766347543,0.8277243520275458,0.808775978369643,0.7904062238073347
320,Zone 1,23,27,Married,2,51,Post-undergraduate degree,No,Female,Yes,No,No,Basic service,Yes,1,0.6922169446083587,0.3077830553916413,12527.439057149773,True,0.9912141027632121,0.9680038725555001,0.9390341415857602,0.9082322723600513,0.8773435362596391,0.8471839240785504,0.8181342391076117,0.7903573725269213,0.7639025625731594,0.7387587360619572,0.7148830956493766,0.6922169446083587
321,Zone 3,26,42,Unmarried,20,49,Some college,No,Male,Yes,Yes,Yes,Total service,Yes,1,0.9018711777214836,0.09812882227851638,14278.66115537962,False,0.9992236866128358,0.9958836820776501,0.9902767495711358,0.9830008159694992,0.974528078873043,0.9652052485371203,0.9552858245712007,0.9449568176263944,0.9343577166530914,0.9235936272434998,0.9127444186505671,0.9018711777214836
322,Zone 1,37,51,Married,15,54,Did not complete high school,No,Male,No,No,No,Plus service,No,0,0.994715330078301,0.005284669921698959,14883.654891177615,False,0.9999952664399928,0.9999532200361633,0.9998416216229885,0.9996433659407531,0.9993507003616161,0.9989612026589453,0.9984755167080969,0.9978960562651413,0.9972262395469933,0.9964700252591312,0.9956316261040556,0.994715330078301
323,Zone 3,5,30,Unmarried,3,46,College degree,No,Male,No,Yes,No,E-service,Yes,1,0.7791879550644942,0.22081204493550577,13307.72802616159,False,0.9958770185501475,0.9829777076886486,0.9651631015942678,0.9448958129552467,0.9235149446712047,0.9017763222908203,0.8801200456173135,0.8588062086411932,0.8379878691249628,0.8177523790753198,0.7981458193189515,0.7791879550644942
324,Zone 1,32,27,Married,3,91,College degree,No,Female,Yes,Yes,No,Total service,Yes,1,0.746836876848282,0.25316312315171796,13026.19797865594,True,0.9944087666823368,0.978029782305768,0.9562875706396055,0.9321992539506614,0.9072873421508494,0.8823575704005839,0.8578483816577543,0.833998345620677,0.810932329772058,0.7887085128378037,0.7673452332697551,0.746836876848282
325,Zone 3,12,22,Unmarried,1,23,College degree,No,Male,No,No,Yes,Basic service,No,0,0.6343229925703024,0.36567700742969755,11965.990153282724,True,0.9866439917566219,0.954811710327659,0.9174157767682365,0.8792264598446199,0.8420671800266257,0.8066482164072378,0.7732095410692343,0.7417799578206821,0.7122920691309425,0.6846366011648531,0.6586890595350159,0.6343229925703024
326,Zone 1,72,54,Married,6,345,Did not complete high school,No,Male,No,No,No,Plus service,No,0,0.9905996724388981,0.009400327561101873,14861.271444638744,False,0.9999878839687943,0.999892008879956,0.999655641921674,0.9992566414477386,0.9986899949220659,0.9979589463125531,0.9970707139661977,0.9960343195734085,0.994859445301961,0.9935558208794683,0.9921328961556454,0.9905996724388981
327,Zone 3,3,25,Married,2,45,College degree,No,Female,No,Yes,No,Basic service,Yes,1,0.5645644639765951,0.4354355360234049,11242.170140804137,True,0.9790709285335133,0.9348146628610348,0.8863078183798125,0.8389998831432322,0.7945233796536497,0.7532769578715101,0.7152152621910713,0.6801326792517293,0.6477750247790003,0.6178852281958518,0.5902216421508166,0.5645644639765951
328,Zone 1,54,43,Unmarried,12,53,High school degree,No,Male,No,No,Yes,Plus service,No,0,0.9713337001436104,0.028666299856389577,14747.81486278621,False,0.9999193978094754,0.999424709764155,0.9983869922731831,0.9968195225836055,0.9947728891763565,0.9923046488710755,0.9894698038735553,0.9863179478418674,0.9828927572034907,0.9792323185436658,0.9753697222173697,0.9713337001436104
329,Zone 2,26,26,Unmarried,2,14,High school degree,No,Female,No,Yes,Yes,Total service,Yes,1,0.7312983898681668,0.26870161013183325,12887.313864051468,True,0.9935970165471878,0.9753988364624286,0.9516750515408319,0.9257075901108497,0.8990946381716024,0.8726547909029203,0.8468172560839315,0.8218041062346446,0.7977222173211487,0.7746125401576041,0.7524777611558984,0.7312983898681668
330,Zone 3,14,36,Unmarried,13,67,Post-undergraduate degree,No,Female,No,Yes,No,Basic service,No,0,0.6863990967423897,0.31360090325761025,12472.56303251656,True,0.9908142596268732,0.9668033260673312,0.9370214596074431,0.9054881529541277,0.8739646347527741,0.8432619798313876,0.8137506292595091,0.7855825007289623,0.7587967692405903,0.7333735969027079,0.7092627119924997,0.6863990967423897
331,Zone 3,22,51,Unmarried,27,49,Some college,No,Male,No,No,Yes,Basic service,No,0,0.9765387882780392,0.023461211721960806,14779.53270165904,False,0.9999431613942132,0.9995766964493216,0.9987835793243917,0.9975596461573162,0.9959355070301658,0.9939512207400488,0.99164741438258,0.9890620995836378,0.986229668726979,0.9831807651914101,0.979942499692672,0.9765387882780392
332,Zone 3,65,47,Married,18,37,Did not complete high school,No,Female,No,No,No,Basic service,No,0,0.972738578387622,0.02726142161237799,14756.440218836604,False,0.9999261886787673,0.9994674649510931,0.998497525978178,0.9970244447723774,0.9950931371187776,0.9927562950475495,0.9900649799433618,0.987065645293807,0.9837994742855032,0.9803025719302891,0.9766064497517062,0.972738578387622
333,Zone 3,26,45,Unmarried,18,33,Did not complete high school,No,Male,No,No,No,Basic service,No,0,0.9370037039230791,0.06299629607692092,14525.124708465748,False,0.9996661053963104,0.9980128042184346,0.9949832038492036,0.9908107080329174,0.9857292732497003,0.9799337960419311,0.9735802952319603,0.9667927081661145,0.9596696887065114,0.9522901730514911,0.9447176981924599,0.9370037039230791
334,Zone 1,20,37,Unmarried,5,46,Some college,No,Female,Yes,Yes,Yes,Total service,No,0,0.7484203850605408,0.25157961493945924,13040.217994391718,True,0.9944874589140908,0.9782884271979388,0.9567447407868559,0.9328464087858997,0.9081077421137127,0.8833327463160445,0.8589604934128847,0.8352310097121769,0.8122708357183798,0.7901397911135584,0.768857727244898,0.7484203850605408
335,Zone 2,67,60,Married,32,93,Did not complete high school,No,Male,No,No,No,E-service,No,0,0.9997743369083291,0.00022566309167093568,14909.119019266167,False,0.9999999628545196,0.9999994076684019,0.9999973515074658,0.9999927417421085,0.9999846196984624,0.9999721568547242,0.9999546533296612,0.9999315252589366,0.999902289820994,0.9998665509032129,0.9998239863423549,0.9997743369083291
336,Zone 1,34,55,Unmarried,2,48,High school degree,No,Male,No,No,No,Basic service,No,0,0.9017002184933943,0.09829978150660568,14277.422934108004,False,0.9992210491776274,0.9958716687484281,0.9902510496380439,0.9829591600259983,0.9744694225866879,0.9651292778137118,0.9551926651590568,0.9448468607005331,0.9342315112232847,0.923451812297044,0.9125876796594485,0.9017002184933943
337,Zone 1,37,54,Married,35,183,High school degree,No,Male,No,No,No,Plus service,No,0,0.9994904962309664,0.0005095037690335813,14907.82846035984,False,0.9999998749331602,0.9999982180301816,0.9999925376744546,0.999980474955763,0.9999600818110387,0.999929813905737,0.9998884705251242,0.9998351318541361,0.9997691048500597,0.9996898790331804,0.999597091025141,0.9994904962309664
338,Zone 2,22,23,Married,3,16,Did not complete high school,No,Male,No,No,No,Basic service,No,0,0.780142219490257,0.21985778050974303,13315.87573071097,False,0.9959160484363783,0.9831131528014635,0.9654102392044694,0.9452536303943275,0.9239765538484593,0.902332915282207,0.8807625117788763,0.8595258096722032,0.8387765049242435,0.8186026680857799,0.7990510939365996,0.780142219490257
339,Zone 2,5,69,Unmarried,0,11,High school degree,Yes,Male,No,No,No,Basic service,No,0,0.9468713674970037,0.053128632502996265,14591.217804903275,False,0.9997563320875561,0.9984882395328692,0.9960908639515675,0.9927181493664017,0.9885443930036825,0.9837226572500947,0.9783797938848372,0.9726192968342418,0.9665254097909238,0.9601668833337138,0.9536000670069225,0.9468713674970037
340,Zone 1,28,31,Married,0,42,College degree,No,Female,No,No,No,Plus service,No,0,0.9354465411788031,0.0645534588211969,14514.55958584727,False,0.9996505479892844,0.9979328116826804,0.9947995052887951,0.9904975992462851,0.9852708391128902,0.9793208064395091,0.9728080788827957,0.9658597233248108,0.9585765532666832,0.9510389964888539,0.9433116145673247,0.9354465411788031
341,Zone 1,20,41,Married,7,67,College degree,No,Female,No,No,No,Basic service,No,0,0.9194260884619294,0.08057391153807059,14403.863110528628,False,0.9994690606757967,0.9970321389890594,0.9927733125626176,0.9870938877765085,0.9803430761328713,0.972791830307965,0.9646465356008701,0.9560647391810041,0.9471676066215883,0.9380491034710525,0.9287826696176049,0.9194260884619294
342,Zone 3,72,41,Unmarried,20,181,College degree,No,Male,Yes,Yes,No,Total service,No,0,0.8969816220676176,0.10301837793238244,14243.107543256066,False,0.9991463197789158,0.9955337697145574,0.989531277424574,0.9817960481549232,0.9728354786539344,0.9630170808347054,0.9526067767820247,0.9417990000762588,0.9307375968785212,0.9195301078039121,0.9082576127118693,0.8969816220676176
343,Zone 2,30,43,Unmarried,18,53,College degree,No,Male,No,Yes,No,Basic service,No,0,0.7998957584904742,0.20010424150952577,13482.509033625462,False,0.9966724228678008,0.9857863504352946,0.9703404524238141,0.9524465245735466,0.9333111094392063,0.9136430064333498,0.8938713558672811,0.8742609633685186,0.8549762024096097,0.8361181224519545,0.8177468801764973,0.7998957584904742
344,Zone 3,71,52,Unmarried,17,172,High school degree,No,Male,Yes,Yes,Yes,Total service,No,0,0.9296205992505862,0.07037940074941385,14474.718819932643,False,0.9995891012968133,0.9976216228384382,0.9940911751494903,0.9892978203710281,0.9835227154584856,0.976992580673613,0.9698849026711303,0.9623382038858936,0.9544610950641388,0.9463393067275845,0.9380409757938944,0.9296205992505862
345,Zone 2,56,44,Unmarried,24,87,High school degree,No,Male,No,No,Yes,Plus service,No,0,0.9897134517527996,0.010286548247200433,14856.334618265491,False,0.9999859352771563,0.9998767254620732,0.9996107112422726,0.9991653897221924,0.9985369361078997,0.9977302438626273,0.996754238209693,0.9956195518842128,0.9943373294502377,0.9929186034958196,0.9913739737629047,0.9897134517527996
346,Zone 1,8,29,Married,2,21,Post-undergraduate degree,No,Male,No,No,No,Basic service,Yes,1,0.8177696674601916,0.18223033253980836,13629.930603987525,False,0.9972759704750052,0.9879955809456573,0.9744994238289565,0.9586031826669438,0.9413915976867249,0.9235243380068519,0.9054138611826799,0.887323380912427,0.869422712616496,0.8518214483464663,0.8345894103423664,0.8177696674601916
347,Zone 2,32,65,Unmarried,6,9,High school degree,Yes,Female,No,Yes,No,E-service,No,0,0.96692913348019,0.03307086651980995,14720.48407524242,False,0.9998963038539064,0.9992825856415252,0.9980244136297842,0.996153622988987,0.9937397958663431,0.9908563208148027,0.9875707787946355,0.9839426328391515,0.9800232907879465,0.9758569083625326,0.9714813544113555,0.96692913348019
348,Zone 2,46,47,Unmarried,22,144,Some college,No,Female,No,No,Yes,Plus service,Yes,1,0.9902136296577122,0.009786370342287798,14859.125419152602,False,0.9999870502349205,0.9998854369220727,0.9996362645824375,0.9992172051323627,0.9986237406650863,0.9978598180095013,0.996933388862099,0.9958541704615617,0.9946324785392369,0.9932786088169598,0.991802511836448,0.9902136296577122
349,Zone 3,60,45,Married,23,117,College degree,No,Male,Yes,Yes,Yes,Total service,No,0,0.9648056551627391,0.035194344837260916,14707.159091309726,False,0.9998841929561394,0.9992097747954826,0.9978411912194218,0.9958203841638835,0.9932266959398136,0.9901414240661347,0.9866383098790189,0.982781572231913,0.9786262914596076,0.9742194676845296,0.9696011800616012,0.9648056551627391
350,Zone 2,42,32,Married,0,59,College degree,No,Female,Yes,Yes,Yes,Total service,No,0,0.7600642297939764,0.23993577020602364,13142.552163824103,False,0.9950440082464777,0.9801375847153649,0.9600340316494402,0.9375236487715798,0.9140578748622459,0.8904256912514446,0.8670690466173373,0.8442374029880846,0.8220686822157153,0.8006341057104843,0.7799641689365739,0.7600642297939764
351,Zone 3,71,60,Married,39,508,College degree,No,Male,Yes,No,Yes,Total service,No,0,0.999631280088749,0.0003687199112509809,14908.474568576745,False,0.9999999229713031,0.9999988514434417,0.9999950612861588,0.9999868341107683,0.9999726910149829,0.999951415306998,0.9999220258789836,0.9998837415763009,0.9998359475745322,0.9997781664542041,0.9997100341333117,0.999631280088749
352,Zone 2,72,63,Married,40,222,High school degree,Yes,Female,No,No,Yes,Plus service,No,0,0.999890619011819,0.00010938098818102926,14909.629525598004,False,0.9999999871660693,0.9999997748850065,0.9999989360130134,0.9999969674416512,0.9999933759940028,0.9999877081947007,0.9999795588872088,0.9999685715212536,0.9999544351620504,0.9999368803529673,0.9999156747616681,0.999890619011819
353,Zone 3,45,66,Unmarried,11,87,Some college,Yes,Female,No,No,No,Basic service,No,0,0.970416213864625,0.029583786135375045,14742.157284138042,False,0.9999148126891816,0.9993961086410418,0.9983134512525671,0.9966837070845904,0.994561273686044,0.9920069359603061,0.9890782902130902,0.9858269840403727,0.9822983156805977,0.9785316541852578,0.9745611067839538,0.970416213864625
354,Zone 3,5,31,Unmarried,4,34,Did not complete high school,No,Male,Yes,No,Yes,Plus service,Yes,1,0.8315688138441925,0.16843118615580754,13741.533704851461,False,0.997692590704922,0.9895690058472317,0.9775160802549094,0.9631270713414511,0.9473890580759342,0.9309188397766607,0.9141115884888004,0.8972257254420541,0.8804324782436219,0.8638458763076606,0.8475415406908142,0.8315688138441925
355,Zone 2,17,38,Married,19,18,College degree,No,Female,No,No,No,E-service,No,0,0.9933965938716421,0.006603406128357858,14876.591604851998,False,0.9999932092103948,0.9999354666912691,0.9997864249106373,0.9995267198636573,0.9991489193767591,0.9986520028216855,0.9980384308795025,0.997312540389185,0.9964796333201622,0.9955454460611317,0.9945158356524779,0.9933965938716421
356,Zone 2,70,55,Unmarried,12,65,Some college,No,Male,Yes,No,Yes,Plus service,No,0,0.9702509457857084,0.029749054214291637,14741.136146256238,False,0.9999139741554667,0.9993909000568567,0.998300091664816,0.9966590778500849,0.9945229508269787,0.9919530810899893,0.989007533825061,0.9857383268004578,0.9821910498094624,0.9784053019181291,0.9744153723286169,0.9702509457857084
357,Zone 3,57,57,Married,19,130,Some college,No,Female,No,Yes,No,E-service,No,0,0.9911543773924254,0.0088456226075746,14864.3425175534,False,0.9999890407171063,0.9999012164865339,0.9996829460292688,0.9993124359829074,0.9987840269427215,0.9980999974200512,0.9972665412490427,0.9962916988658671,0.9951842524248108,0.993953123243656,0.9926070427701568,0.9911543773924254
358,Zone 1,20,33,Unmarried,13,44,Some college,No,Female,No,No,Yes,E-service,No,0,0.9647534105143064,0.03524658948569359,14706.830081074595,False,0.999883886967284,0.9992079487243198,0.9978366159122369,0.9958120882965307,0.9932139529489483,0.9901237040126496,0.9866152350272664,0.9827528817454239,0.9785918143580719,0.9741791022798093,0.969554878279224,0.9647534105143064
359,Zone 1,72,52,Married,21,63,Did not complete high school,No,Male,No,No,Yes,Plus service,No,0,0.9972650951353951,0.0027349048646049257,14896.925282706037,False,0.9999983431788102,0.9999817088805223,0.9999339609973908,0.9998443934430918,0.9997066012113598,0.9995170326569641,0.999274008053686,0.9989770842682176,0.9986266398477257,0.9982235992008597,0.9977692460132062,0.9972650951353951
360,Zone 3,32,50,Unmarried,28,57,College degree,No,Male,No,No,Yes,Plus service,No,0,0.9954899565994334,0.004510043400566599,14887.74638638445,False,0.9999963314521314,0.9999627413249236,0.9998718413037831,0.9997081694248693,0.9994640790458507,0.9991365545218912,0.9987253411883515,0.9982318421475778,0.9976584497166878,0.9970081299753618,0.9962841595374163,0.9954899565994334
361,Zone 3,22,57,Married,7,264,Did not complete high school,No,Female,No,No,Yes,Plus service,No,0,0.9931488420889921,0.006851157911007877,14875.252161514736,False,0.9999927894460428,0.9999319261061775,0.9997755638227485,0.9995039857389358,0.9991098837820589,0.9985925492160205,0.9979548187992214,0.997201414522868,0.996338007892946,0.9953706787930106,0.9943055981951142,0.9931488420889921
362,Zone 2,6,24,Unmarried,2,28,Did not complete high school,No,Male,No,No,Yes,Plus service,Yes,1,0.8533392937250599,0.1466607062749401,13913.609066269144,False,0.9982679465619024,0.9918237787545593,0.9819338367647713,0.9698550049818175,0.9564158943703224,0.9421578618672384,0.9274413617084999,0.9125110014343287,0.8975352090707425,0.8826310391657477,0.8678801373848288,0.8533392937250599
363,Zone 3,32,23,Married,2,26,Some college,No,Female,Yes,Yes,Yes,Total service,No,0,0.698923293404758,0.301076706595242,12590.274262752455,True,0.9916598962542075,0.9693548896605322,0.9413114372363044,0.911349177638259,0.881192967040852,0.851662964283099,0.8231508899378686,0.7958315893327956,0.7697654296274437,0.744951120289563,0.7213542612433366,0.698923293404758
364,Zone 1,38,33,Unmarried,3,38,College degree,No,Male,No,Yes,No,E-service,No,0,0.8030870789267,0.19691292107330005,13509.065592311374,False,0.9967856592153181,0.9861952011893365,0.971103953683949,0.9535702935940782,0.9347794673902984,0.9154320603733079,0.8959547170100823,0.8766123422319413,0.857570577379586,0.8389322238072944,0.8207593369281494,0.8030870789267
365,Zone 1,53,35,Unmarried,15,59,Some college,No,Female,No,No,Yes,Plus service,No,0,0.9620989262234144,0.03790107377658558,14690.04139406146,False,0.9998678324216985,0.9991129968128141,0.9975999551815727,0.9953845724120405,0.992559150876762,0.9892152943306906,0.9854346638219241,0.9812875240468059,0.9768335772063268,0.9721233690515182,0.9671997079626732,0.9620989262234144
366,Zone 3,37,76,Unmarried,38,117,College degree,No,Female,No,No,No,Basic service,No,0,0.998799963233116,0.0012000367668839607,14904.554141188572,False,0.9999995400415709,0.9999942207327778,0.9999775049095525,0.999944105454315,0.9998901985674538,0.9998131191397458,0.9997110677689376,0.9995828856544549,0.9994278889196619,0.999245747296762,0.9990363947802267,0.998799963233116
367,Zone 1,47,35,Married,13,70,College degree,No,Female,Yes,Yes,No,Total service,Yes,1,0.8867139764817326,0.11328602351826744,14167.523678167696,False,0.9989705849205844,0.9947562331727684,0.9878958851586644,0.9791769856201461,0.9691817417704514,0.9583206783081151,0.9468846929182577,0.9350826533968513,0.9230664981496598,0.9109479588937499,0.8988098721005373,0.8867139764817326
368,Zone 3,69,59,Unmarried,37,104,High school degree,No,Male,Yes,No,Yes,Plus service,No,0,0.9974621022049273,0.002537897795072741,14897.923583490629,False,0.9999985270728305,0.9999835405663602,0.9999401538905502,0.9998582824807644,0.9997317608602442,0.9995570657185431,0.9993324293845478,0.9990572578180412,0.9987317464314645,0.9983566223483362,0.9979329685632324,0.9974621022049273
369,Zone 3,63,56,Unmarried,17,71,Some college,No,Female,No,No,No,Basic service,No,0,0.9643110444169977,0.035688955583002335,14704.04206274501,False,0.9998812806489528,0.9991924206013245,0.9977977472000826,0.9957416607125329,0.9931058293350468,0.9899734158305191,0.9864196036005657,0.9825097179338137,0.9782996888575752,0.9738371711573462,0.9691627500834482,0.9643110444169977
370,Zone 1,61,34,Married,0,70,Some college,No,Female,Yes,Yes,Yes,Total service,Yes,1,0.7769719730164082,0.2230280269835918,13288.772822325283,False,0.9957854730527471,0.9826609032619241,0.9645859922676672,0.9440612135918379,0.9224392200581403,0.9004802002741825,0.8786248805734502,0.8571324323497161,0.8361543881717841,0.8157763994165423,0.7960428652023795,0.7769719730164082
371,Zone 1,56,38,Married,8,56,College degree,No,Male,No,Yes,No,Total service,No,0,0.9306167610387038,0.06938323896129617,14481.565512814428,False,0.999599972582278,0.9976761606335794,0.9942146267990286,0.9895061000046698,0.9838252568255723,0.977394507609019,0.970388465771042,0.9629437240171077,0.9551675916924602,0.9471449235875145,0.9389432738559076,0.9306167610387038
372,Zone 3,40,57,Married,18,68,Did not complete high school,No,Male,No,No,No,Plus service,No,0,0.9975982157552826,0.0024017842447173754,14898.610488631683,False,0.9999986492153854,0.999984770635114,0.999944339573084,0.9998677128106584,0.9997489042370623,0.9995844225797957,0.9993724496916597,0.9991122954192158,0.9988040349294821,0.9984482637676687,0.9980459297259696,0.9975982157552826
373,Zone 2,61,45,Unmarried,21,80,High school degree,No,Female,No,No,No,E-service,No,0,0.9917992240967614,0.008200775903238644,14867.893265869852,False,0.9999903236511801,0.9999115633173028,0.9997138647295796,0.9993759617628138,0.9988915419119817,0.9982618311446543,0.9974918787958271,0.9965886139899746,0.9955597897937156,0.9944133962827503,0.9931573322171324,0.9917992240967614
374,Zone 2,16,26,Unmarried,7,21,College degree,No,Male,Yes,Yes,Yes,Total service,No,0,0.6659753959295791,0.3340246040704209,12277.20995110811,True,0.9893099062742057,0.9623732765673472,0.9296782369671586,0.8955562793371565,0.8618110253758455,0.8292264562098507,0.7981300024961813,0.7686306279900683,0.7407292113417643,0.714373147909239,0.6894845802951564,0.6659753959295791
375,Zone 2,7,43,Unmarried,4,69,Some college,No,Female,No,No,No,Basic service,No,0,0.8468109152937847,0.15318908470621528,13862.52905664805,False,0.9981055771661689,0.9911764568386388,0.9806528536770399,0.9678903956642549,0.9537656286970484,0.9388434652116823,0.9234956995053799,0.9079718795888343,0.8924419249430757,0.8770225049802233,0.8617938734003087,0.8468109152937847
376,Zone 3,20,31,Married,10,39,High school degree,No,Female,No,No,No,Basic service,No,0,0.8888694556103384,0.11113054438966163,14183.49321275413,False,0.9990089900509284,0.9949242758543551,0.9882470253067818,0.9797367216094415,0.9699597845032952,0.9593177939307292,0.9480965337747964,0.9365019727621161,0.9246844691383745,0.9127549773078181,0.9007960516825857,0.8888694556103384
377,Zone 2,35,38,Unmarried,7,90,High school degree,No,Male,No,Yes,No,E-service,No,0,0.8687526882656382,0.13124731173436177,14032.399201409959,False,0.9986182533549792,0.9932557460833408,0.9848094626441136,0.9743115416437361,0.9624767086291206,0.9497878771520949,0.936575707725237,0.9230704614046226,0.9094348045049376,0.895784875402205,0.8822041345537801,0.8687526882656382
378,Zone 1,60,37,Married,12,64,Post-undergraduate degree,No,Female,No,No,No,E-service,No,0,0.9869432639314938,0.013056736068506214,14840.68356936133,False,0.9999790636282979,0.9998246246600662,0.9994605339880579,0.9988646148687462,0.9980378608043996,0.9969910646162865,0.9957389577857213,0.9942974880545602,0.9926825180718772,0.9909092092573839,0.9889917504141092,0.9869432639314938
379,Zone 2,47,25,Unmarried,2,28,High school degree,No,Male,Yes,No,Yes,Total service,No,0,0.8086931114898028,0.19130688851019717,13555.46942489931,False,0.9969787491973136,0.9868981708479396,0.9724230832904851,0.9555185653329826,0.9373319581481476,0.9185488212653434,0.8995909033111908,0.8807228795288142,0.8621123076076567,0.8438648293524075,0.8260456552523814,0.8086931114898028
380,Zone 2,33,28,Married,3,24,High school degree,No,Female,No,No,No,Basic service,No,0,0.8189622020356863,0.18103779796431374,13639.651941622573,False,0.9973136328743195,0.9881360552351841,0.9747667829846658,0.9590020403058325,0.9419182385935732,0.9241715058292136,0.9061729549823567,0.8881855078062597,0.8703791983026693,0.8528640772464279,0.8357105263975273,0.8189622020356863
381,Zone 3,12,34,Unmarried,2,44,High school degree,No,Male,No,No,No,Basic service,No,0,0.7607065858579118,0.23929341414208816,13148.158805023357,False,0.9950735989999686,0.9802369224596159,0.9602118029935467,0.937777514814426,0.9143819004015715,0.8908129959514728,0.8675128198274329,0.8447312892920928,0.8226069066678284,0.8012114879890231,0.7805760909581078,0.7607065858579118
382,Zone 1,10,31,Unmarried,0,32,College degree,No,Female,No,Yes,No,E-service,Yes,1,0.7581609136105194,0.2418390863894806,13125.915712546528,False,0.9949556555195702,0.9798416136507543,0.9595050343515582,0.9367688852060896,0.913095184402412,0.8892756431405756,0.8657519492385931,0.8427721757740878,0.8204724954511697,0.7989223465507779,0.7781505431348293,0.7581609136105194
383,Zone 2,69,33,Married,9,52,College degree,No,Female,No,No,Yes,Plus service,No,0,0.9688068686798909,0.031193131320109146,14732.187737407996,False,0.9999064834851265,0.9993446580349847,0.9981819120162915,0.9964417630591891,0.9941854811018794,0.9914796046564947,0.9883863152393537,0.9849608667193067,0.9812513883365201,0.9772994757803267,0.9731409926797754,0.9688068686798909
384,Zone 1,23,20,Unmarried,1,15,Some college,No,Female,No,No,No,E-service,No,0,0.8556055144308357,0.14439448556916434,13931.23496533101,False,0.998322332610254,0.9920427765745138,0.9823697461528472,0.9705263179821044,0.9573244061789211,0.943297016612035,0.9288004859593858,0.9140775479766743,0.8992959814235051,0.8845728680591751,0.8699902513730036,0.8556055144308357
385,Zone 1,53,31,Unmarried,10,46,Some college,No,Male,No,Yes,No,E-service,No,0,0.8468642097171466,0.1531357902828534,13862.94786904111,False,0.9981069372735676,0.9911818404940833,0.9806634627222676,0.9679066179975249,0.953787462054431,0.9388707181309803,0.923528091117535,0.9080090914497845,0.8924836287047527,0.8770683772699828,0.8618436036720496,0.8468642097171466
386,Zone 2,60,57,Married,14,107,High school degree,No,Female,No,No,Yes,Plus service,No,0,0.99643647238694,0.0035635276130600024,14892.67861215466,False,0.9999974813004259,0.9999733810997921,0.9999062990880067,0.9997831275119342,0.9995966908285979,0.9993435259826865,0.9990224913682857,0.9986339094818427,0.9981790282222162,0.9976596747751648,0.9970780289265401,0.99643647238694
387,Zone 2,33,33,Unmarried,7,56,High school degree,No,Male,No,No,No,Basic service,No,0,0.8001528832762653,0.19984711672373467,13484.652463434166,False,0.9966816363938539,0.9858195258510968,0.970402306103156,0.9525374612122303,0.9334298257794345,0.913787546660463,0.8940395709481708,0.8744507184590882,0.85518546955975,0.8363450184655434,0.8179896775724822,0.8001528832762653
388,Zone 3,67,40,Married,21,40,College degree,No,Female,Yes,Yes,Yes,Total service,No,0,0.9458764605078586,0.05412353949214144,14584.62316797992,False,0.9997478836557777,0.9984427841501964,0.99598367173188,0.9925319717933802,0.9882677945898318,0.9833483687720053,0.9779035028017973,0.9720387968123387,0.9658400031281114,0.9593769568934853,0.9527067876039527,0.9458764605078586
389,Zone 3,15,38,Married,5,56,Some college,No,Male,No,No,Yes,Plus service,No,0,0.9694805087275585,0.030519491272441468,14736.367787976962,False,0.9999100143350786,0.999366391985881,0.9982373628207661,0.996543606023597,0.9943434858615102,0.991701118773568,0.9886767618637224,0.9853241591203673,0.9816902570188596,0.9778157228191101,0.9737356891932081,0.9694805087275585
390,Zone 3,64,31,Married,5,46,High school degree,No,Female,Yes,Yes,Yes,E-service,No,0,0.8022111494337228,0.19778885056627715,13501.78668022065,False,0.9967548204743155,0.9860836119850698,0.9708953027652422,0.9532629106063697,0.9343775481417307,0.9149420800132491,0.8953838568593143,0.875967772986241,0.8568591344955165,0.8381602715972076,0.8199327259204625,0.8022111494337228
391,Zone 2,46,49,Married,13,51,High school degree,No,Male,No,No,No,Basic service,Yes,1,0.9653775020052354,0.03462249799476458,14710.75664704392,False,0.9998875169844553,0.9992296536204052,0.9978910599276088,0.9959108843044009,0.9933658043302921,0.9903349716024695,0.9868904634060466,0.9830952186620645,0.9790033325790835,0.9746610446602979,0.9701078448207673,0.9653775020052354
392,Zone 2,72,60,Married,33,12,Did not complete high school,Yes,Male,Yes,No,Yes,Total service,No,0,0.9992678340362672,0.0007321659637328226,14906.788981117308,False,0.9999997837154968,0.9999970751538905,0.9999881181911547,0.9999695717005733,0.9999388142625563,0.9998938646037938,0.9998332564296243,0.9997559273178585,0.9996611298575265,0.9995483625719795,0.9994173165372318,0.9992678340362672
393,Zone 1,61,43,Married,6,34,Post-undergraduate degree,No,Male,Yes,Yes,Yes,Total service,Yes,1,0.8859662179216594,0.11403378207834058,14161.971133821173,False,0.9989570715167005,0.9946973381167183,0.9877731030039006,0.9789815853866164,0.9689104777557644,0.9579733963322271,0.9464629963339508,0.9345891348551169,0.9225042837704456,0.9103204318404811,0.8981205027795427,0.8859662179216594
394,Zone 3,54,27,Unmarried,3,27,High school degree,No,Female,Yes,Yes,No,Total service,No,0,0.6283568359843168,0.3716431640156832,11906.15493001776,True,0.986092299553883,0.9532868231800541,0.9149801806581894,0.8760178786007848,0.8382202646654217,0.8022792096094746,0.768415315898699,0.7366404343310353,0.7068731117584526,0.6789926263599725,0.6528651989142698,0.6283568359843168
395,Zone 3,28,36,Unmarried,3,42,Some college,No,Female,No,Yes,Yes,Plus service,No,0,0.7831172723633157,0.21688272763668426,13341.219564688237,False,0.9960362255926932,0.9835316508810734,0.9661753953099257,0.9463630555993277,0.9254093885884465,0.9040621576272363,0.8827600892802951,0.861764714331346,0.8412316464281286,0.8212511427511746,0.8018721841210716,0.7831172723633157
396,Zone 2,28,38,Unmarried,8,119,Post-undergraduate degree,No,Male,Yes,Yes,No,Total service,Yes,1,0.7864253491342241,0.21357465086577587,13369.297539163785,False,0.9961672049419062,0.9839903214139096,0.9670167457566679,0.9475857899776604,0.9269914068161047,0.905974253301388,0.8849716412476689,0.864246113757805,0.8439552885135879,0.8241917584358168,0.8050068637864309,0.7864253491342241
397,Zone 2,32,43,Unmarried,13,146,Did not complete high school,No,Female,No,No,Yes,Plus service,No,0,0.9733840139426622,0.026615986057337837,14760.387307427485,False,0.9999292152332904,0.9994866824221905,0.9985474552956365,0.9971173365002469,0.9952387026402573,0.9929620440424594,0.9903366253799653,0.9874074601355548,0.9842145824314256,0.9807931798587751,0.9771740298086621,0.9733840139426622
398,Zone 2,52,46,Unmarried,17,51,High school degree,No,Female,No,No,No,E-service,No,0,0.9892342632849813,0.010765736715018681,14853.650369361736,False,0.9999848306221819,0.9998681749699979,0.9995857671377045,0.9991150059718734,0.9984527841621346,0.9976049384950145,0.996581350253702,0.9953935433703033,0.9940534641246334,0.9925728542549299,0.9909629356053405,0.9892342632849813
399,Zone 1,48,62,Unmarried,33,86,Did not complete high school,Yes,Female,Yes,No,Yes,Plus service,No,0,0.9970775578381726,0.0029224421618273544,14895.970690409089,False,0.9999981604637289,0.999979910545168,0.9999279232006869,0.9998309192244677,0.9996822867017832,0.9994784657545653,0.9992178756991372,0.9989002290928487,0.9985260880139312,0.9980965715248642,0.9976131593036006,0.9970775578381726
400,Zone 3,52,42,Married,17,27,Some college,No,Female,No,Yes,Yes,Plus service,No,0,0.9589007558501277,0.041099244149872316,14669.631853213912,False,0.9998471642759634,0.9989929986136974,0.9973040858669917,0.9948541842411514,0.9917516047051097,0.9881004151267322,0.9839917068924616,0.9795028503554634,0.9746989155976284,0.9696345194728525,0.964355568249365,0.9589007558501277
401,Zone 1,37,43,Unmarried,8,38,Some college,No,Male,No,No,No,E-service,No,0,0.9728776183588136,0.02712238164118641,14757.291342334483,False,0.9999268456282949,0.999471627520167,0.9985083274568646,0.9970445228883296,0.9951245789819231,0.9928007116579696,0.9901235944871681,0.9871393705887734,0.9838889757977733,0.9804083178635399,0.9767287506279656,0.9728776183588136
402,Zone 1,41,52,Unmarried,26,928,Some college,No,Male,Yes,No,Yes,Plus service,No,0,0.9878703384962901,0.012129661503709865,14845.956326884641,False,0.9999814932688244,0.9998427698206829,0.9995123717631635,0.9989677768370473,0.9982081909130666,0.9972423171813236,0.9960828725451422,0.9947439849391164,0.9932399176246671,0.9915844437796173,0.9897905539533309,0.9878703384962901
403,Zone 2,43,27,Married,3,21,High school degree,No,Female,No,No,No,E-service,No,0,0.9512021396810574,0.04879786031894262,14619.734790890634,False,0.999791432336716,0.9986795535969757,0.9965454584298828,0.9935119884752645,0.9897287293210211,0.9853307840769733,0.980432116574208,0.9751269471953983,0.9694928117052174,0.963593589001294,0.9574820860199084,0.9512021396810574
404,Zone 3,67,60,Unmarried,24,24,Did not complete high school,No,Female,Yes,No,Yes,Plus service,No,0,0.9920336033513699,0.00796639664863008,14869.178468000553,False,0.9999907733187641,0.9999152268788002,0.9997248774187103,0.9993986838649278,0.9989301237833955,0.9983200601962232,0.9975731396833173,0.9966958959363933,0.9956957130573095,0.9945802452827467,0.9933570896260737,0.9920336033513699
405,Zone 3,61,52,Married,30,91,Did not complete high school,No,Female,No,No,No,Basic service,No,0,0.9928296919094691,0.007170308090530875,14873.521300222987,False,0.9999922335283999,0.9999272732031238,0.9997613549498405,0.9994743393228819,0.9990591058642946,0.9985153682807613,0.9978464622946869,0.997057615795243,0.9961549825339635,0.995145088500554,0.994034510801813,0.9928296919094691
406,Zone 3,70,39,Married,20,38,High school degree,No,Female,No,No,No,Plus service,No,0,0.9914599348122862,0.008540065187713775,14866.027680697149,False,0.999989656961155,0.9999061677308851,0.9996977087131372,0.9993427197325644,0.9988352183380331,0.9981769746438449,0.9973736336906461,0.9964327051930524,0.995362481230534,0.9941714406077267,0.9928679198054846,0.9914599348122862
407,Zone 3,44,32,Married,1,96,College degree,No,Female,Yes,Yes,Yes,Total service,No,0,0.7699787780959203,0.2300212219040797,13228.636245018122,False,0.9954881187719976,0.9816401336651474,0.9627352369644395,0.9413936265958945,0.9190098273270663,0.896356912458246,0.8738768807067754,0.8518254604093038,0.8303489765047648,0.809527421893833,0.7893996728393333,0.7699787780959203
408,Zone 3,46,45,Unmarried,12,96,Some college,No,Male,No,Yes,No,E-service,No,0,0.9300407047966012,0.06995929520339883,14477.607946206463,False,0.9995937044212917,0.9976446894445139,0.9941433545034347,0.9893858130990858,0.9836504852373249,0.9771622731174854,0.9700974526453535,0.9625937339299264,0.9547591804935391,0.9466791550937013,0.93842155030753,0.9300407047966012
409,Zone 3,39,34,Unmarried,2,54,Some college,No,Male,No,No,No,Basic service,No,0,0.7607065858579118,0.23929341414208816,13148.158805023357,False,0.9950735989999686,0.9802369224596159,0.9602118029935467,0.937777514814426,0.9143819004015715,0.8908129959514728,0.8675128198274329,0.8447312892920928,0.8226069066678284,0.8012114879890231,0.7805760909581078,0.7607065858579118
410,Zone 2,39,59,Unmarried,20,1668,College degree,No,Female,Yes,Yes,No,E-service,No,0,0.9619239005716181,0.03807609942838186,14688.929523373916,False,0.9998667388278893,0.9991065871907552,0.9975840641751227,0.9953559740701792,0.9925154763797478,0.9891548493103796,0.9853562681952772,0.9811903877961194,0.9767172067583139,0.9719874969682873,0.9670442398915096,0.9619239005716181
411,Zone 2,50,29,Married,10,53,College degree,No,Female,Yes,No,Yes,Total service,No,0,0.9428654413968692,0.05713455860313077,14564.568724176883,False,0.9997214331073058,0.9983018138475395,0.9956530734221788,0.9919600196467574,0.9874206447510272,0.9822048652307169,0.9764514207793987,0.9702722267386836,0.9637575259357707,0.956980357088624,0.9500001339573831,0.9428654413968692
412,Zone 3,5,31,Unmarried,1,21,Some college,No,Female,No,No,No,Basic service,Yes,1,0.7234306320202724,0.27656936797972764,12816.083184219833,True,0.993157726200557,0.9740011640896371,0.9492511046374946,0.9223222941352188,0.8948477402533856,0.8676496273690191,0.8411503434977177,0.8155620819681926,0.7909815284531104,0.7674401445331456,0.7449321469698037,0.7234306320202724
413,Zone 2,10,34,Unmarried,1,52,Post-undergraduate degree,No,Female,No,Yes,No,E-service,Yes,1,0.7927250225061715,0.2072749774938285,13422.46736261528,False,0.9964090342994568,0.9848445036489045,0.9685915190026532,0.9498826194951571,0.9299713988247299,0.9095841907230484,0.8891549643674006,0.8689476923496331,0.849123433457354,0.8297789476420818,0.8109698580105903,0.7927250225061715
414,Zone 1,72,69,Unmarried,45,17,Some college,Yes,Female,No,No,No,E-service,No,0,0.9999385457200786,6.14542799214357e-05,14909.834244382571,False,0.9999999944377219,0.9999998950451716,0.9999994823909071,0.9999984796753434,0.9999966009870236,0.9999935718585736,0.9999891376188966,0.999983066224684,0.9999751485123274,0.9999651972475443,0.9999530456481365,0.9999385457200786
415,Zone 2,68,60,Unmarried,40,262,High school degree,No,Female,No,No,Yes,Plus service,No,0,0.9994735428615167,0.0005264571384833161,14907.750011591343,False,0.9999998686186476,0.9999981367605317,0.9999922184633052,0.9999796787051275,0.9999585153780032,0.9999271476572954,0.9998843514067682,0.9998291929810498,0.9997609725346553,0.9996791779391058,0.9995834479474262,0.9994735428615167
416,Zone 3,58,28,Unmarried,5,34,Post-undergraduate degree,No,Female,Yes,Yes,No,E-service,No,0,0.6661239507153149,0.33387604928468506,12278.646205622581,True,0.9893214339577393,0.9624067366267466,0.9297332315560066,0.8956302131968547,0.8619010747350815,0.8293300508530117,0.7982449226665422,0.7687549912391151,0.7408614302929779,0.7145118845366568,0.6896287045768241,0.6661239507153149
417,Zone 3,18,44,Married,10,107,Did not complete high school,No,Female,No,No,No,Basic service,No,0,0.9430919610381965,0.05690803896180352,14566.082396979993,False,0.9997234692506116,0.9983125965149326,0.9956782660001411,0.9920034882938346,0.9874848956940857,0.9822914463538381,0.9765612091251943,0.9704056274311671,0.9639146102458523,0.9571609594001292,0.9502039207706299,0.9430919610381965
418,Zone 1,65,45,Married,25,67,Post-undergraduate degree,No,Female,No,No,No,Plus service,No,0,0.9966642267901878,0.003335773209812154,14893.85303854307,False,0.9999977320771519,0.9999757665044017,0.9999141496351658,0.9998004007455552,0.9996275201670181,0.9993919895044786,0.9990924944827693,0.9987291281290311,0.9983028851809926,0.9978153343795928,0.9972684020127427,0.9966642267901878
419,Zone 3,8,45,Unmarried,1,37,College degree,No,Male,No,Yes,No,E-service,Yes,1,0.8688877270565619,0.13111227294343808,14033.428536780437,False,0.998621122600981,0.9932676989128666,0.984833731834406,0.974349447444665,0.9625285718314307,0.9498534903051092,0.9366545841664085,0.9231619722655058,0.9095382564424729,0.8958995555168875,0.8823293364650096,0.8688877270565619
420,Zone 2,1,20,Unmarried,1,21,High school degree,No,Female,Yes,No,No,Basic service,Yes,1,0.47550877037381,0.52449122962619,10234.944117418736,True,0.9649254403529312,0.9012419512752093,0.8372314477870926,0.7782732953996243,0.7251588057647131,0.6775493794740381,0.6348417352132648,0.5964189324577899,0.5617230596534591,0.5302706244126916,0.5016492217286727,0.47550877037381
421,Zone 3,42,58,Unmarried,7,22,Did not complete high school,No,Female,No,No,No,E-service,No,0,0.989523764498933,0.010476235501067022,14855.273272294122,False,0.9999855022517926,0.9998733644884721,0.9996008907036735,0.999145531089484,0.9985037387184839,0.9976807763025293,0.9966859448612276,0.9955302283163765,0.9942250877373342,0.9927818360845047,0.9912113193624401,0.989523764498933
422,Zone 1,4,25,Married,3,71,Some college,No,Female,Yes,Yes,No,Basic service,No,0,0.43863273851454676,0.5613672614854532,9787.046330997382,True,0.9570961277537386,0.8840840038519704,0.8133033830753797,0.749643097095248,0.6933008304776794,0.6435072130398867,0.5993623241576435,0.5600441217886953,0.5248506325731678,0.49319539355128483,0.4645911794744453,0.43863273851454676
423,Zone 3,17,35,Unmarried,4,77,Some college,No,Female,No,No,Yes,Plus service,No,0,0.9222884977136867,0.0777115022863133,14423.900439538005,False,0.9995043956893409,0.9972034116743852,0.9931532859393547,0.9877258726437279,0.9812509775982314,0.9739871238792881,0.9661326825362373,0.9578399951410594,0.9492268432281621,0.9403850131150107,0.9313865757557559,0.9222884977136867
424,Zone 2,8,24,Married,1,18,College degree,No,Female,Yes,Yes,Yes,Total service,Yes,1,0.6973476565841391,0.3026523434158609,12575.55179436016,True,0.9915565925016382,0.9690406088619367,0.9407804862602556,0.9106213110109453,0.8802929266565065,0.85061465563697,0.8219757520372444,0.7945483195263943,0.7683901560921506,0.7434977038946626,0.7198346112284117,0.6973476565841391
425,Zone 1,49,37,Married,17,50,High school degree,No,Female,No,No,No,E-service,No,0,0.9914803576752123,0.008519642324787746,14866.140144496541,False,0.9999896976159112,0.9999064955659278,0.9996986882735108,0.9993447322117722,0.9988386242016679,0.998182100989755,0.9973807713462552,0.9964421097739267,0.9953743757500909,0.9941860185802146,0.9928853483703011,0.9914803576752123
426,Zone 1,56,46,Married,21,33,College degree,No,Male,No,Yes,No,E-service,No,0,0.9834684962110027,0.01653150378899726,14820.640088686081,False,0.9999688193532659,0.9997506065060312,0.9992531102299081,0.9984574103877385,0.9973725842296715,0.9960181305633868,0.9944168479416231,0.992591781762556,0.9905649080088667,0.9883566062608578,0.9859855039719646,0.9834684962110027
427,Zone 1,62,57,Married,21,94,Did not complete high school,No,Male,No,No,Yes,Total service,No,0,0.998895006074155,0.0011049939258449548,14905.012717313472,False,0.9999995947739622,0.999994844523234,0.9999797868702143,0.9999495176202257,0.999900437153482,0.9998299980632298,0.9997364488380025,0.9996186328150208,0.9994758382948218,0.9993076877260952,0.9991140554377725,0.998895006074155
428,Zone 2,42,57,Married,25,209,Did not complete high school,No,Female,No,No,No,Basic service,No,0,0.9923673048590698,0.007632695140930235,14871.003179634401,False,0.9999913980911534,0.9999203518485967,0.9997403446247554,0.9994306871965966,0.9989845844293525,0.9984024015152506,0.9976882245010915,0.9968480324553414,0.9958886892592563,0.9948173737346078,0.9936412543355506,0.9923673048590698
429,Zone 1,13,32,Unmarried,7,31,College degree,No,Male,Yes,No,Yes,Plus service,No,0,0.8610248367386877,0.13897516326131232,13973.161765604087,False,0.9984483247251801,0.992554617760384,0.9833938403059164,0.9721092594543456,0.9594727758041408,0.9459970774548159,0.9320282830029887,0.9178043150716071,0.903491123783893,0.8892056309910559,0.875030650093494,0.8610248367386877
430,Zone 1,69,46,Married,18,66,High school degree,No,Male,No,No,No,E-service,No,0,0.9961832556566587,0.0038167443433413384,14891.366990924704,False,0.9999971904987845,0.9999706472736158,0.9998973634572504,0.9997635624078841,0.999561902715161,0.999289007947583,0.9989439481969139,0.9985273160003976,0.9980406516715317,0.9974860775152911,0.9968660604401879,0.9961832556566587
431,Zone 2,45,59,Unmarried,14,51,Did not complete high school,No,Male,No,No,No,Basic service,No,0,0.9632335151320007,0.03676648486799927,14697.234432123332,False,0.9998748164110681,0.9991541011525434,0.9977021114400021,0.9955687368219198,0.9928407788067188,0.9896054921110374,0.9859412099980517,0.9819156657933195,0.977586632780438,0.9730031815281143,0.9682069884132024,0.9632335151320007
432,Zone 2,66,42,Married,18,118,High school degree,No,Male,No,No,No,E-service,No,0,0.9947190705450991,0.0052809294549008845,14883.674756297287,False,0.9999952718425884,0.9999532676801703,0.9998417716318138,0.9996436857905698,0.9993512574866361,0.9989620611886042,0.9984767361063038,0.9978976908818741,0.9972283386173165,0.9964726331194232,0.9956347825071002,0.9947190705450991
433,Zone 2,15,35,Unmarried,10,25,High school degree,No,Male,No,Yes,No,Basic service,Yes,1,0.6409940268606302,0.35900597313936977,12032.45014842763,True,0.9872417632726305,0.9564785185461867,0.9200917511587385,0.882764568630342,0.8463211804258133,0.8114907205016137,0.7785337273284186,0.7474972694340576,0.7183292247307784,0.6909328377524873,0.6651938158704436,0.6409940268606302
434,Zone 1,41,44,Married,1,59,Some college,No,Female,Yes,Yes,No,E-service,No,0,0.8601976829072029,0.1398023170927971,13966.782873782122,False,0.9984294620897327,0.9924775736077686,0.9832392031924573,0.9718697023035515,0.9591470851134621,0.9455871717735133,0.9315376740479158,0.9172372789308473,0.9028522408723778,0.8884995267578127,0.8742618491566164,0.8601976829072029
435,Zone 2,11,20,Unmarried,1,20,High school degree,No,Female,Yes,Yes,Yes,Total service,Yes,1,0.5273969217861161,0.4726030782138839,10833.83891958609,True,0.9738771425528705,0.9220239015639986,0.8672101763446194,0.8150155558089767,0.7668135117799975,0.722744458238915,0.6825571508609468,0.6458892268457179,0.6123680036219699,0.5816463917254764,0.5534137593298036,0.5273969217861161
436,Zone 3,45,30,Married,0,63,Post-undergraduate degree,No,Male,Yes,Yes,Yes,Total service,Yes,1,0.742480551931675,0.25751944806832505,12987.500742589664,True,0.9941884856912868,0.977309268428916,0.955017626302595,0.9304051752120058,0.9050165281643191,0.8796617834670917,0.854777357176336,0.8305975974635669,0.8072426154829704,0.7847659652743153,0.763181743909756,0.742480551931675
437,Zone 1,52,62,Unmarried,23,36,College degree,No,Male,No,No,No,Basic service,No,0,0.9847357365022018,0.015264263497798192,14827.998737730726,False,0.9999727615885524,0.9997786730997664,0.9993310798739273,0.9986095277862369,0.9976199073944891,0.9963783948844711,0.9949047617295368,0.9932194210005598,0.9913421021743611,0.9892912821488563,0.987083981070145,0.9847357365022018
438,Zone 1,42,56,Unmarried,24,72,College degree,No,Female,Yes,Yes,Yes,Total service,No,0,0.9648397347481871,0.03516026525181293,14707.373677256266,False,0.9998843923473385,0.9992109650619321,0.9978441739946308,0.9958257931318397,0.9932350052425226,0.9901529796371081,0.9866533583836706,0.9828002840779134,0.9786487784274839,0.9742457963370067,0.9696313819689484,0.9648397347481871
439,Zone 2,48,35,Unmarried,11,50,Did not complete high school,No,Male,Yes,No,No,Plus service,No,0,0.9027278392096947,0.09727216079030532,14284.86040470047,False,0.9992368292350858,0.9959436387277305,0.9904051304082584,0.9832090371695394,0.974821424459626,0.9655853404224151,0.9557520747673002,0.9455073017288226,0.9349897133705376,0.9243039591098834,0.9135296706961068,0.9027278392096947
440,Zone 3,4,31,Unmarried,5,39,High school degree,No,Male,Yes,Yes,Yes,Total service,Yes,1,0.6925301394462814,0.3074698605537186,12530.383574571311,True,0.9912352793046446,0.9680677466340397,0.9391415103550016,0.9083789372899711,0.877524393077601,0.8473940987017204,0.818369391742831,0.7906137382307532,0.7641769073948919,0.7390482905890675,0.7151854878771778,0.6925301394462814
441,Zone 3,53,64,Married,10,54,High school degree,No,Female,Yes,Yes,Yes,Total service,No,0,0.9723902935190042,0.02760970648099581,14754.306207015363,False,0.9999245310961326,0.9994569833861211,0.9984703594516355,0.9969739891716999,0.9950141762324446,0.9926448095936133,0.9899179238811456,0.9868807503910086,0.9835750914542266,0.9800375453126803,0.9763000173461289,0.9723902935190042
442,Zone 3,1,59,Unmarried,4,9,Did not complete high school,Yes,Male,No,No,Yes,Plus service,No,0,0.9815380178067014,0.018461982193298643,14809.33023964588,False,0.99996236463653,0.9997055691491821,0.9991294602754217,0.9982181778089477,0.9969861335483368,0.9954581749674949,0.993661870613715,0.9916243519297071,0.9893710406071696,0.9869252049664625,0.9843078906108549,0.9815380178067014
443,Zone 3,19,30,Married,10,33,College degree,No,Male,Yes,Yes,Yes,Total service,No,0,0.8348946295314537,0.16510537046854634,13768.140269425188,False,0.997786842729395,0.9899313324977391,0.9782179788104229,0.9641874076342798,0.9488027834770355,0.9326699737966002,0.9161794270037629,0.8995879475478167,0.8830667357787403,0.8667306021933643,0.8506563404063663,0.8348946295314537
444,Zone 2,33,30,Unmarried,11,28,Did not complete high school,No,Male,No,No,Yes,Basic service,No,0,0.8127275775645677,0.1872724224354323,13588.669423720896,False,0.997113185794678,0.9873921469967735,0.9733550547948544,0.9569003127068451,0.939147614817025,0.9207712469669516,0.9021890347221564,0.8836651697986085,0.8653683428199496,0.8474060511394104,0.8298456317029659,0.8127275775645677
445,Zone 3,42,36,Married,14,44,High school degree,No,Male,No,No,Yes,Plus service,No,0,0.9824899318380762,0.017510068161923797,14814.921735706843,False,0.9999656149268592,0.9997281165069614,0.999191153050704,0.9983372487362233,0.9971781150679574,0.9957359209132676,0.9940358603921632,0.9921030397688493,0.9899611788702323,0.9876321235206067,0.9851357317763184,0.9824899318380762
446,Zone 1,60,32,Unmarried,12,34,College degree,No,Female,No,No,No,E-service,No,0,0.959829601580939,0.040170398419061004,14675.579430094233,False,0.9998533164895578,0.9990284750348534,0.9973912072531645,0.9950099174830845,0.9919881931748503,0.9884264526761709,0.9844130419408736,0.9800232727452587,0.9753206670198451,0.970358672596302,0.9651823101307596,0.959829601580939
447,Zone 2,57,51,Married,7,68,College degree,No,Female,No,No,Yes,Plus service,No,0,0.989232808832826,0.01076719116717395,14853.642206629771,False,0.9999848272152226,0.9998681487158882,0.9995856907468488,0.9991148519580662,0.9984525272946542,0.9976045564589141,0.9965808236693939,0.9953928555832028,0.994052600924222,0.9925718035873784,0.9909616873049141,0.989232808832826
448,Zone 1,64,39,Unmarried,5,37,Did not complete high school,No,Male,No,No,No,Basic service,No,0,0.8274469052848379,0.17255309471516211,13708.400624474441,False,0.9975724963623599,0.9891108904663347,0.9766326231529524,0.9617967338991352,0.9456197522353323,0.9287317097595088,0.9115333349301276,0.8942848043436451,0.8771571806245824,0.8602633685891602,0.8436774134755602,0.8274469052848379
449,Zone 2,28,20,Married,1,18,Some college,No,Male,Yes,Yes,No,Total service,No,0,0.6575524219865538,0.34244757801344616,12195.404885246013,True,0.9886417148546403,0.9604457227838982,0.9265215244014924,0.8913232686954569,0.8566655329195945,0.8233165358929873,0.7915829270709674,0.7615539495625856,0.7332133601717552,0.706494157753115,0.6813065204767391,0.6575524219865538
450,Zone 1,29,35,Married,10,55,High school degree,No,Male,No,No,Yes,Plus service,Yes,1,0.9744896532963552,0.025510346703644826,14767.125329033246,False,0.9999342630813228,0.9995189738797919,0.9986317188232277,0.9972745914517522,0.9954857202998486,0.9933118755413797,0.9907992660734833,0.9879904437009026,0.9849234695899983,0.9816319498249552,0.9781453914758643,0.9744896532963552
451,Zone 1,46,31,Married,12,21,Did not complete high school,No,Male,No,No,Yes,Plus service,No,0,0.9715999777713515,0.02840002222864846,14749.453224539035,False,0.9999207063118252,0.9994329104189009,0.9984081363435239,0.9968586476170063,0.9948339424833313,0.9923906482967836,0.9895830173203882,0.9864600475174341,0.9830649436351447,0.9794354183154936,0.9756042646837715,0.9715999777713515
452,Zone 1,22,41,Married,9,29,Some college,No,Male,No,No,No,Basic service,Yes,1,0.9286427672628826,0.07135723273711736,14467.98451197171,False,0.9995782827652032,0.9975675568096025,0.9939690648111495,0.9890921303860825,0.9832243032954407,0.9765965379151815,0.9693891334505509,0.9617424946376965,0.9537664968351953,0.9455477178070135,0.9371548551693768,0.9286427672628826
453,Zone 2,10,56,Unmarried,26,9,High school degree,Yes,Male,No,No,No,Basic service,No,0,0.9818466383174029,0.01815336168259707,14811.146119075745,False,0.9999634327565999,0.9997129509317104,0.9991496134349762,0.9982570138446069,0.997048673982596,0.9955485644141097,0.9937834793313911,0.9917798915411267,0.9895626704803745,0.9871546237570173,0.9845764130236911,0.9818466383174029
454,Zone 3,50,41,Unmarried,16,138,High school degree,No,Female,No,No,No,E-service,Yes,1,0.9833116168217597,0.016688383178240285,14819.725417406078,False,0.9999683150029335,0.999747048488137,0.9992432788086058,0.9984383023498267,0.9973416087360593,0.9959731189040194,0.9943560121947319,0.9925136628461626,0.9904683259430404,0.9882406163478586,0.9858493594428471,0.9833116168217597
455,Zone 1,55,65,Unmarried,34,28,College degree,Yes,Female,Yes,No,Yes,Total service,No,0,0.998717676069277,0.0012823239307230283,14904.155464930569,False,0.9999994906293503,0.9999936641100137,0.9999754825191329,0.9999393321015271,0.9998812023518241,0.9997983338255506,0.9996888925620587,0.9995517238871531,0.9993861730377155,0.999191954824297,0.998969058255734,0.998717676069277
456,Zone 2,15,54,Unmarried,7,62,Did not complete high school,No,Male,No,No,No,Basic service,No,0,0.9229055657530635,0.07709443424693652,14428.20563235512,False,0.9995118451739246,0.9972397457333271,0.9932341879973906,0.9878607794289688,0.9814451711046177,0.974243206566305,0.9664515184189648,0.9582213118682038,0.9496696244484367,0.9408877591444706,0.9319474796474375,0.9229055657530635
457,Zone 1,31,32,Married,13,37,Some college,No,Female,Yes,Yes,Yes,Total service,No,0,0.8699151725124439,0.13008482748755612,14041.253690371139,False,0.9986428418528989,0.9933583071421296,0.9850178577388846,0.9746372023015718,0.9629224627606027,0.950351996678338,0.9372540508799491,0.9238576529111545,0.9103249060590248,0.896771773702722,0.8832817669727515,0.8699151725124439
458,Zone 3,5,44,Unmarried,5,83,Did not complete high school,No,Female,No,No,No,E-service,Yes,1,0.9682605527797774,0.031739447220222594,14728.790460669197,False,0.9999035730398446,0.9993268240345242,0.9981365319253287,0.9963585731396982,0.9940566040964093,0.9912991416021847,0.9881499329512808,0.9846654566937972,0.9808947988020245,0.9768803040582759,0.9726584244030503,0.9682605527797774
459,Zone 2,69,63,Unmarried,28,168,Did not complete high school,No,Female,No,No,Yes,Plus service,No,0,0.9985207879314721,0.0014792120685278576,14903.195818462109,False,0.9999993650282631,0.9999922729641907,0.9999704777319789,0.9999276019765775,0.9998592145641376,0.999762356637705,0.9996351352495002,0.9994764259024724,0.9992856603961869,0.9990626751933939,0.9988076020009127,0.9985207879314721
460,Zone 2,26,27,Married,4,33,College degree,No,Male,Yes,Yes,Yes,Total service,Yes,1,0.757047503376683,0.24295249662331697,13116.167122391496,False,0.9949035007375464,0.9796673416867754,0.9591940127538174,0.9363255899851288,0.9125302268001877,0.8886011821873632,0.8649799535968683,0.8419137738035206,0.8195377720698767,0.7979203288837462,0.7770892640230802,0.757047503376683
461,Zone 3,10,33,Married,2,66,Some college,No,Female,No,Yes,Yes,Basic service,Yes,1,0.6497115615206246,0.3502884384793754,12118.59626429638,True,0.9879933839851743,0.9585969521570169,0.923514235748235,0.8873099298388909,0.8518051873149517,0.8177510743302785,0.7854332788114082,0.7549216353551611,0.7261832754356993,0.6991373454691058,0.6736825901046541,0.6497115615206246
462,Zone 1,26,30,Unmarried,9,18,College degree,No,Male,Yes,No,Yes,Total service,Yes,1,0.8920879046552994,0.10791209534470059,14207.237490308424,False,0.9990648294192668,0.9951704208165185,0.9887636036981872,0.9805627145281942,0.9711106751595343,0.9607956222261924,0.9498955744292585,0.938612041556438,0.9270929051694451,0.9154478580262211,0.9037589481869694,0.8920879046552994
463,Zone 3,25,30,Unmarried,0,20,Did not complete high school,No,Female,No,No,No,Plus service,No,0,0.875507856980333,0.12449214301966705,14083.6436135202,False,0.9987576380366546,0.9938411501495955,0.9860037656297866,0.9761832523694053,0.9650443643154788,0.9530432759940559,0.9404963065089889,0.9276262549160657,0.9145922624344796,0.9015092392443224,0.8884607666049068,0.875507856980333
464,Zone 3,30,23,Married,4,19,Some college,No,Male,No,Yes,No,E-service,No,0,0.8275543316339198,0.17244566836608022,13709.2663577442,False,0.9975756728036325,0.989122957754044,0.9766558385319746,0.961831632700722,0.9456661050447159,0.9287889468161847,0.9116007458742694,0.8943616365614204,0.8772426885877005,0.8603568382662703,0.8437781736129932,0.8275543316339198
465,Zone 1,21,39,Married,7,25,High school degree,No,Male,No,No,Yes,Plus service,No,0,0.975321641774803,0.02467835822519704,14772.175779694773,False,0.9999379476416622,0.999542745435197,0.998694058968967,0.9973913432345225,0.9956696172754682,0.9935728966108915,0.9911451103524754,0.9884269629890116,0.9854550277358891,0.9822617125754627,0.9788755581424243,0.975321641774803
466,Zone 1,71,46,Unmarried,27,119,Post-undergraduate degree,No,Female,Yes,Yes,Yes,Total service,No,0,0.9483600677777347,0.05163993222226526,14601.055479724455,False,0.9997687045078774,0.9985552078737411,0.9962493431264706,0.9929940916988536,0.988955145363928,0.9842793592443252,0.9790891572888556,0.9734848645307425,0.9675484444930439,0.9613470007409496,0.9549356922099503,0.9483600677777347
467,Zone 3,11,48,Married,5,323,College degree,No,Male,No,Yes,Yes,Plus service,Yes,1,0.935410700404829,0.06458929959517101,14514.315990523235,False,0.9996501856311437,0.9979309546753243,0.9947952490222561,0.9904903545324779,0.9852602431699475,0.9793066505522865,0.972790259086722,0.9658382073586727,0.9585513582039975,0.9510101733645718,0.9432792376533777,0.935410700404829
468,Zone 1,24,30,Married,7,45,Did not complete high school,No,Female,No,No,Yes,Basic service,No,0,0.8634574872938614,0.1365425127061386,13991.879164288297,False,0.9985030392094103,0.9927789595014423,0.9838451366257168,0.9728095061616866,0.9604259792907999,0.9471979700126801,0.9334668420988178,0.9194682076240522,0.905367068919767,0.8912801720642001,0.8772905918461181,0.8634574872938614
469,Zone 1,65,59,Married,27,197,College degree,No,Male,No,No,No,E-service,No,0,0.9995483114502303,0.0004516885497697354,14908.095001126672,False,0.9999998956317014,0.9999984873751186,0.9999936024540825,0.9999831431728137,0.9999653495924967,0.9999388063824692,0.9999023973212211,0.9998552541141769,0.999796710872156,0.9997262662467892,0.9996435526559438,0.9995483114502303
470,Zone 1,16,34,Married,13,56,Some college,No,Female,No,No,No,Basic service,Yes,1,0.9193312260792101,0.08066877392078986,14403.197191821195,False,0.9994678676259308,0.9970263860561716,0.9927605882235612,0.987072769813214,0.9803127890771587,0.9727520105491566,0.9645970836852784,0.9560057263070855,0.9470992142427431,0.9379715834972725,0.9286963177470982,0.9193312260792101
471,Zone 3,37,51,Married,26,24,College degree,No,Male,No,No,No,E-service,No,0,0.9989107432510115,0.0010892567489885208,14905.088442930819,False,0.9999996035898151,0.9999949457767403,0.999980158950993,0.9999504029151994,0.9999021160837382,0.999832771485099,0.999740626406332,0.9996245252949916,0.9994837524839403,0.9993179231222303,0.9991269020910468,0.9989107432510115
472,Zone 1,5,30,Unmarried,4,25,Some college,No,Male,No,No,Yes,Plus service,Yes,1,0.9000595675815669,0.09994043241843309,14265.52199221433,False,0.999195490077008,0.9957555657929936,0.990003067860589,0.9825576708292083,0.9739045756313054,0.9643982203159847,0.9542967453252271,0.9437899523376582,0.9330189826118384,0.922089877334461,0.9110829829626486,0.9000595675815669
473,Zone 1,3,55,Married,9,26,Post-undergraduate degree,No,Female,Yes,Yes,No,E-service,Yes,1,0.9499723885457582,0.05002761145424184,14611.668909858867,False,0.9997817415192486,0.998626315727783,0.9964183736887684,0.9932893427536535,0.989395724299536,0.984877689774172,0.9798528642664677,0.9744181181889988,0.9686529150979138,0.9626225421263155,0.9563808366942395,0.9499723885457582
474,Zone 1,5,32,Unmarried,6,33,College degree,No,Male,No,Yes,No,Basic service,Yes,1,0.5591442029683019,0.4408557970316981,11183.641996399832,True,0.9783691959867644,0.9330488447618253,0.8836380943542479,0.8356172555855939,0.7905885171224635,0.7489170596847308,0.7105298738093464,0.6751998478043335,0.6426563016372484,0.6126294856409806,0.5848679399392243,0.5591442029683019
475,Zone 1,60,44,Married,4,150,High school degree,No,Male,Yes,No,Yes,Total service,No,0,0.964220688464071,0.03577931153592895,14703.47210595694,False,0.9998807448935582,0.9991892342958767,0.9977897797811595,0.9957272349001328,0.9930836948314533,0.9899426639837972,0.986379589463346,0.9824599986144428,0.9782399764453656,0.9737672970117766,0.9690826376614526,0.964220688464071
476,Zone 2,19,37,Married,4,99,High school degree,No,Female,No,Yes,No,E-service,Yes,1,0.9087384913336063,0.09126150866639371,14328.10246253626,False,0.9993256310786901,0.9963530202829517,0.9912871109302506,0.9846457805229923,0.9768524038349035,0.9682242102908467,0.9589967150166882,0.9493459185295743,0.9394046407339426,0.9292740801732889,0.9190319855953262,0.9087384913336063
477,Zone 3,54,40,Unmarried,19,50,College degree,No,Female,Yes,Yes,Yes,Total service,No,0,0.8858060901823719,0.11419390981762811,14160.7812544923,False,0.998954164921502,0.9946846859545623,0.9877467452261186,0.9789396600110813,0.9688522979697766,0.9578989365648582,0.9463726062659414,0.9344833749170777,0.922383827647728,0.91018600742002,0.8979728559233981,0.8858060901823719
478,Zone 2,25,41,Unmarried,3,81,Some college,No,Female,No,No,Yes,Plus service,No,0,0.9400101909692717,0.05998980903072826,14545.420914565004,False,0.999695119169476,0.9981634340665574,0.9953310787468111,0.9914060355050288,0.9866036334608002,0.9811059163332727,0.9750600614799064,0.9685838866734545,0.9617717869263093,0.954699729499726,0.9474291895217726,0.9400101909692717
479,Zone 2,1,36,Unmarried,6,21,Did not complete high school,No,Male,No,No,No,E-service,Yes,1,0.9521532834473106,0.04784671655268935,14625.955726749715,False,0.9997987780238062,0.9987201358412127,0.996642652068332,0.9936826645280323,0.9899844673549709,0.9856792622297376,0.9808781812699499,0.9756733866066345,0.9701409106491211,0.9643435295856222,0.9583332398843003,0.9521532834473106
480,Zone 3,54,68,Unmarried,7,273,Some college,No,Female,No,Yes,No,Basic service,No,0,0.8810041334524925,0.11899586654750749,14124.962377440728,False,0.998864891630478,0.9942986771767163,0.9869457223723225,0.977669054459007,0.9670928597930188,0.9556511109903026,0.943647906940543,0.9312994541637123,0.9187615729536835,0.9061477942135299,0.8935414836005697,0.8810041334524925
481,Zone 1,14,31,Married,9,39,Some college,No,Female,No,No,No,Basic service,No,0,0.8826364687253132,0.1173635312746868,14137.167859647225,False,0.9988956982258732,0.9944313262877025,0.9872203144036904,0.9781038625950628,0.9676941357205868,0.9564184412199801,0.9445771558856692,0.9323844389773147,0.9199950460251853,0.9075220319043034,0.895048643030299,0.8826364687253132
482,Zone 3,14,28,Married,7,17,High school degree,No,Male,No,No,No,Basic service,Yes,1,0.8509434483596263,0.14905655164037368,13894.915607656507,False,0.9982093467374729,0.9915890606536543,0.9814680829069498,0.9691393067888859,0.9554489657754297,0.9409471491971242,0.9259985634197115,0.9108497080757499,0.895669623790602,0.8805752764796303,0.865647843152652,0.8509434483596263
483,Zone 2,10,45,Married,8,115,Some college,No,Female,No,Yes,No,E-service,Yes,1,0.9539176281831964,0.046082371816803636,14637.454198381844,False,0.999812059445206,0.9987940365310027,0.9968203837706942,0.9939956957301249,0.9904545883729866,0.9863210723673772,0.9817010290059935,0.9766827835079225,0.9713395515640597,0.9657320327031391,0.9599106887740819,0.9539176281831964
484,Zone 1,7,23,Unmarried,3,27,High school degree,No,Female,No,No,Yes,Basic service,No,0,0.6684398551781193,0.3315601448218807,12301.007610705528,True,0.9895000096029142,0.9629259842647018,0.9305875445403186,0.8967795815632359,0.8633017705344246,0.8309421903529604,0.8000340139246604,0.7706917537013345,0.7429211523702005,0.7166737213065688,0.6918750401467221,0.6684398551781193
485,Zone 2,33,45,Unmarried,24,35,Did not complete high school,No,Male,No,No,Yes,Plus service,Yes,1,0.9904475357990333,0.00955246420096667,14860.426552629182,False,0.9999875582004002,0.9998894348387659,0.9996480417762988,0.999241158473242,0.9986639630496211,0.9979199735062243,0.9970166952642389,0.9959634229313864,0.9947700876867112,0.9934466420048638,0.9920027330004597,0.9904475357990333
486,Zone 1,3,23,Unmarried,2,20,High school degree,No,Male,Yes,Yes,No,Basic service,No,0,0.28120476952733764,0.7187952304726624,7613.72049001879,True,0.9020133825467782,0.7795941926255532,0.6791437212791293,0.5981406940641864,0.5320400011243013,0.4772804541416199,0.43127355489480174,0.3921389374192831,0.35848996601824157,0.32928546602190345,0.3037297484110464,0.28120476952733764
487,Zone 2,56,58,Married,3,92,Did not complete high school,No,Male,No,No,No,Basic service,No,0,0.959409873299359,0.040590126700640994,14672.893834205011,False,0.9998505515984761,0.9990125070208867,0.9973519586538294,0.9949397144270177,0.9918814889269753,0.9882793467804148,0.9842228739634749,0.9797883130497226,0.9750398866722813,0.970031572282571,0.9648087921554672,0.959409873299359
488,Zone 2,54,56,Unmarried,8,207,High school degree,No,Female,No,No,Yes,Plus service,No,0,0.9835141913870665,0.016485808612933472,14820.906359589835,False,0.9999689655840814,0.9997516394390964,0.9992559665468285,0.9984629647918937,0.9973815920354068,0.9960312245642102,0.9944345502579174,0.9926145188480202,0.990593025058248,0.9883903799232209,0.9860251531994498,0.9835141913870665
489,Zone 1,72,55,Married,28,40,Did not complete high school,No,Male,No,No,No,E-service,No,0,0.9994029408695371,0.0005970591304629291,14907.422001969,False,0.9999998411705534,0.9999977877053754,0.9999908570078405,0.9999762994537477,0.9999518930203171,0.9999159109801129,0.9998670377277409,0.999804287695517,0.9997269378209749,0.9996344736149402,0.9995265466157861,0.9994029408695371
490,Zone 1,18,29,Unmarried,4,40,High school degree,No,Male,No,Yes,Yes,Plus service,No,0,0.7326314944780596,0.26736850552194036,12899.322567158331,True,0.9936695326502876,0.9756312469239377,0.9520798359427486,0.926274624054962,0.8998076571122616,0.8734967246448357,0.8477720462970364,0.8228572668545375,0.7988609173099381,0.7758255057939649,0.7537551180652575,0.7326314944780596
491,Zone 3,25,29,Unmarried,9,55,College degree,No,Male,No,No,No,Basic service,Yes,1,0.7868991499427709,0.21310085005722912,13373.310148054798,False,0.9961857379422223,0.9840554418670113,0.9671364349584737,0.9477599791389097,0.9272170250740652,0.9062471883868302,0.8852875589961153,0.8646008102357292,0.8443448357290366,0.8246125546491447,0.8054556390007928,0.7868991499427709
492,Zone 1,42,62,Unmarried,26,26,Did not complete high school,Yes,Female,No,No,No,Basic service,No,0,0.9880883769066595,0.011911623093340484,14847.19147720633,False,0.9999820458346771,0.9998469354298599,0.9995243376445522,0.9989916827584369,0.9982477808988639,0.9973008598622386,0.9961631725634372,0.9948484244766244,0.9933705053566797,0.9917428626011063,0.9899782043778856,0.9880883769066595
493,Zone 3,4,37,Unmarried,2,41,High school degree,No,Male,No,Yes,No,Basic service,No,0,0.5629576781351593,0.4370423218648407,11224.855627751032,True,0.9788647877087356,0.9342946176546518,0.8855203995825449,0.8380011479410225,0.7933606470963026,0.7519877712167926,0.7138290508101925,0.6786725483590688,0.6462592181927823,0.6163282478048708,0.5886350904667081,0.5629576781351593
494,Zone 2,12,50,Married,16,203,College degree,No,Male,No,No,No,Basic service,Yes,1,0.9738932906589428,0.026106709341057188,14763.4946598876,False,0.9999315618096893,0.9995016553591972,0.9985864682649472,0.9971900662327093,0.9953528529843526,0.9931235970572034,0.9905501520175392,0.9876763965906745,0.9845414567998833,0.9811797933070161,0.9776216003635193,0.9738932906589428
495,Zone 2,53,64,Married,17,380,High school degree,No,Female,No,No,Yes,Plus service,No,0,0.9985676386510142,0.0014323613489858333,14903.42487291015,False,0.9999993958401464,0.9999926113643524,0.9999716891394986,0.9999304312560483,0.9998645034568638,0.9997709911294937,0.9996480124940234,0.9994944334306738,0.9993096631201704,0.9990935074383681,0.9988460628299414,0.9985676386510142
496,Zone 2,13,38,Married,8,104,College degree,No,Male,Yes,Yes,Yes,Total service,Yes,1,0.8710026840722873,0.12899731592771269,14049.52364788403,False,0.9986656167632655,0.993453567639335,0.9852117333131362,0.9749405224649444,0.9633380091219101,0.9508782712115698,0.9378872769471358,0.9245928808267798,0.911156643030604,0.8976943495912256,0.8842895478599866,0.8710026840722873
497,Zone 3,18,31,Married,12,24,Some college,No,Male,No,No,No,E-service,No,0,0.9802062677745768,0.019793732225423244,14801.461651641128,False,0.999957598273007,0.9996729363327924,0.9990408555330521,0.9980480943741927,0.9967130593826464,0.995064470984757,0.9931332859958402,0.9909494983683629,0.9885409168458661,0.9859327916998767,0.9831478131858417,0.9802062677745768
498,Zone 3,67,42,Married,20,81,Some college,No,Female,Yes,No,Yes,Total service,No,0,0.9881729957801557,0.011827004219844284,14847.670309420626,False,0.9999822583367816,0.9998485414887611,0.99952895797575,0.9990009231799722,0.998263096242837,0.997323522169996,0.9961942748586393,0.994888896431285,0.9934211319840388,0.9918043025718449,0.9900510067252123,0.9881729957801557
499,Zone 2,6,24,Unmarried,2,17,Did not complete high school,No,Male,No,No,No,Plus service,No,0,0.8533392937250599,0.1466607062749401,13913.609066269144,False,0.9982679465619024,0.9918237787545593,0.9819338367647713,0.9698550049818175,0.9564158943703224,0.9421578618672384,0.9274413617084999,0.9125110014343287,0.8975352090707425,0.8826310391657477,0.8678801373848288,0.8533392937250599
500,Zone 1,25,46,Unmarried,13,45,Did not complete high school,No,Female,Yes,No,Yes,Plus service,No,0,0.952245174678514,0.047754825321486005,14626.555920661229,False,0.9997994807980761,0.998724029022169,0.9966519910431286,0.9936990827205578,0.9900090896836183,0.9857128375859473,0.9809211849927342,0.9757260947979671,0.9702034536053777,0.9644159304449867,0.9584154428613423,0.952245174678514
501,Zone 2,15,39,Unmarried,19,32,High school degree,No,Male,Yes,No,No,E-service,Yes,1,0.9655878174711165,0.03441218252888345,14712.078078443763,False,0.9998887278963458,0.9992369145961504,0.9979093034484556,0.9959440286547302,0.9934167944023542,0.9904059659696905,0.9869830095331503,0.9832103931043202,0.9791418488493121,0.9748233355278351,0.9702941252323379,0.9655878174711165
502,Zone 3,32,35,Unmarried,12,57,College degree,No,Male,No,No,No,E-service,No,0,0.9665211793396197,0.033478820660380326,14717.93141666645,False,0.9998940265181637,0.9992688118281006,0.9979896313154967,0.9960902048291894,0.9936419606088949,0.9907197937489101,0.9873924645600552,0.9837203502828357,0.9797555673033798,0.9755428220144245,0.9711204126241968,0.9665211793396197
503,Zone 2,22,39,Unmarried,0,63,College degree,No,Male,No,Yes,No,E-service,Yes,1,0.8218370689498515,0.17816293105014847,13663.028071931794,False,0.9974031217682241,0.988471182723521,0.975406125536286,0.9599574379345789,0.9431813608773241,0.9257253557837084,0.9079971771653608,0.8902589477577443,0.8726811536507837,0.8553748933632761,0.8384118525702058,0.8218370689498515
504,Zone 2,8,22,Unmarried,3,25,College degree,No,Male,Yes,No,Yes,Plus service,No,0,0.751233665126489,0.24876633487351096,13065.065266054598,False,0.9946254707307864,0.9787436793521526,0.9575511229534198,0.9339896043407885,0.909558656006314,0.8850590235829054,0.8609307556273903,0.8374163638540211,0.8146452873597732,0.7926802081193435,0.7715436270597584,0.751233665126489
505,Zone 1,3,31,Married,4,22,Did not complete high school,No,Male,No,Yes,No,Basic service,Yes,1,0.6530544157828206,0.34694558421717936,12151.420459512097,True,0.9882729486962449,0.959391642021703,0.9248045220191643,0.8890296025987114,0.8538856686087665,0.8201313943688101,0.7880615958833694,0.7577545061281432,0.7291844251304692,0.7022764577618008,0.676934257589757,0.6530544157828206
506,Zone 2,32,54,Unmarried,6,155,High school degree,No,Male,No,No,No,Basic service,No,0,0.9181330402885214,0.08186695971147862,14394.77588999264,False,0.999452676329268,0.9969532979436095,0.9925991447870302,0.9868050803465923,0.9799291511511213,0.9722479230095871,0.963971373707329,0.9552593661425217,0.9462345582707354,0.9369918663022375,0.927605318325633,0.9181330402885214
507,Zone 1,49,54,Unmarried,24,30,High school degree,No,Male,No,No,Yes,E-service,No,0,0.9969873107832735,0.003012689216726483,14895.50989538513,False,0.9999980699179878,0.9999790266251339,0.9999249696685714,0.9998243503507326,0.9996704642481176,0.9994597537258938,0.999190690794741,0.9988630668567616,0.9984775352834595,0.9980353110040316,0.99753796957936,0.9969873107832735
508,Zone 2,2,28,Unmarried,7,46,Some college,No,Female,No,No,No,Total service,No,0,0.9288027225197141,0.07119727748028593,14469.087038234304,False,0.9995800624773443,0.997576437034053,0.9939891027360611,0.989125861458088,0.9832732151020276,0.9766614252028218,0.9694703314247585,0.9618400314068507,0.9538801945120213,0.9456772607488511,0.937299836780206,0.9288027225197141
509,Zone 1,39,47,Unmarried,1,68,College degree,No,Female,No,Yes,No,E-service,Yes,1,0.88033162337999,0.11966837662000995,14119.925010938601,False,0.9988520609112521,0.9942435968703732,0.9868319045487672,0.9774890539170685,0.9668441881643506,0.9553340166613385,0.9432641595287367,0.9308516548761108,0.9182527512068026,0.9055811666648345,0.8929203086340443,0.88033162337999
510,Zone 1,42,33,Unmarried,2,67,High school degree,No,Male,No,No,No,E-service,No,0,0.9269967740611101,0.07300322593888986,14456.618411730671,False,0.9995597411128854,0.9974753584669117,0.9937614418331527,0.9887431257317765,0.9827187897490947,0.9759265221600497,0.9685513383884592,0.9607367846897494,0.9525948363468415,0.9442134696679333,0.9356623008626117,0.9269967740611101
511,Zone 1,28,36,Unmarried,3,69,Some college,No,Male,Yes,No,Yes,Total service,No,0,0.8869744946475486,0.11302550535245137,14169.4566631371,False,0.9989752699032599,0.9947766795954122,0.9879385452607564,0.9792449151648945,0.9692760864409989,0.9584415052930059,0.9470314550785015,0.9352544569336437,0.923262261625536,0.9111665097936446,0.8990500062339479,0.8869744946475486
512,Zone 2,41,46,Married,14,47,High school degree,No,Male,Yes,No,Yes,Total service,No,0,0.9853746471613147,0.014625352838685268,14831.688025319845,False,0.9999746597871411,0.9997923621067788,0.9993693950110942,0.9986846791872479,0.9977425994706707,0.9965577186464654,0.9951483171606212,0.993533498664763,0.9917318664742106,0.9897609374428022,0.9876369160131291,0.9853746471613147
513,Zone 3,67,50,Married,31,83,High school degree,No,Male,No,No,No,E-service,No,0,0.9993088964919183,0.0006911035080816585,14906.982062172072,False,0.9999998018397938,0.9999972976283273,0.9999889681506192,0.9999716506016197,0.9999428421279055,0.9999006356252363,0.9998436074759208,0.9997707157547793,0.9996812179171586,0.9995746063350396,0.999450558192611,0.9993088964919183
514,Zone 1,38,40,Unmarried,15,34,High school degree,No,Female,No,Yes,No,E-service,No,0,0.9242358395874737,0.07576416041252632,14437.469240319773,False,0.9995277031720686,0.9973173642664864,0.9934073713021876,0.9881499907933833,0.9818619531210561,0.9747933261536091,0.9671369822298461,0.9590416598845095,0.9506227753025543,0.9419705731065356,0.9331561398195513,0.9242358395874737
515,Zone 2,18,38,Unmarried,8,45,High school degree,No,Female,Yes,Yes,Yes,Total service,Yes,1,0.7864253491342241,0.21357465086577587,13369.297539163785,False,0.9961672049419062,0.9839903214139096,0.9670167457566679,0.9475857899776604,0.9269914068161047,0.905974253301388,0.8849716412476689,0.864246113757805,0.8439552885135879,0.8241917584358168,0.8050068637864309,0.7864253491342241
516,Zone 2,6,42,Married,17,29,High school degree,No,Female,Yes,No,Yes,Total service,No,0,0.9848405703321476,0.015159429667852442,14828.605057185505,False,0.9999730771720001,0.9997809406397972,0.9993374130606917,0.9986219308161297,0.9976401326506122,0.9964079270866671,0.9949448392607034,0.9932710665259038,0.9914061532444924,0.9893684188013385,0.9871747497330458,0.9848405703321476
517,Zone 2,4,36,Unmarried,0,21,High school degree,No,Female,No,No,No,Basic service,No,0,0.7578924327151559,0.24210756728484406,13123.566113556495,False,0.994943111052602,0.9797996674509606,0.9594301423939382,0.9366621113211229,0.9129590754701404,0.889113122592689,0.8655658971562398,0.8425652714898645,0.8202471680529988,0.7986807710475299,0.7778946555002499,0.7578924327151559
518,Zone 1,13,23,Married,3,30,Some college,No,Female,Yes,Yes,Yes,Total service,No,0,0.7100648127319794,0.2899351872680206,12693.671519178242,True,0.9923658065426063,0.9715230026131951,0.9449947569782553,0.9164185778752851,0.8874808134828074,0.8590050724175605,0.8313988013321386,0.8048550585885712,0.779451574893574,0.7552025401974136,0.7320869745771463,0.7100648127319794
519,Zone 1,20,35,Unmarried,0,78,College degree,No,Male,Yes,Yes,Yes,Total service,Yes,1,0.6746143397757257,0.3253856602242743,12360.358478228123,True,0.9899657985228649,0.9642886579702121,0.9328375620569593,0.8998143774449583,0.8670074567565911,0.8352141374056785,0.8047813106788482,0.7758369504250383,0.748398694304761,0.7224281722674555,0.6978594462305923,0.6746143397757257
520,Zone 1,34,49,Married,27,61,Some college,No,Female,No,No,Yes,Plus service,No,0,0.9980635938913994,0.0019364061086005746,14900.940020893815,False,0.9999990354605589,0.9999887455561806,0.9999580384742981,0.9998988566375957,0.9998059195515994,0.9996759301046836,0.9995069685268005,0.9992980730906927,0.9990489524748621,0.9987597864862948,0.9984310861071151,0.9980635938913994
521,Zone 1,46,29,Married,4,90,Post-undergraduate degree,No,Male,Yes,Yes,Yes,Total service,No,0,0.7740749271127789,0.22592507288722108,13263.918780066566,False,0.9956638569972723,0.9822419149558776,0.9638247337037248,0.9429623448445834,0.9210249137182602,0.8987781306609075,0.8766633793560773,0.8549385028237855,0.8337529488378475,0.8131900782061343,0.7932920416575259,0.7740749271127789
522,Zone 1,48,41,Unmarried,21,43,High school degree,No,Male,No,No,No,E-service,No,0,0.988956270194452,0.01104372980554802,14852.088540715067,False,0.9999841735186134,0.9998631241011398,0.9995710924705233,0.9990854509496313,0.9984035317224403,0.9975317345197767,0.996480505242174,0.9952618907765878,0.9938883056568323,0.9923719042601368,0.9907242692645866,0.988956270194452
523,Zone 3,69,61,Married,12,301,High school degree,No,Male,Yes,No,Yes,Plus service,No,0,0.9915310108130776,0.008468989186922404,14866.418986697412,False,0.9999897981590808,0.9999073069842311,0.9997011139023362,0.9993497172567644,0.9988470629309953,0.9981948052482588,0.9973984632457521,0.9964654242370882,0.9954038669244565,0.9942221674925639,0.9929285706461685,0.9915310108130776
524,Zone 1,32,34,Married,7,32,High school degree,No,Male,No,No,No,Basic service,No,0,0.8862801876915571,0.11371981230844286,14164.30332765331,False,0.9989627575127915,0.994722104663975,0.9878247176022656,0.9790637067984655,0.9690244610752146,0.9581192993170485,0.9466401398282951,0.9347964253474998,0.9227404046779517,0.9105839594421983,0.8984099773860325,0.8862801876915571
525,Zone 1,29,29,Unmarried,9,41,High school degree,No,Male,No,No,Yes,E-service,No,0,0.9416367160686324,0.05836328393136758,14556.344092667257,False,0.9997102567011942,0.998242823151498,0.9955155140736069,0.9917229925539651,0.9870706677608073,0.9817336645609184,0.9758543580254553,0.9695472140923405,0.9629042751853638,0.95599985331809,0.9488942617520886,0.9416367160686324
526,Zone 3,55,52,Unmarried,22,127,Did not complete high school,No,Female,Yes,No,No,E-service,No,0,0.9886100990965713,0.011389900903428729,14850.13905269466,False,0.9999833386628607,0.9998567427810066,0.9995526129973392,0.9990483194070272,0.9983417647412273,0.9974400653052271,0.9963543798995089,0.9950974123954801,0.9936821634202357,0.9921213022958438,0.9904268608510451,0.9886100990965713
527,Zone 3,72,60,Married,36,271,Did not complete high school,No,Female,No,No,Yes,Plus service,No,0,0.9997529970006177,0.0002470029993822953,14909.02384343079,False,0.999999957542674,0.9999993311701855,0.9999970306149879,0.9999919030647553,0.9999829089930176,0.9999691576427239,0.9999499024961503,0.999924525609894,0.9998925200616525,0.9998534735378152,0.9998070539264652,0.9997529970006177
528,Zone 3,29,26,Unmarried,1,32,Some college,No,Female,Yes,No,No,Basic service,Yes,1,0.5418371972600163,0.45816280273998367,10994.447872676259,True,0.9760039786909572,0.9271865333360104,0.8748529243577229,0.8245556641734537,0.7777833594621816,0.7347848325706194,0.6953933690508506,0.6593100917899875,0.6262098370645518,0.5957813267419159,0.5677411864394065,0.5418371972600163
529,Zone 2,50,25,Married,1,36,College degree,No,Female,Yes,No,Yes,Total service,No,0,0.8805791900810398,0.1194208099189602,14121.779979417459,False,0.9988567936307305,0.9942639024120434,0.9868738502228375,0.9775553748180912,0.9669357943999035,0.9554508115110955,0.9434054871062543,0.93101655397379,0.9184401036931015,0.9057897860820623,0.8931489936649182,0.8805791900810398
530,Zone 3,35,50,Married,11,293,Some college,No,Male,No,No,No,Basic service,Yes,1,0.962464564681564,0.03753543531843595,14692.362223882212,False,0.9998701030085332,0.999126327684395,0.9976330387874184,0.9954441538770161,0.992650192050373,0.9893413511230574,0.9855982185506322,0.9814902437739786,0.9770765087345331,0.9724070855368164,0.9675244196474746,0.962464564681564
531,Zone 3,11,63,Unmarried,9,41,Some college,No,Male,No,Yes,No,Basic service,Yes,1,0.865596330641945,0.13440366935805503,14008.282895883955,False,0.9985502139485369,0.9929734446340152,0.9842376223319108,0.9734198805025925,0.9612583051119642,0.9482480803425943,0.9347263045859109,0.9209264814821572,0.907012714880111,0.8931015426634342,0.8792762258098139,0.865596330641945
532,Zone 1,9,29,Unmarried,9,39,Some college,No,Female,No,No,No,Basic service,No,0,0.7868991499427709,0.21310085005722912,13373.310148054798,False,0.9961857379422223,0.9840554418670113,0.9671364349584737,0.9477599791389097,0.9272170250740652,0.9062471883868302,0.8852875589961153,0.8646008102357292,0.8443448357290366,0.8246125546491447,0.8054556390007928,0.7868991499427709
533,Zone 2,51,48,Unmarried,27,58,Did not complete high school,No,Male,No,No,Yes,Plus service,Yes,1,0.9941907879880422,0.005809212011957832,14880.859321490734,False,0.9999944843227767,0.9999463839088242,0.9998202094211807,0.9995978785260037,0.9992716946433903,0.9988397381420431,0.9983033358582842,0.997665638913673,0.9969307964909255,0.996103462993873,0.9951884989278423,0.9941907879880422
534,Zone 1,33,34,Married,2,28,Did not complete high school,No,Female,No,Yes,No,E-service,No,0,0.8820397206830393,0.11796027931696074,14132.709301085917,False,0.9988844911322462,0.9943830038102226,0.9871202036144213,0.9779452500687519,0.967474701148579,0.9561383045929963,0.9442378027812106,0.9319881081348624,0.9195443696136473,0.9070198196635235,0.8944977512493548,0.8820397206830393
535,Zone 1,25,20,Unmarried,0,15,High school degree,No,Male,No,No,Yes,Plus service,No,0,0.8093035795452368,0.1906964204547632,13560.50353248567,False,0.9969993324880734,0.9869735545984439,0.9725650346368407,0.9557287363035266,0.9376078365777805,0.9188862135918332,0.89998504374351,0.8811689462007839,0.8626056633391737,0.8444011279142194,0.8266208799733517,0.8093035795452368
536,Zone 3,31,34,Unmarried,9,105,College degree,No,Female,No,No,No,Plus service,No,0,0.9399345957195494,0.060065404280450596,14544.91225890125,False,0.999694406108314,0.9981597083786243,0.9953224422474025,0.9913912165295501,0.9865818241434872,0.9810766310033512,0.975023037358233,0.9685390160715646,0.9617190706709725,0.954639244509723,0.9473610659197361,0.9399345957195494
537,Zone 2,67,40,Married,10,80,College degree,No,Female,Yes,Yes,Yes,Total service,No,0,0.8945649789660016,0.10543502103399838,14225.429452134202,False,0.999106589299551,0.9953559834739718,0.9891548691796701,0.9811904197191103,0.9719875416135326,0.9619239580736981,0.9512716077841427,0.9402284631931661,0.928940403920272,0.9175160687805511,0.9060370458873743,0.8945649789660016
538,Zone 3,55,45,Unmarried,8,36,High school degree,No,Male,Yes,No,Yes,Plus service,No,0,0.9302875899099956,0.0697124100900044,14479.30464788506,False,0.999596397006404,0.9976581997105508,0.9941739395035115,0.9894374179351677,0.9837254493026364,0.977261867690564,0.9702222368197307,0.9627437884029065,0.9549342632784488,0.9468788070219593,0.9386451676487274,0.9302875899099956
539,Zone 3,19,50,Unmarried,7,112,College degree,No,Female,Yes,No,No,Total service,No,0,0.9580190802728491,0.0419809197271509,14663.971436315587,False,0.9998412110114401,0.9989588532135728,0.9972204960549101,0.9947050964048343,0.9915255029930562,0.9877892688631678,0.9835900955161958,0.9790073029607285,0.9741074223521271,0.968946170016179,0.9635702822134922,0.9580190802728491
540,Zone 1,39,34,Married,11,55,College degree,No,Female,Yes,Yes,Yes,Total service,No,0,0.8679925999204805,0.1320074000795195,14026.601681084996,False,0.9986020396858502,0.9931882765574426,0.984672559478679,0.9740978113200239,0.9621843833098225,0.9494181573472112,0.9361313597719079,0.9225550467512464,0.9088522429530869,0.8951391930507703,0.8814993177145962,0.8679925999204805
541,Zone 2,52,35,Married,8,40,College degree,No,Male,Yes,No,Yes,Plus service,No,0,0.937916206407151,0.06208379359284899,14531.299184173984,False,0.9996750536344693,0.9980590540789746,0.9950897379509859,0.9909926847689434,0.9859961586398206,0.9802911471036146,0.9740309907371728,0.9673377801562795,0.9603088889869906,0.9530223647390075,0.9455411302993632,0.937916206407151
542,Zone 3,55,37,Married,15,23,High school degree,No,Female,No,No,Yes,Plus service,No,0,0.9849260569826611,0.015073943017338887,14829.099198890446,False,0.9999733333175512,0.9997827834993759,0.9993425640409225,0.9986320240358798,0.9976565982574878,0.9964319778056284,0.9949774874244354,0.9933131488067636,0.9914583554562428,0.9894312983078727,0.9872487548775557,0.9849260569826611
543,Zone 2,25,62,Unmarried,27,28,College degree,Yes,Female,Yes,No,Yes,Total service,Yes,1,0.9966000399420589,0.003399960057941076,14893.522579571874,False,0.9999976624467205,0.9999751014095413,0.9999119554259429,0.9997955645873436,0.9996188770317233,0.9993783877214708,0.9990728292740017,0.9987023580403104,0.9982680391107202,0.9977715133503674,0.9972147780006898,0.9966000399420589
544,Zone 3,33,58,Unmarried,12,21,High school degree,Yes,Female,No,No,No,Basic service,No,0,0.9551728572114265,0.04482714278857347,14645.601606464856,False,0.9998212364969845,0.9988455174501214,0.9969447871833202,0.9942155440307877,0.9907856308438248,0.9867739811876269,0.9822827437107371,0.9773974997394395,0.9721894392087753,0.9667177596302262,0.9610318062297426,0.9551728572114265
545,Zone 2,48,35,Unmarried,5,63,College degree,No,Male,No,No,Yes,Plus service,Yes,1,0.9268745735427052,0.0731254264572948,14455.773077781534,False,0.9995583479664156,0.9974684541320575,0.9937459241984073,0.9887170774591486,0.9826811008819394,0.9758766126531465,0.9684889774001029,0.9606619732476553,0.9525077299356536,0.9441143262221774,0.9355514452571074,0.9268745735427052
546,Zone 2,48,31,Married,12,52,College degree,No,Male,Yes,Yes,Yes,Total service,No,0,0.8567822440987823,0.14321775590121766,13940.365553208043,False,0.9983501751420452,0.9921553350848693,0.9825943095717963,0.9708727198483567,0.9577938009207825,0.9438861880985374,0.9295040436822823,0.9148890962967575,0.9002087607557299,0.8855801111356936,0.8710853799364164,0.8567822440987823
547,Zone 2,49,57,Unmarried,3,189,Did not complete high school,No,Female,No,No,No,Basic service,No,0,0.9160627220719617,0.08393727792803829,14380.18050178047,False,0.9994258922332613,0.9968251589673363,0.9923170314181642,0.9863384001964391,0.9792615420465755,0.9713720049628878,0.9628854812033864,0.9539654943951488,0.9447370448290358,0.9352965272713102,0.9257188728247303,0.9160627220719617
548,Zone 3,54,32,Married,0,50,Did not complete high school,No,Male,No,No,Yes,Plus service,Yes,1,0.9388730318655514,0.06112696813444862,14537.760181352496,False,0.9996843032372505,0.9981070527257118,0.9952005586782813,0.9911822975126007,0.9862746004156746,0.98066436335778,0.9745021135596028,0.9679079951993784,0.9609780278821562,0.9537893156446662,0.9464041265133981,0.9388730318655514
549,Zone 1,45,32,Married,9,23,Did not complete high school,No,Male,No,No,No,Basic service,No,0,0.8880110989518517,0.11198890104814829,14177.14025881498,False,0.9989937936758594,0.9948576649550649,0.988107690699655,0.97951445061167,0.9696506468367709,0.958921427118111,0.9476146201823141,0.9359373576339778,0.9240406345158666,0.912035721254758,0.900005290039169,0.8880110989518517
550,Zone 3,4,37,Married,1,33,High school degree,No,Female,No,Yes,No,Basic service,Yes,1,0.6784141992198528,0.3215858007801472,12396.69110658379,True,0.9902451129209785,0.965111734045171,0.9342023722600766,0.9016607517370605,0.8692672571086211,0.837824214530263,0.8076864848799084,0.7789900132460517,0.7517595495151688,0.7259628118083792,0.7015389892916708,0.6784141992198528
551,Zone 3,49,27,Married,3,29,Some college,No,Female,Yes,Yes,No,E-service,Yes,1,0.7498492116392657,0.25015078836073434,13052.84731713461,True,0.9945578390116319,0.9785203232954292,0.9571552228487366,0.9334280688170444,0.9088457000142367,0.8842104961348616,0.8599620476953118,0.8363416596861725,0.8134773565690201,0.791430420246608,0.7702220538868524,0.7498492116392657
552,Zone 2,23,35,Unmarried,2,96,Some college,No,Male,Yes,Yes,Yes,Total service,Yes,1,0.6975009592680272,0.30249904073197276,12576.985317844797,True,0.991566681929165,0.9690712712787849,0.9408322556060614,0.9106922488984623,0.8803806145500702,0.850716760214525,0.8220901826068334,0.7946732539532118,0.7685240234413732,0.7436391546726453,0.7199824864039365,0.6975009592680272
553,Zone 2,31,44,Unmarried,23,80,Post-undergraduate degree,No,Male,No,Yes,No,E-service,Yes,1,0.9643287403233095,0.03567125967669049,14704.153667537614,False,0.9998813854397852,0.9991930440492348,0.9977993064713845,0.9957444843508362,0.9931101623361,0.9899794363122661,0.9864274380447985,0.9825194532478131,0.9783113815873358,0.9738508544784558,0.9691784391216252,0.9643287403233095
554,Zone 2,55,44,Married,2,68,High school degree,No,Male,No,No,Yes,Plus service,No,0,0.9739859961480336,0.026014003851966394,14764.059624903854,False,0.999931985024893,0.9995043627888446,0.9985935333298772,0.9972032513843969,0.9953735644930716,0.9931529292673725,0.990588943050408,0.9877252781567424,0.9846008951769164,0.9812501221624043,0.9777030468469753,0.9739859961480336
555,Zone 1,9,28,Unmarried,7,30,Did not complete high school,No,Female,No,No,No,Basic service,No,0,0.7591041826363103,0.2408958173636897,13134.165067057484,False,0.9949995688010221,0.979988599831774,0.95976762340071,0.9371434174556625,0.913572771472597,0.8898460569659934,0.8664051012064491,0.8434986731164095,0.8212638177190489,0.7997708609668528,0.779049453099969,0.7591041826363103
556,Zone 2,55,57,Married,25,34,High school degree,No,Male,No,No,No,Basic service,No,0,0.9923673048590698,0.007632695140930235,14871.003179634401,False,0.9999913980911534,0.9999203518485967,0.9997403446247554,0.9994306871965966,0.9989845844293525,0.9984024015152506,0.9976882245010915,0.9968480324553414,0.9958886892592563,0.9948173737346078,0.9936412543355506,0.9923673048590698
557,Zone 1,34,30,Unmarried,3,35,High school degree,No,Female,Yes,No,Yes,Plus service,No,0,0.8160374448591176,0.18396255514088244,13615.78418163638,False,0.997220694504773,0.9877900056536257,0.9741088208915837,0.9580211626969912,0.9406238281454589,0.9225815731426993,0.9043087573807811,0.8860689773312351,0.8680316985439893,0.8503058216778556,0.8329603368926002,0.8160374448591176
558,Zone 1,10,23,Unmarried,4,36,High school degree,No,Male,No,No,Yes,Plus service,No,0,0.8616251878035365,0.13837481219646353,13977.786961687214,False,0.9984619329423173,0.9926102939486664,0.9835056993481579,0.9722826677379492,0.9597086613476528,0.9462940881926946,0.932383903030384,0.9182154669367355,0.9039545034534734,0.8897178970700818,0.8755885305796065,0.8616251878035365
559,Zone 2,62,76,Unmarried,20,35,Some college,Yes,Female,No,No,No,E-service,No,0,0.9993762642716754,0.000623735728324637,14907.297544169729,False,0.9999998303287276,0.9999976515228327,0.9999903296703588,0.9999749972648165,0.9999493512647581,0.9999116122243751,0.9998604323724943,0.9997948087482721,0.9997140115113986,0.9996175270293682,0.9995050131810714,0.9993762642716754
560,Zone 2,51,36,Unmarried,13,62,Some college,No,Male,Yes,Yes,Yes,Total service,No,0,0.8159187662133254,0.18408123378667463,13614.81386634854,False,0.9972168826454147,0.9877758548177649,0.9740819622052395,0.9579811719673568,0.9405711054029248,0.9225168644434266,0.9042329368864106,0.8859829436369439,0.8679363248724729,0.8502019327982006,0.8328486997300311,0.8159187662133254
561,Zone 1,65,48,Unmarried,28,94,Did not complete high school,No,Male,No,No,No,E-service,No,0,0.9966254378887535,0.0033745621112465374,14893.653387935923,False,0.9999976900971533,0.9999753652579189,0.9999128253793779,0.9997974812204748,0.9996223013218001,0.9993837751469132,0.9990806165891916,0.9987129568140961,0.9982818329786799,0.9977888573407345,0.9972359990189147,0.9966254378887535
562,Zone 3,53,33,Unmarried,1,60,Did not complete high school,No,Male,Yes,No,Yes,Total service,No,0,0.8560664824453528,0.14393351755464723,13934.813513885518,False,0.9983332717976253,0.9920869638567653,0.9824578609419085,0.9706621936115898,0.9575084767646275,0.943528006928946,0.9290762719489257,0.914395614451433,0.8996536728107599,0.8849675275566808,0.8704192976553826,0.8560664824453528
563,Zone 1,23,35,Unmarried,4,118,High school degree,No,Male,Yes,Yes,No,Basic service,Yes,1,0.42789098498063716,0.5721090150193628,9652.818713005927,True,0.9545462059462702,0.8786658871584304,0.8058833790073185,0.7408789589265854,0.6836460812283125,0.6332749904699848,0.5887720658500009,0.5492519351580659,0.5139689576173169,0.48230595658413405,0.45375371440693496,0.42789098498063716
564,Zone 3,1,30,Unmarried,3,135,College degree,No,Male,No,Yes,No,Basic service,Yes,1,0.49860333442240246,0.5013966655775975,10505.83169401288,True,0.9691798744531224,0.910943634787227,0.8510787033680888,0.7951162208814231,0.7441407661281285,0.6980446744434863,0.6563907378455731,0.6186803635461742,0.584440774391198,0.553250575658684,0.5247433066357361,0.49860333442240246
565,Zone 3,66,55,Unmarried,20,80,High school degree,No,Female,No,No,Yes,Plus service,No,0,0.9936467896811081,0.006353210318891911,14877.940426260337,False,0.9999936225697224,0.9999389778378072,0.9997972400586254,0.9995494239506466,0.9991879916900333,0.9987116224565593,0.9981224075979487,0.9974243020901393,0.9966222392909043,0.9957216114191987,0.9947279598409614,0.9936467896811081
566,Zone 3,8,27,Married,0,21,Some college,No,Female,No,Yes,No,E-service,No,0,0.8228987296053046,0.17710127039469536,13671.639422774599,False,0.9974357057766867,0.988593688732831,0.9756403767854332,0.9603080625865577,0.9436455065112817,0.9262969235560317,0.9086687863329705,0.8910228885033497,0.8735298563120659,0.8563011543536134,0.8394089336786414,0.8228987296053046
567,Zone 3,18,28,Married,3,22,Did not complete high school,No,Female,No,No,No,Basic service,No,0,0.8189622020356863,0.18103779796431374,13639.651941622573,False,0.9973136328743195,0.9881360552351841,0.9747667829846658,0.9590020403058325,0.9419182385935732,0.9241715058292136,0.9061729549823567,0.8881855078062597,0.8703791983026693,0.8528640772464279,0.8357105263975273,0.8189622020356863
568,Zone 3,36,32,Married,3,63,College degree,No,Male,No,Yes,No,E-service,No,0,0.8773854009654403,0.12261459903455973,14097.796425326726,False,0.9987948910016906,0.9939993325135873,0.9863285497963137,0.9766945668836513,0.9657482666039132,0.9539382822341421,0.9415768131800851,0.9288844588025681,0.9160192716578548,0.903095729365865,0.8901973715551157,0.8773854009654403
569,Zone 1,13,40,Unmarried,16,142,High school degree,No,Female,No,No,No,Basic service,Yes,1,0.9077156189165885,0.09228438108341153,14320.775353141109,False,0.9993109380398603,0.9962847487421287,0.9911393477030188,0.9844042899561538,0.9765101711314694,0.9677786282035453,0.9584478932872024,0.9486956495673573,0.9386557509687448,0.928430014361694,0.9180965359321709,0.9077156189165885
570,Zone 3,4,44,Unmarried,15,32,Some college,No,Female,Yes,Yes,Yes,Plus service,Yes,1,0.8514588925386559,0.14854110746134408,13898.942473893176,False,0.9982220501372282,0.9916398357562582,0.9815687117292272,0.9692938015335252,0.955657550098242,0.9412081765303825,0.9263094811937944,0.911207564376646,0.8960713413057222,0.8810178021431019,0.8661282288772016,0.8514588925386559
571,Zone 3,20,32,Unmarried,10,19,Some college,No,Male,No,Yes,No,E-service,No,0,0.8533306104781564,0.1466693895218436,13913.541425734637,False,0.99826773623136,0.9918229340003197,0.9819321578497409,0.9698524221839103,0.9564124018937773,0.9421534857451493,0.9274361435727957,0.9125049899394808,0.8975284552283356,0.882623593777037,0.867872049641506,0.8533306104781564
572,Zone 1,66,39,Married,12,60,College degree,No,Male,Yes,Yes,Yes,Total service,No,0,0.9011206586752547,0.0988793413247453,14273.222659524381,False,0.9992120718500914,0.9958308238607733,0.9901637285412312,0.9828176912947552,0.974270291047178,0.9648714423414926,0.954876572790857,0.9444738551204327,0.9338034682225956,0.9229709100771162,0.9120562517524806,0.9011206586752547
573,Zone 3,67,47,Married,7,97,Did not complete high school,No,Male,No,No,Yes,Plus service,No,0,0.9856465023780536,0.014353497621946376,14833.253453607285,False,0.999975449194878,0.999798091474756,0.9993854913603802,0.998716334353712,0.997794385924767,0.996633535587071,0.9952514370082617,0.9936666406519208,0.9918972722167071,0.9899604400643104,0.9878720005637834,0.9856465023780536
574,Zone 1,11,24,Married,0,31,High school degree,No,Female,Yes,Yes,Yes,Total service,Yes,1,0.6859913749518164,0.3140086250481836,12468.704482485302,True,0.9907857736639795,0.9667181863666685,0.9368791074405186,0.9052944370159285,0.8737264596157641,0.8429858597502463,0.8134423210953989,0.7852469713058063,0.7584382659686444,0.7329957433510425,0.7088686014006004,0.6859913749518164
575,Zone 1,6,26,Unmarried,7,30,Some college,No,Female,No,Yes,No,Basic service,Yes,1,0.5058144980913624,0.49418550190863764,10588.971268219877,True,0.9704165359834673,0.9138208089872227,0.8552336354877508,0.8002120715961176,0.7499207715212907,0.704318277350254,0.6630161433847774,0.6255510870120362,0.5914760472880867,0.5603885811819698,0.5319363770050526,0.5058144980913624
576,Zone 2,13,23,Married,4,31,Did not complete high school,No,Female,Yes,Yes,No,Basic service,No,0,0.42949253311204616,0.5705074668879538,9672.943230834046,True,0.954934712592867,0.8794864376187043,0.8070031475755894,0.7421982611842115,0.6850966239033299,0.6348098479249566,0.5903584911547971,0.5508667230700722,0.5155954586199938,0.4839321176999955,0.45537076449577785,0.42949253311204616
577,Zone 2,2,29,Married,3,44,High school degree,No,Female,Yes,Yes,Yes,Total service,Yes,1,0.7642579311384892,0.23574206886151083,13179.082521675236,False,0.9952351372187689,0.9807811311890197,0.9611877127963756,0.9391732050125544,0.9161653363123639,0.8929467022255935,0.8699595397404948,0.8474561597710397,0.8255781838973313,0.804400650035267,0.7839576764259237,0.7642579311384892
578,Zone 1,4,40,Unmarried,12,38,High school degree,No,Male,No,No,No,Basic service,No,0,0.8844922975751017,0.11550770242489827,14151.007580136027,False,0.9989301465732694,0.9945803441131673,0.987529626716764,0.9785945907157246,0.9683737524022111,0.9572868038355254,0.9456298393975061,0.9336146413592379,0.9213947109611624,0.9090825246669298,0.8967611622508843,0.8844922975751017
579,Zone 1,34,63,Married,10,23,High school degree,No,Female,Yes,Yes,Yes,Total service,No,0,0.9705806786273252,0.029419321372674778,14743.172846456526,False,0.9999156433259436,0.9994012747827438,0.9983267119060503,0.9967081669209562,0.9945993486525352,0.9920604604901562,0.9891486326133562,0.9859151442973154,0.9824050034620628,0.978657349958432,0.9747061095644146,0.9705806786273252
580,Zone 1,13,34,Married,6,37,Some college,No,Male,No,No,No,Plus service,No,0,0.9636321747499598,0.03636782525004023,14699.755798084003,False,0.9998772271456662,0.9991683601343582,0.9977376521124895,0.9956329404960294,0.9929391171218763,0.9897419183220567,0.9861185107207202,0.98213573713964,0.97785069017027,0.9733119182478122,0.9685606958828697,0.9636321747499598
581,Zone 2,37,40,Married,14,26,High school degree,No,Male,No,No,No,E-service,No,0,0.9911611772716429,0.00883882272835712,14864.380070392575,False,0.9999890545935255,0.9999013276121079,0.9996832767265525,0.9993131134413061,0.9987851709013333,0.9981017161193867,0.9972689305934944,0.9962948428710512,0.9951882241544328,0.9939579858908347,0.9926128507316347,0.9911611772716429
582,Zone 1,45,30,Married,8,38,High school degree,No,Male,No,No,Yes,Plus service,No,0,0.9597702861595544,0.0402297138404456,14675.200106742213,False,0.9998529272770516,0.9990262247808472,0.997385672723364,0.9950000135359677,0.9919731345333452,0.988405686421822,0.9843861903321617,0.9799900896346926,0.9752810053937707,0.9703124604220649,0.9651295322747815,0.9597702861595544
583,Zone 2,71,70,Unmarried,30,153,Some college,Yes,Female,No,No,Yes,Plus service,No,0,0.9993827823278499,0.0006172176721500611,14907.32797900364,False,0.9999998330011359,0.9999976850085931,0.9999904591512453,0.9999753166756307,0.9999499742343445,0.9999126651454854,0.9998620493814714,0.9997971281242917,0.9997171730942683,0.9996216703662442,0.999510276198232,0.9993827823278499
584,Zone 1,35,40,Unmarried,5,49,Did not complete high school,No,Female,No,No,No,Basic service,No,0,0.8344431095067761,0.16555689049322386,13764.534793418483,False,0.9977741844220894,0.98988252385046,0.9781232597786058,0.9640441393868728,0.9486115813634077,0.9324329504570008,0.9158993488805625,0.8992678110680239,0.8827095494914292,0.8663392752585763,0.850233628017731,0.8344431095067761
585,Zone 3,44,41,Unmarried,21,51,Some college,No,Male,No,Yes,No,Basic service,No,0,0.8112615805692016,0.1887384194307984,13576.62453826093,False,0.9970647693611447,0.9872138008581353,0.9730180836798064,0.956400201109083,0.9384899275080646,0.9199656891285399,0.9012467755135164,0.8825975848535712,0.8641864199987228,0.8461201224219199,0.8284652704570385,0.8112615805692016
586,Zone 3,44,45,Married,19,88,Did not complete high school,No,Male,No,No,Yes,Plus service,No,0,0.9941189552445875,0.005881044755412512,14880.47501050806,False,0.999994373462714,0.9999454241682945,0.9998172201391168,0.9995915534646437,0.999260742799414,0.9988229431973197,0.9982795792875058,0.9976339061539893,0.9968901750834928,0.9960531370148615,0.995127741877368,0.9941189552445875
587,Zone 1,26,41,Married,20,19,Did not complete high school,No,Female,No,No,No,Basic service,No,0,0.96567396318287,0.03432603681712998,14712.619076533898,False,0.9998892220868321,0.999239880914819,0.9979167608822326,0.9959575828347578,0.9934376532972599,0.9904350159287327,0.9870208867378913,0.9832575408263684,0.9791985615451916,0.9748897925060065,0.9703704164082086,0.96567396318287
588,Zone 2,42,46,Married,9,31,Did not complete high school,No,Female,No,No,No,Basic service,No,0,0.9456981347369489,0.05430186526305114,14583.439470337968,False,0.9997463541082879,0.9984345776431081,0.9959643508974524,0.9924984532014827,0.9882180418623839,0.9832810937299832,0.9778179469667984,0.97193457821682,0.9657170089124572,0.9592352672272024,0.9525466211265028,0.9456981347369489
589,Zone 2,41,47,Married,6,90,High school degree,No,Male,No,Yes,No,Basic service,Yes,1,0.8164967862475156,0.18350321375248435,13619.538409852801,False,0.9972354181786506,0.9878446956473999,0.9742126585127739,0.9581758061703131,0.940827743353996,0.9228318836820582,0.9046020883397041,0.8864018570639434,0.8684007519140267,0.8507078597768558,0.8333923936855512,0.8164967862475156
590,Zone 1,31,24,Married,3,14,Did not complete high school,No,Male,No,No,No,Basic service,No,0,0.7882669283728592,0.21173307162714083,13384.881353585866,False,0.9962389229225548,0.9842426303744416,0.9674808143246284,0.9482615145325044,0.9278669842935161,0.9070337999441311,0.8861983838318148,0.8656237645049721,0.8454686165684948,0.8258267893394058,0.8067509037585021,0.7882669283728592
591,Zone 3,62,63,Unmarried,43,341,High school degree,No,Male,Yes,Yes,No,Plus service,Yes,1,0.9933089257780996,0.006691074221900406,14876.118063501153,False,0.9999930618584975,0.9999342210403338,0.9997825987602087,0.9995187036513461,0.9991351452646611,0.9986310116979681,0.9980088955537828,0.9972732691785077,0.996429564803026,0.9954836400682452,0.9944414629559953,0.9933089257780996
592,Zone 1,12,23,Married,2,24,College degree,No,Female,Yes,Yes,Yes,Total service,No,0,0.698923293404758,0.301076706595242,12590.274262752455,True,0.9916598962542075,0.9693548896605322,0.9413114372363044,0.911349177638259,0.881192967040852,0.851662964283099,0.8231508899378686,0.7958315893327956,0.7697654296274437,0.744951120289563,0.7213542612433366,0.698923293404758
593,Zone 2,45,49,Married,27,81,High school degree,No,Female,No,No,Yes,Plus service,No,0,0.9980635938913994,0.0019364061086005746,14900.940020893815,False,0.9999990354605589,0.9999887455561806,0.9999580384742981,0.9998988566375957,0.9998059195515994,0.9996759301046836,0.9995069685268005,0.9992980730906927,0.9990489524748621,0.9987597864862948,0.9984310861071151,0.9980635938913994
594,Zone 1,47,34,Married,4,63,High school degree,No,Female,No,No,No,Basic service,No,0,0.8665386748247894,0.1334613251752106,14015.494332943994,False,0.9985707236517312,0.9930583137644994,0.9844092671351466,0.9736872256622046,0.9616233013929271,0.9487090305436752,0.9352796072559635,0.9215675834261281,0.9077366476653003,0.8939032301283851,0.8801506607819762,0.8665386748247894
595,Zone 2,23,22,Married,1,27,Did not complete high school,No,Male,No,No,Yes,Plus service,No,0,0.9032273493741388,0.09677265062586116,14288.470981908833,False,0.9992444362245071,0.9959784133298811,0.990479680453184,0.9833300533994274,0.9749920271824225,0.9658065123862649,0.9560235056442488,0.9458278970345367,0.9353579093542351,0.9247179219425034,0.913987424536068,0.9032273493741388
596,Zone 3,39,34,Unmarried,4,20,Post-undergraduate degree,No,Female,Yes,Yes,Yes,Total service,No,0,0.7102151255558483,0.2897848744441517,12695.058023639107,True,0.9923750407395862,0.9715516103300722,0.945043603150913,0.9164860460984956,0.8875647298923355,0.8591032805115248,0.8315093363325918,0.8049761873723416,0.7795817889238256,0.7553405331168148,0.7322316164688847,0.7102151255558483
597,Zone 2,19,26,Unmarried,2,48,Some college,No,Male,Yes,No,Yes,Plus service,No,0,0.7755062559629368,0.22449374403706324,13276.208642543485,False,0.9957242185077005,0.9824496062300961,0.9642018061752295,0.943506357039469,0.9217248007623278,0.8996201382584501,0.8776334513927304,0.8560232568026478,0.8349400451365876,0.8144683183949297,0.7946513451870818,0.7755062559629368
598,Zone 1,13,54,Unmarried,12,121,College degree,No,Male,No,No,Yes,Plus service,No,0,0.9863080839868458,0.013691916013154226,14837.05191786549,False,0.9999773245059479,0.9998117938726947,0.9994241392193514,0.998792551946107,0.9979193449649575,0.9968168036273956,0.9955010763653745,0.9939893780306389,0.9922986763986809,0.990445086068536,0.988443614058935,0.9863080839868458
599,Zone 2,5,33,Unmarried,6,39,Some college,No,Male,No,No,Yes,Total service,Yes,1,0.9421877889784676,0.057812211021532445,14560.035669022054,False,0.999715296734437,0.9982693846676378,0.9955773971446965,0.9918295550908613,0.9872279329116593,0.9819453175203312,0.9761224543075696,0.9698726672359924,0.9632871939987983,0.9564397779832531,0.9493903313596478,0.9421877889784676
600,Zone 2,11,19,Unmarried,0,21,High school degree,No,Male,No,No,No,Basic service,Yes,1,0.5901034244175779,0.4098965755824221,11513.409615156224,True,0.9821437870884809,0.9427057850106433,0.898381458745612,0.8544278602408745,0.8125887071603548,0.7734018566825234,0.7369414975251727,0.7030969807624956,0.6716880926746028,0.6425152871126018,0.6153818703444414,0.5901034244175779
601,Zone 3,4,32,Unmarried,2,53,College degree,No,Male,No,No,No,Basic service,Yes,1,0.7431476049979051,0.2568523950020949,12993.438288298898,True,0.9942225789871646,0.9774204515872142,0.9552132506085702,0.930681195544959,0.9053655585141183,0.8800758075220911,0.8552486972406439,0.8311192426378109,0.8078082977659894,0.7853701352646107,0.7638195091616882,0.7431476049979051
602,Zone 3,17,42,Unmarried,8,58,Did not complete high school,No,Male,Yes,Yes,No,E-service,Yes,1,0.8197782904256757,0.18022170957432426,13646.296248296847,False,0.9973392230786994,0.9882316926000156,0.9749490179686962,0.9592741309134715,0.9422777300990401,0.9246135019166001,0.9066916227593396,0.8887748012407839,0.8710332104588604,0.8535772069730485,0.8364775491555033,0.8197782904256757
603,Zone 2,7,27,Unmarried,3,39,Some college,No,Male,No,No,Yes,Basic service,Yes,1,0.7076746126115442,0.2923253873884558,12671.593816791466,True,0.9922179451848305,0.9710658128734028,0.944215014244341,0.915342432984438,0.8861431481530513,0.857440388723849,0.8296384797705798,0.8029267456821534,0.7773793112008013,0.7530071273054686,0.7297863917473355,0.7076746126115442
604,Zone 1,19,65,Unmarried,3,108,Did not complete high school,No,Male,No,No,Yes,Plus service,No,0,0.9868187037370927,0.013181296262907316,14839.97259332097,False,0.9999787273379569,0.9998221338372928,0.9994534525005799,0.9988505704618297,0.9980147340247039,0.9969570249092717,0.9956924501981832,0.9942372048789078,0.992607367765136,0.9908182870962524,0.9888843123243947,0.9868187037370927
605,Zone 2,32,34,Married,0,38,Did not complete high school,No,Male,No,No,No,E-service,No,0,0.9602899449411603,0.03971005505883973,14678.521072989268,False,0.9998563201637025,0.9990458682605199,0.9974340254839184,0.9950865900030338,0.9921048303793368,0.9885873649440934,0.9846211808280682,0.9802805679146914,0.9756282775229823,0.9707171740436858,0.9655918349426968,0.9602899449411603
606,Zone 2,53,51,Unmarried,31,245,College degree,No,Male,No,No,No,E-service,No,0,0.9980678104678881,0.0019321895321119387,14900.96098326159,False,0.9999990387318509,0.9999887798658605,0.9999581580293463,0.9998991305716495,0.9998064240862992,0.9996767438676935,0.9995081697742009,0.9992997380644503,0.9990511544497186,0.9987625952437319,0.9984345676778174,0.9980678104678881
607,Zone 1,51,38,Unmarried,19,51,Did not complete high school,No,Female,Yes,No,Yes,Plus service,No,0,0.9493559576486498,0.05064404235135023,14607.616224487896,False,0.9997768016032016,0.9985993043231607,0.9963540708144246,0.9931769063035514,0.9892278096420108,0.9846495026083879,0.9795614453016563,0.974061831630041,0.9682310846625247,0.9621351900074571,0.9558284942816043,0.9493559576486498
608,Zone 1,35,34,Unmarried,7,78,College degree,No,Female,No,No,No,Basic service,No,0,0.8078268882393446,0.19217311176065544,13548.319858829156,False,0.9969493940251186,0.9867908131951149,0.9722210907581185,0.9552196738839093,0.9369398004996192,0.9180694008523289,0.8990310223995566,0.8800894094879664,0.8614118496464869,0.8431035656261363,0.8252292955430371,0.8078268882393446
609,Zone 1,3,31,Married,4,23,College degree,No,Male,Yes,No,Yes,Total service,Yes,1,0.9252334631666069,0.07476653683339307,14444.400580640448,False,0.9995394155233324,0.9973749362237191,0.9935361468791617,0.9883654228833648,0.9821728378103832,0.9752041293907489,0.9676493390173397,0.959655340337905,0.9513363180156653,0.9427817082383199,0.9340620763923144,0.9252334631666069
610,Zone 1,22,48,Unmarried,7,88,College degree,No,Male,No,Yes,No,Basic service,Yes,1,0.7340299036656748,0.2659700963343252,12911.90069993977,True,0.9937450121580843,0.9758736799636674,0.9525026122797515,0.9268673947712014,0.900553559271702,0.8743779893501249,0.8487719215477105,0.8239606182811985,0.8000543242612685,0.7770971653732797,0.755094684022111,0.7340299036656748
611,Zone 3,17,21,Married,0,25,High school degree,No,Female,No,No,Yes,Plus service,No,0,0.8925392923588027,0.1074607076411973,14210.557929353676,False,0.9990725176936318,0.9952044866218693,0.9888353125136033,0.9806776199480922,0.9712710431301347,0.9610018252848839,0.9501468838220508,0.9389070907513315,0.9274299690379251,0.9158250247739924,0.9041742267799904,0.8925392923588027
612,Zone 2,68,39,Unmarried,20,73,High school degree,No,Female,No,No,No,E-service,No,0,0.9861353605383895,0.01386463946161054,14836.061768372307,False,0.9999768411794054,0.999808249574905,0.9994141213852392,0.9987727662193338,0.9978868686297074,0.9967691279968793,0.9954360829197861,0.993905295445374,0.9921940350199034,0.9903186756217703,0.9882944463139484,0.9861353605383895
613,Zone 2,27,41,Married,7,62,College degree,No,Female,No,No,No,Plus service,No,0,0.9783598408256649,0.02164015917433515,14790.467424414692,False,0.9999505694591789,0.9996256352865049,0.9989137100486124,0.997805765597442,0.9963261414010621,0.9945091504088883,0.9923905611593842,0.9900043831169062,0.9873817401002571,0.9845506108341227,0.9815359316519581,0.9783598408256649
614,Zone 3,68,52,Married,8,456,Some college,No,Female,No,No,Yes,Plus service,No,0,0.9908254778729418,0.00917452212705816,14862.523409503838,False,0.9999883607427068,0.9998957908594344,0.9996668342464138,0.999279479479134,0.998728441460104,0.9980165646786646,0.9971506461581728,0.9961393054738187,0.994991856884672,0.9937177002979192,0.9923259929414205,0.9908254778729418
615,Zone 3,56,42,Married,10,24,High school degree,No,Male,No,No,Yes,Plus service,No,0,0.9840454186176171,0.015954581382382926,14823.996839844704,False,0.9999706432253133,0.9997635336066196,0.9992889279711089,0.9985271600156436,0.9974858239654357,0.9961828863955943,0.9946397567299569,0.9928782765128129,0.9909193970975514,0.9887826322455067,0.9864858794986721,0.9840454186176171
616,Zone 3,11,32,Unmarried,8,23,High school degree,No,Female,No,Yes,No,Basic service,No,0,0.5844673036440403,0.4155326963559597,11454.185186331659,True,0.9814975942123382,0.9410236690109856,0.8957873584892558,0.85109448815942,0.8086686005171764,0.7690194115693413,0.7321962450679902,0.6980683966153337,0.6664398685388154,0.6370987427946116,0.609838594611396,0.5844673036440403
617,Zone 3,5,47,Unmarried,7,46,Did not complete high school,No,Female,No,No,Yes,Basic service,Yes,1,0.8907729996734334,0.10922700032656663,14197.551333092486,False,0.999042232924763,0.9950705470400821,0.9885536738652828,0.9802266718999578,0.970642051469918,0.9601934537507543,0.9491620884817045,0.9377513059416902,0.9261100165290016,0.9143484431154871,0.9025488530291494,0.8907729996734334
618,Zone 3,16,50,Unmarried,5,263,High school degree,No,Female,No,No,Yes,Plus service,No,0,0.9691978525323884,0.030802147467611563,14734.61507518,False,0.9999085405933047,0.9993573070859125,0.9982141641578078,0.9965009725147704,0.994277310605633,0.9916083088006351,0.9885550308094994,0.9851718541147242,0.9815062218772862,0.977599191557332,0.9734862032767342,0.9691978525323884
619,Zone 2,59,30,Unmarried,2,34,College degree,No,Female,Yes,No,No,E-service,No,0,0.8464391978584137,0.1535608021415863,13859.60709769651,False,0.9980960747285532,0.991138861392923,0.9805787883316884,0.9677771641068148,0.9536132553262302,0.938653292597637,0.9232696923504708,0.9077122634087048,0.8921509932939842,0.8767025158818735,0.8614469947454024,0.8464391978584137
620,Zone 1,60,64,Unmarried,14,33,High school degree,Yes,Male,Yes,No,Yes,Total service,No,0,0.9904225754493359,0.009577424550664126,14860.287830140292,False,0.9999875044048376,0.9998890105450109,0.9996467903280437,0.9992386109459633,0.9986596823326221,0.9979135678183558,0.9970078201655826,0.9959517789081505,0.9947554161638507,0.9934287209914238,0.9919813728771361,0.9904225754493359
621,Zone 3,55,47,Unmarried,11,37,Did not complete high school,No,Male,No,No,No,Plus service,No,0,0.9761197712825578,0.02388022871744222,14777.004286725369,False,0.9999413901908332,0.9995651197257863,0.9987529880546667,0.9975020444368249,0.9958443976404355,0.9938214585134693,0.9914749862624369,0.9888439181391558,0.985963397768494,0.9828646775623744,0.9795753626440368,0.9761197712825578
622,Zone 1,18,56,Unmarried,22,296,High school degree,No,Male,No,No,No,Basic service,No,0,0.975258397706883,0.02474160229311695,14771.792475597213,False,0.9999376709964439,0.9995409544410179,0.9986893526606171,0.9973825165582219,0.9956556988597044,0.9935531230867916,0.9911188910262307,0.9883938474182181,0.9854146786734428,0.9822138840844484,0.9788200780653271,0.975258397706883
623,Zone 2,16,22,Unmarried,0,26,Some college,No,Female,No,No,No,E-service,Yes,1,0.8608201913154558,0.13917980868454416,13971.584256589174,False,0.998443670189321,0.9925355924242228,0.9833556377229562,0.972050059644229,0.9593922715126086,0.9458957373442153,0.931906971017952,0.9176640852749327,0.9033331063787455,0.88903096801707,0.8748404592067627,0.8608201913154558
624,Zone 1,35,57,Married,32,47,College degree,No,Male,No,Yes,No,E-service,No,0,0.9973767715679999,0.0026232284320001353,14897.491765913652,False,0.9999984484452275,0.9999827545512313,0.9999374907677392,0.9998523008457744,0.9997209127005969,0.9995397881937982,0.9993071956458459,0.9990226047217318,0.9986862888826621,0.9982990597495184,0.9978620865496036,0.9973767715679999
625,Zone 3,31,23,Married,1,31,Some college,No,Female,Yes,Yes,Yes,Total service,Yes,1,0.6875927895651678,0.3124072104348322,12483.850135348068,True,0.9908973064776347,0.9670518318530887,0.9374372439070526,0.9060542383625863,0.8746609051793608,0.8440694272946494,0.8146524396765085,0.7865641572056152,0.7598458504675851,0.7344795007935283,0.7104163842309029,0.6875927895651678
626,Zone 2,20,49,Married,5,264,High school degree,No,Female,No,No,No,Basic service,No,0,0.9404634284086265,0.05953657159137349,14548.468773515006,False,0.9996993766313186,0.9981857047942043,0.9953827394764769,0.9914947205112524,0.9867342013559776,0.9812812951279193,0.9752818422398642,0.9688527293101777,0.962087699199807,0.9550622613934643,0.9478375705517437,0.9404634284086265
627,Zone 2,16,27,Unmarried,5,41,College degree,No,Female,Yes,Yes,Yes,Total service,Yes,1,0.6524856928779104,0.34751430712208964,12145.84422349639,True,0.9882257195737122,0.9592571245820314,0.9245858637862715,0.8887379409413858,0.8535325897983134,0.819727221402951,0.7876151189053566,0.7572730994429446,0.728674251884447,0.70174267288543,0.6763811844405387,0.6524856928779104
628,Zone 2,69,48,Married,27,55,High school degree,No,Male,No,No,Yes,Plus service,No,0,0.9978857398173551,0.0021142601826449336,14900.053388063314,False,0.9999988936911085,0.9999872698837678,0.9999529190611735,0.9998871633437127,0.9997844349757745,0.9996413463457812,0.9994560027393429,0.9992275350526152,0.9989557832218081,0.9986410791483005,0.9982840956381857,0.9978857398173551
629,Zone 3,69,66,Married,31,49,High school degree,No,Male,No,No,No,Basic service,No,0,0.9979435220941353,0.0020564779058647176,14900.341958246003,False,0.9999989405561428,0.9999877553545726,0.9999545985061057,0.9998909916798517,0.9997914579729031,0.999652636862687,0.9994726235244715,0.9992505171561278,0.9989861137753638,0.9986796948804809,0.9983318799519508,0.9979435220941353
630,Zone 2,27,24,Married,3,26,Did not complete high school,No,Female,No,No,No,Basic service,Yes,1,0.7882669283728592,0.21173307162714083,13384.881353585866,False,0.9962389229225548,0.9842426303744416,0.9674808143246284,0.9482615145325044,0.9278669842935161,0.9070337999441311,0.8861983838318148,0.8656237645049721,0.8454686165684948,0.8258267893394058,0.8067509037585021,0.7882669283728592
631,Zone 3,48,39,Unmarried,20,110,College degree,No,Male,No,No,Yes,Plus service,No,0,0.9797157792666897,0.020284220733310265,14798.55053539834,False,0.9999557786636721,0.9996606022354798,0.9990075613134133,0.9979844485957962,0.9966112030936419,0.9949180064995172,0.9929370815602859,0.9906994840672736,0.9882339030500388,0.9855663159447813,0.9827200136138167,0.9797157792666897
632,Zone 1,18,52,Married,20,66,Did not complete high school,No,Female,No,Yes,Yes,Basic service,No,0,0.9322273809426406,0.06777261905735943,14492.605603701613,False,0.9996172303208982,0.997763180780681,0.9944121953156295,0.9898401328807862,0.9843112633554139,0.9780410375820386,0.9711994071187603,0.963919819013744,0.9563074506187942,0.9484457138432495,0.9404011958034056,0.9322273809426406
633,Zone 2,24,40,Married,4,39,Some college,No,Female,No,No,Yes,Plus service,No,0,0.9710492298980737,0.02895077010192626,14746.062762621816,False,0.9999179888650298,0.9994158989779685,0.9983643042250133,0.996777578795827,0.9947074835274897,0.992212571927344,0.9893486488639303,0.9861659446090821,0.9827086390139865,0.9790152172956343,0.9751190862997268,0.9710492298980737
634,Zone 2,17,42,Unmarried,6,31,High school degree,No,Male,Yes,No,No,Total service,Yes,1,0.929744353689223,0.07025564631077696,14475.570155659,False,0.9995904600793812,0.9976284278903117,0.9941065637968007,0.98932376484857,0.9835603811478216,0.9770425973244306,0.9699475435191524,0.9624135030984893,0.9545489258517019,0.9464394341999584,0.9381530932989138,0.929744353689223
635,Zone 2,9,24,Married,3,26,College degree,No,Female,No,No,Yes,Basic service,No,0,0.7882669283728592,0.21173307162714083,13384.881353585866,False,0.9962389229225548,0.9842426303744416,0.9674808143246284,0.9482615145325044,0.9278669842935161,0.9070337999441311,0.8861983838318148,0.8656237645049721,0.8454686165684948,0.8258267893394058,0.8067509037585021,0.7882669283728592
636,Zone 2,15,46,Unmarried,5,232,College degree,No,Female,Yes,Yes,Yes,Total service,Yes,1,0.8210216781680211,0.17897832183197893,13656.40648732784,False,0.997377926889388,0.9883766355420883,0.9752255348224986,0.9596873426496374,0.942824033812942,0.9252855463363474,0.9074806040449297,0.8896715699650766,0.8720288127228828,0.854663142033146,0.8376458802201144,0.8210216781680211
637,Zone 1,62,37,Married,10,43,College degree,No,Female,No,No,No,E-service,No,0,0.9846130671354926,0.01538693286450743,14827.288784537288,False,0.9999723902633813,0.9997760091618176,0.9993236462784988,0.9985949790280143,0.9975961949593344,0.9963437848949012,0.9948578093749775,0.9931589343054364,0.9912671059269474,0.989200985435554,0.986977749198267,0.9846130671354926
638,Zone 1,9,41,Unmarried,12,39,College degree,No,Male,Yes,Yes,No,Basic service,Yes,1,0.5959540538092962,0.4040459461907038,11574.513622807988,True,0.9827962718854427,0.9444174358801913,0.9010330482901127,0.8578460347007333,0.8166185414861878,0.7779161244635915,0.7418378816361572,0.7082934398985945,0.6771186407975394,0.6481265812017628,0.6211305493262537,0.5959540538092962
639,Zone 2,71,41,Married,10,73,High school degree,No,Female,No,No,Yes,Plus service,No,0,0.9829039094374924,0.017096090562507604,14817.344597254714,False,0.9999669875219032,0.9997377166926005,0.9992175468083612,0.9983883639012043,0.9972607471626322,0.9958557252578827,0.9941974730345435,0.9923102221565385,0.9902169539173705,0.9879388942727726,0.9854953818560592,0.9829039094374924
640,Zone 2,62,59,Married,37,74,Did not complete high school,No,Male,No,No,Yes,Plus service,No,0,0.9997571348534426,0.00024286514655735836,14909.042327965815,False,0.9999999585913105,0.9999993461968661,0.9999970934643183,0.9999920669852893,0.999983242813405,0.999969742125534,0.9999508272999185,0.9999258868535602,0.9998944183959029,0.9998560126229251,0.9998103392311372,0.9997571348534426
641,Zone 2,20,38,Unmarried,19,237,College degree,No,Male,No,Yes,Yes,Total service,No,0,0.9329699065819852,0.0670300934180148,14497.682784474726,False,0.9996250540378088,0.9978028162306283,0.9945024295698586,0.9899929903923841,0.9845340012465482,0.9783377087080921,0.971571908606597,0.9643685872453772,0.9568319275286207,0.9490446649222831,0.9410729303416071,0.9329699065819852
642,Zone 1,19,33,Married,11,22,Did not complete high school,No,Male,No,No,No,Plus service,No,0,0.9730771647627865,0.026922835237213505,14758.51204739308,False,0.9999277836976772,0.9994775797319262,0.9985237856704399,0.9970732739505433,0.995169622975693,0.9928643671017551,0.9902076240478498,0.9872450916524375,0.9840173505828345,0.9805600251277607,0.9769042423816946,0.9730771647627865
643,Zone 2,49,61,Married,28,21,Did not complete high school,No,Male,No,No,Yes,Plus service,No,0,0.9994302212516062,0.0005697787483938122,14907.548987138363,False,0.9999998519933895,0.9999979245675772,0.9999913890682167,0.9999776169813427,0.9999544702952411,0.9999202775338033,0.9998737573129627,0.9998139430822609,0.9997401198109267,0.999651773096578,0.99954854882319,0.9994302212516062
644,Zone 3,3,64,Unmarried,3,9,High school degree,Yes,Male,No,No,No,Basic service,Yes,1,0.9421760694408385,0.05782393055916146,14559.957210104294,False,0.9997151900151585,0.9982688215613587,0.9955760842855268,0.9918272932092635,0.9872245935175188,0.9819408218101543,0.9761167581489667,0.9698657508157666,0.9632790546579898,0.9564304251969697,0.9493797831722658,0.9421760694408385
645,Zone 1,33,36,Unmarried,2,41,Post-undergraduate degree,No,Male,Yes,Yes,No,Basic service,Yes,1,0.4135069440979632,0.5864930559020368,9470.27821353001,True,0.9509202575061844,0.8710895723279442,0.7956090121181685,0.7288274960307664,0.6704413526672595,0.6193419690117252,0.5744051132856856,0.5346581855961642,0.4992959918595327,0.46765983196727695,0.4392109936043288,0.4135069440979632
646,Zone 2,38,44,Unmarried,1,50,College degree,No,Female,No,Yes,No,E-service,Yes,1,0.8628909033656738,0.13710909663432624,13987.5254557214,False,0.9984903968141822,0.9927270074084051,0.9837404914413121,0.9726469854151955,0.9602045914832158,0.9469188919416044,0.933132367207792,0.9190811758314406,0.9049305479331902,0.8907972763192676,0.8767643796012861,0.8628909033656738
647,Zone 3,42,48,Married,14,27,Some college,No,Female,Yes,No,Yes,Total service,No,0,0.9873106333116012,0.012689366688398818,14842.777008339403,False,0.9999800419015743,0.9998318983489791,0.99948125979699,0.9989057850209595,0.9981057391378068,0.9970910739685117,0.995875714817386,0.9944748838979109,0.9929038080055308,0.9911770979308607,0.9893084681625122,0.9873106333116012
648,Zone 1,11,26,Unmarried,2,53,Some college,No,Male,Yes,Yes,Yes,Total service,Yes,1,0.6054532848404404,0.39454671515955964,11672.918937456976,True,0.983817105924738,0.9471231780065775,0.9052500488924573,0.8633055695793237,0.8230764951931537,0.7851701163570739,0.7497240275343523,0.7166795945635652,0.6858980040763982,0.6572124382277054,0.630452124651783,0.6054532848404404
649,Zone 3,27,28,Married,0,58,Some college,No,Male,No,No,No,Plus service,No,0,0.9242690659845677,0.0757309340154323,14437.700310935697,False,0.9995280957408136,0.997319290525762,0.9934116754566202,0.9881571860415018,0.9818723304898426,0.9748070324318601,0.9671540700699635,0.9590621200345546,0.9506465577093143,0.9419976009948434,0.9331863192414259,0.9242690659845677
650,Zone 3,23,50,Unmarried,1,151,College degree,No,Female,No,No,No,Basic service,No,0,0.8687046782618133,0.1312953217381867,14032.033196112718,False,0.9986172324377967,0.9932514940568685,0.9848008304044568,0.9742980602927969,0.9624582646051622,0.9497645446340257,0.9365476600851053,0.9230379225039111,0.9093980210688086,0.8957441010598295,0.8821596205766766,0.8687046782618133
651,Zone 2,4,38,Married,13,54,High school degree,No,Male,Yes,No,Yes,Plus service,No,0,0.9626334234981707,0.037366576501829285,14693.433142711981,False,0.9998711452223854,0.9991324570784861,0.9976482654526809,0.9954715955319696,0.992692146227049,0.9893994674617387,0.9856736512511178,0.9815837703645959,0.977188619855761,0.9725380525264207,0.9676743456357657,0.9626334234981707
652,Zone 3,36,42,Unmarried,5,31,Did not complete high school,No,Female,No,No,No,Basic service,Yes,1,0.8478769425344299,0.1521230574655701,13870.90071679881,False,0.9981326738869517,0.9912838327167255,0.980864587442443,0.9682143090754535,0.9542017353166573,0.9393879842980354,0.9241430519730807,0.9087157261170087,0.8932757210102485,0.8779397998808115,0.8627884684441872,0.8478769425344299
653,Zone 2,37,42,Unmarried,10,115,Did not complete high school,No,Female,No,No,Yes,Plus service,No,0,0.9647342632168557,0.035265736783144264,14706.709487218071,False,0.9998837747280105,0.9992072790668188,0.9978349382893453,0.9958090467628029,0.9932092813165374,0.9901172081787742,0.9866067766777713,0.9827423654072365,0.978579177483593,0.9741643077081753,0.9695379084893805,0.9647342632168557
654,Zone 3,24,58,Married,30,24,Did not complete high school,No,Male,No,No,No,Basic service,No,0,0.9955400442073772,0.004459955792622816,14888.009325727875,False,0.9999963965407328,0.9999633324979557,0.9998737350116629,0.9997122569123944,0.9994712666639634,0.9991477168700218,0.9987412997359387,0.9982533566059637,0.9976862159663343,0.9970427813799099,0.9963262699607234,0.9955400442073772
655,Zone 3,4,24,Unmarried,1,17,High school degree,No,Male,No,No,No,Basic service,Yes,1,0.6549879561963043,0.34501204380369566,12170.353482778339,True,0.9884325024832459,0.9598468858657937,0.9255452876689686,0.8900184136828961,0.855083382523741,0.8215030683639608,0.7895774370170494,0.7593894951807469,0.7309176346508448,0.7040903710840878,0.6788141741599991,0.6549879561963043
656,Zone 3,54,33,Unmarried,5,47,High school degree,No,Female,No,No,No,Plus service,No,0,0.9188540881826848,0.08114591181731523,14399.845955909595,False,0.9994618453343757,0.996997375297733,0.9926964596578647,0.9869663828294246,0.9801602595064756,0.9725515256505115,0.9643481579376146,0.9557087307057878,0.946755072497015,0.9375815719856646,0.9282619315652696,0.9188540881826848
657,Zone 3,7,49,Unmarried,8,36,Did not complete high school,No,Female,No,No,Yes,Plus service,Yes,1,0.9736998384796138,0.026300161520386167,14762.315051399954,False,0.9999306747605848,0.9994959876389343,0.9985716889479975,0.9971624984866454,0.9953095661706872,0.9930623129390821,0.9904691276750982,0.9875743199850469,0.9844173609821202,0.981032987770015,0.9774516165114252,0.9736998384796138
658,Zone 1,10,28,Unmarried,9,75,College degree,No,Male,Yes,Yes,Yes,Total service,Yes,1,0.7084491883163224,0.2915508116836776,12678.754610305503,True,0.9922660730528593,0.9712144425504359,0.9444683219982815,0.9156918519730217,0.8865773097920082,0.8579480688334986,0.8302094807897049,0.8035520904611877,0.7780511982976426,0.7537188098518233,0.7305320409129825,0.7084491883163224
659,Zone 3,24,35,Married,10,41,Post-undergraduate degree,No,Female,No,Yes,No,E-service,No,0,0.9293728267268476,0.07062717327315238,14473.013686553453,False,0.9995863738119589,0.997607972878808,0.9940603207135976,0.9892458168886217,0.9834472352930826,0.9768923687595846,0.9697594173567782,0.9621873815967784,0.9542851938701413,0.9461388005398517,0.937816481659668,0.9293728267268476
660,Zone 3,12,31,Unmarried,8,18,College degree,No,Male,No,Yes,No,Basic service,Yes,1,0.5736155375270942,0.42638446247290585,11339.146977356062,True,0.9802031218965732,0.9376911038179986,0.8906811375890883,0.8445631202292452,0.8010148658699197,0.76048781703083,0.7229810080738985,0.6883236791112374,0.6562885757184653,0.6266394390016621,0.5991508010755046,0.5736155375270942
661,Zone 2,45,54,Unmarried,25,171,Some college,No,Female,No,No,Yes,Plus service,No,0,0.9956736990566922,0.00432630094330777,14888.709946917466,False,0.9999965679411172,0.9999648950105436,0.9998787510340588,0.9997231003835393,0.9994903569801404,0.9991773928834328,0.9987837617014226,0.998310642302968,0.9977601944868405,0.9971351561056003,0.9964385862068598,0.9956736990566922
662,Zone 3,59,55,Married,29,42,Some college,No,Female,No,No,No,E-service,No,0,0.9994670881908964,0.0005329118091036422,14907.720110643133,False,0.9999998661859343,0.9999981055537775,0.9999920961254362,0.9999793739588637,0.9999579164985675,0.9999261291798026,0.9998827791027678,0.9998269275006783,0.9997578720683851,0.9996751001648754,0.9995782514548921,0.9994670881908964
663,Zone 1,3,21,Married,1,36,Some college,No,Female,No,No,No,Basic service,No,0,0.7430060130834057,0.25699398691659425,12992.178322353779,True,0.9942153532137071,0.9773968772618968,0.9551717617747505,0.9306226456375336,0.9052915114512485,0.8799879621602384,0.8551486814156635,0.8310085432644143,0.8076882445083897,0.7852419055688171,0.7636841412510602,0.7430060130834057
664,Zone 3,8,35,Unmarried,6,31,Post-undergraduate degree,No,Male,Yes,Yes,Yes,Total service,Yes,1,0.7409566634689363,0.2590433365310637,12973.919930831582,True,0.9941101028011902,0.9770541033002292,0.9545691341903298,0.929772830924223,0.9042173788393288,0.8787142645666164,0.8536990921595909,0.8294046588291732,0.8059493588110578,0.7833850903711603,0.7617244396401501,0.7409566634689363
665,Zone 1,16,59,Unmarried,5,207,High school degree,No,Female,No,No,Yes,Total service,No,0,0.9881700249855843,0.011829975014415739,14847.65350355262,False,0.999982250894705,0.9998484852038251,0.9995287959891223,0.9990005991223543,0.9982625590209635,0.9973227270917168,0.9961931835066709,0.9948874761175037,0.9934193550961319,0.9918021459322341,0.9900484510058912,0.9881700249855843
666,Zone 3,32,33,Unmarried,1,38,Did not complete high school,No,Female,No,No,No,Basic service,No,0,0.7416888535893276,0.25831114641067243,12980.44802375122,True,0.994147850165136,0.9771769064312771,0.9547848990296487,0.9300769644590078,0.9046016601874188,0.8791698147652127,0.8542174290697138,0.8299780503115848,0.8065709010919064,0.7840486776845836,0.7624246939442045,0.7416888535893276
667,Zone 1,8,49,Unmarried,14,134,College degree,No,Female,Yes,Yes,Yes,Total service,Yes,1,0.9019809360053853,0.09801906399461469,14279.455923583604,False,0.9992253773154754,0.9958913863696139,0.9902932353295516,0.9830275417406911,0.9745657169166043,0.965254002184733,0.9553456145626977,0.9450273940701139,0.9344387281155119,0.9236846643386601,0.9128450419887797,0.9019809360053853
668,Zone 1,9,28,Married,8,28,Some college,No,Male,No,Yes,No,E-service,Yes,1,0.8873125882746116,0.11268741172538843,14171.964071524299,False,0.9989813322025239,0.9948031585505008,0.9879938181996106,0.9793329584731466,0.9693983984307679,0.9585981835571814,0.947221798411665,0.9354773127129977,0.9235162323449606,0.9114500785734212,0.8993616140987353,0.8873125882746116
669,Zone 2,12,19,Married,0,15,High school degree,No,Female,No,No,No,E-service,No,0,0.909524063048206,0.09047593695179401,14333.720813476171,False,0.9993367996221146,0.9964050647213417,0.9913999428436442,0.984830402905476,0.9771142872064853,0.9685654368113819,0.9594172713754293,0.9498444890674163,0.9399791059947428,0.9299218371238351,0.9197501567767028,0.909524063048206
670,Zone 2,24,43,Married,15,48,College degree,No,Male,Yes,Yes,Yes,Total service,No,0,0.9326421092357853,0.06735789076421472,14495.442376401721,False,0.9996216104417405,0.9977853562239664,0.9944626606851348,0.9899255983408748,0.9844357739375355,0.9782068482647172,0.971407569320338,0.9641705690859707,0.9566004703750174,0.9487803081541265,0.9407764155443633,0.9326421092357853
671,Zone 3,72,75,Unmarried,48,14,High school degree,Yes,Female,No,No,No,E-service,No,0,0.9999796567814702,2.0343218529839113e-05,14910.004830523121,False,0.9999999988560395,0.9999999753249555,0.9999998684439291,0.9999995916843574,0.9999990473216465,0.999998134517373,0.9999967537283785,0.9999948090912885,0.9999922096652881,0.9999888700153038,0.999984710408248,0.9999796567814702
672,Zone 3,58,61,Unmarried,42,101,College degree,No,Female,No,Yes,No,E-service,No,0,0.9980621591372251,0.001937840862774931,14900.93288750332,False,0.9999990343464947,0.9999887338745522,0.9999579977743629,0.9998987633919412,0.9998057478240027,0.9996756531430556,0.9995065597079068,0.9992975064786145,0.9990482031449072,0.9987588307036429,0.9984299014141576,0.9980621591372251
673,Zone 1,70,44,Married,24,87,High school degree,No,Male,Yes,No,Yes,Plus service,No,0,0.9893756589786162,0.010624341021383765,14854.443474233396,False,0.9999851602729376,0.9998707186111013,0.9995931740001358,0.9991299473221609,0.9984777142264859,0.997642029542917,0.9966324901460771,0.9954603556230793,0.9941373349529865,0.9926749603275667,0.9910842700311838,0.9893756589786162
674,Zone 3,9,25,Unmarried,3,27,Did not complete high school,No,Female,No,No,No,Basic service,Yes,1,0.6883244861110118,0.3116755138889882,12490.761685839083,True,0.9909479530550425,0.9672035999218231,0.9376913838105786,0.9064004508779397,0.8750869323858889,0.8445636650378574,0.8152046112645013,0.7871653823961349,0.7604885256888467,0.735157132281297,0.7111234233482318,0.6883244861110118
675,Zone 1,49,25,Unmarried,1,27,Post-undergraduate degree,No,Female,Yes,Yes,No,E-service,No,0,0.5858638460691883,0.4141361539308117,11468.893220706268,True,0.981659346159168,0.9414435388564999,0.8964337950500141,0.8519241707712646,0.8096434319292803,0.7701084017283468,0.7333746447345498,0.6993164737471596,0.6677418309742249,0.6384418813569052,0.611212621682679,0.5858638460691883
676,Zone 3,52,54,Unmarried,7,59,Some college,No,Male,No,No,No,Plus service,No,0,0.9795559794082168,0.020444020591783185,14797.600612526045,False,0.9999551784017602,0.9996565475172987,0.9989966383916118,0.9979635982782533,0.9965778723854531,0.9948701223749977,0.9928729854111835,0.9906178640308092,0.9881337341386579,0.9854468097245148,0.9825805767165082,0.9795559794082168
677,Zone 1,10,42,Married,10,294,College degree,No,Female,Yes,Yes,Yes,Total service,Yes,1,0.9043382841224321,0.09566171587756789,14296.49011199544,False,0.9992612061663629,0.9960552639845076,0.9906446703763138,0.9835981529042324,0.9753702797781134,0.966297201894944,0.9566260282257494,0.9465398919275724,0.9361759599500402,0.9256380001479285,0.9150051770685383,0.9043382841224321
678,Zone 1,14,52,Married,2,44,Some college,No,Male,Yes,No,No,Plus service,No,0,0.965286818644154,0.034713181355846,14710.18659431978,False,0.9998869929401168,0.9992265145251158,0.9978831775495182,0.9958965699097576,0.9933437899990717,0.9903043289451224,0.9868505276813675,0.9830455281473914,0.9789435819672393,0.9745910495287012,0.970027514482866,0.965286818644154
679,Zone 1,19,27,Married,3,35,High school degree,No,Male,Yes,No,Yes,Total service,No,0,0.9028425988778825,0.09715740112211746,14285.690184759005,False,0.9992385805661689,0.9959516400864474,0.9904222779132579,0.9832368657618582,0.9748606484529976,0.965636183180872,0.9558144628706213,0.9455809819206564,0.9350743248836868,0.9243990793948148,0.9136348448068856,0.9028425988778825
680,Zone 3,12,36,Married,4,205,College degree,No,Female,Yes,Yes,No,E-service,Yes,1,0.8304693193035873,0.16953068069641275,13732.712699156526,False,0.9976609133685892,0.9894477892254115,0.9772818904978883,0.9627739630685418,0.9469189627838313,0.9303372531802732,0.913425520824447,0.8964426820945945,0.8795599420754726,0.8628910470924684,0.8465112110673654,0.8304693193035873
681,Zone 1,65,59,Unmarried,27,732,Some college,No,Female,Yes,No,Yes,E-service,No,0,0.9957643868796094,0.004235613120390558,14889.184482840981,False,0.9999966823383114,0.9999659426823009,0.999882123361645,0.999730404498844,0.999503235186322,0.9991974363624481,0.9988124702833217,0.9983494075471877,0.9978102948939718,0.9971977586907539,0.9965147513420237,0.9957643868796094
682,Zone 1,67,40,Married,14,59,Some college,No,Male,No,No,Yes,Plus service,No,0,0.9867607309355957,0.013239269064404313,14839.641489882573,False,0.9999785700293279,0.999820970329342,0.9994501473352194,0.9988440193019099,0.998003951188586,0.9969411598126273,0.9956707809098463,0.9942091247509037,0.9925723708518371,0.9907759544204184,0.9888342996468367,0.9867607309355957
683,Zone 2,29,24,Married,3,23,Did not complete high school,No,Male,No,No,Yes,Plus service,No,0,0.9222246006805407,0.07777539931945932,14423.454346290671,False,0.9995036209066342,0.9971996373766364,0.9931448880364281,0.9877118759839252,0.9812308378455357,0.9739605741701769,0.966099635808368,0.9578004817170018,0.9491809701781181,0.9403329372830094,0.9313284855553903,0.9222246006805407
684,Zone 3,55,46,Unmarried,8,87,High school degree,No,Female,No,Yes,Yes,Basic service,No,0,0.7263521446514477,0.2736478553485523,12842.60444923762,True,0.9933231229473382,0.9745253773922326,0.9501581836283401,0.9235870941910547,0.8964324729766899,0.8695154057486132,0.8432609826005999,0.8178851850383276,0.7934885668414369,0.770106172475628,0.747735405556109,0.7263521446514477
685,Zone 3,71,67,Married,25,110,Did not complete high school,No,Female,No,No,Yes,Plus service,No,0,0.9995551739930738,0.0004448260069261911,14908.126532609547,False,0.9999998980008242,0.9999985185192972,0.9999937263075975,0.9999834548452394,0.9999659669291335,0.9999398630311341,0.9999040374582011,0.9998576285042554,0.9997999739346144,0.9997305738691464,0.9996490605638122,0.9995551739930738
686,Zone 3,5,44,Married,2,83,Some college,No,Female,Yes,Yes,Yes,Plus service,Yes,1,0.8315464310138624,0.16845356898613761,13741.354256145614,False,0.9976919484152705,0.9895665453099317,0.9775113234034598,0.9631198956957207,0.9473795016566444,0.9309070134112942,0.9140976340705647,0.8972097951391913,0.8804147239219562,0.8638264441929826,0.8475205688169503,0.8315464310138624
687,Zone 3,60,58,Unmarried,0,63,College degree,No,Female,No,No,No,E-service,No,0,0.9813728122371064,0.018627187762893627,14808.357003794175,False,0.9999617872239701,0.9997015895641369,0.9991186129253598,0.9981972982417511,0.9969525393450379,0.9954096563853427,0.9935966341578222,0.9915409574444588,0.9892683437286034,0.9868023077480965,0.9841641002082492,0.9813728122371064
688,Zone 2,10,40,Unmarried,6,22,Some college,No,Female,No,Yes,No,Basic service,Yes,1,0.6446028525778512,0.3553971474221488,12068.208482095375,True,0.9875569166640596,0.9573636249713178,0.9215187304953047,0.8846569206712644,0.8486016932104112,0.8140916305412207,0.7813979188283076,0.7505772026791951,0.7215854281954024,0.6943324861575891,0.6687095219453085,0.6446028525778512
689,Zone 3,52,64,Unmarried,44,43,Some college,No,Male,Yes,Yes,Yes,Total service,No,0,0.9962878256018703,0.003712174398129653,14891.909379253986,False,0.9999973121056922,0.999971786522316,0.9999010795398113,0.9997716871896352,0.9995763328627446,0.9993116012484015,0.9989764725861393,0.9985714260687628,0.9980978799192103,0.9975578336276058,0.9969536348979392,0.9962878256018703
690,Zone 2,61,43,Married,22,35,High school degree,No,Male,No,Yes,No,E-service,No,0,0.9812527734606636,0.01874722653933636,14807.649331445624,False,0.999961365207926,0.999698685739023,0.9991107053938733,0.9981820877229433,0.9969280792434293,0.9953743449633397,0.993549172869748,0.9914803048093958,0.9891936732562033,0.986712971903065,0.984059600293925,0.9812527734606636
691,Zone 1,61,29,Married,5,48,High school degree,No,Male,No,No,No,E-service,No,0,0.9621875694506733,0.0378124305493267,14690.604282457996,False,0.9998683846270885,0.9991162360256278,0.9976079898965332,0.9953990371423603,0.9925812468974878,0.989245881691583,0.9854743421996893,0.981336695519922,0.9768924936014534,0.9721921675207847,0.9672784378406595,0.9621875694506733
692,Zone 2,67,47,Married,19,69,Some college,No,Male,No,No,Yes,Plus service,No,0,0.9949836498802576,0.005016350119742441,14885.077299720753,False,0.9999956476441193,0.9999565972593601,0.9998522835960084,0.9996661429745649,0.9993904330662728,0.9990225050671311,0.9985626759277494,0.9980129980726167,0.9973765265753004,0.9966568711829541,0.9958579172423108,0.9949836498802576
693,Zone 3,41,42,Married,12,26,College degree,No,Male,No,Yes,Yes,E-service,No,0,0.9581770477077594,0.041822952292240645,14664.986655610144,False,0.9998422857760187,0.9989650045749358,0.9972355362784088,0.9947318980328035,0.9915661217301381,0.9878451345199436,0.9836621699862462,0.9790961991505029,0.9742134920037703,0.9690695686135754,0.9637110172941604,0.9581770477077594
694,Zone 1,30,28,Unmarried,1,20,Did not complete high school,No,Female,No,No,No,Basic service,Yes,1,0.6949102455772787,0.30508975442272135,12552.728112236424,True,0.9913950589509062,0.968550649170373,0.9399541930472832,0.9094899780175771,0.8788953328995002,0.8489881138196785,0.8201536403054506,0.7925596938612017,0.7662600429761073,0.7412475847299052,0.717482922543741,0.6949102455772787
695,Zone 1,24,46,Unmarried,12,43,High school degree,No,Male,Yes,No,Yes,Total service,No,0,0.9623383911279628,0.03766160887203718,14691.561653767438,False,0.9998693216186356,0.9991217365554492,0.9976216397682521,0.9954236184745013,0.9926188060162293,0.9892978849010489,0.9855418129361724,0.9814203209467119,0.9769927050593886,0.9723092010122645,0.9674123797084366,0.9623383911279628
696,Zone 1,72,75,Unmarried,37,33,Did not complete high school,Yes,Female,No,No,No,E-service,No,0,0.999911088191205,8.891180879500027e-05,14909.717515730308,False,0.9999999905059594,0.9999998289946547,0.9999991791806544,0.999997634826206,0.9999947899312175,0.999990265152949,0.9999837167392811,0.9999748381868929,0.9999633588181794,0.999949041120675,0.999931677693439,0.999911088191205
697,Zone 2,17,35,Unmarried,7,66,High school degree,No,Male,Yes,Yes,Yes,Total service,Yes,1,0.7512933398872352,0.24870666011276477,13065.59147817701,False,0.994628373488055,0.9787532772224964,0.9575681470868013,0.9340137629008043,0.9095893407726634,0.8850955546068906,0.8609724717234264,0.8374626551370272,0.8146956044057303,0.792734061481119,0.7716005829600989,0.7512933398872352
698,Zone 2,65,72,Unmarried,46,12,High school degree,Yes,Male,No,No,Yes,Plus service,No,0,0.999928402516468,7.159748353202655e-05,14909.791320589193,False,0.9999999930639116,0.9999998716003504,0.9999993737785863,0.999998175087121,0.9999959447986201,0.9999923688904466,0.9999871587623905,0.9999800537370056,0.9999708207598832,0.9999592528608686,0.999945167122017,0.999928402516468
699,Zone 1,15,30,Married,8,90,High school degree,No,Male,No,Yes,Yes,Total service,No,0,0.8958783274704194,0.1041216725295806,14235.04540761572,False,0.9991283045127822,0.9954530010171736,0.9893600837177067,0.9815203855513641,0.9724492886464993,0.9625189729062844,0.9519981175268236,0.9410827824467839,0.929917752032114,0.918611076869758,0.907244076189053,0.8958783274704194
700,Zone 1,34,33,Unmarried,8,35,Some college,No,Female,No,No,No,E-service,Yes,1,0.9502610174044942,0.0497389825955058,14613.564298518157,False,0.9997840356226221,0.9986388886003021,0.9964483445356472,0.9933417979027579,0.9894741194931105,0.9849842888257898,0.9799890717117796,0.9745847177392969,0.9688502396253168,0.9628505957543153,0.9566393834427446,0.9502610174044942
701,Zone 1,26,43,Unmarried,23,51,Post-undergraduate degree,No,Female,No,Yes,No,E-service,Yes,1,0.9620958081242111,0.03790419187578886,14690.021591201252,False,0.9998678129771624,0.9991128827851579,0.9975996723894249,0.9953840633686324,0.9925583733454223,0.989214218082006,0.985433267786442,0.9812857941051923,0.9768315045230749,0.972120948823102,0.9671969384726987,0.9620958081242111
702,Zone 2,36,45,Unmarried,22,117,Some college,No,Female,No,No,No,E-service,No,0,0.9924946980462845,0.00750530195371546,14871.69815838637,False,0.9999916317875133,0.9999222797947493,0.9997461825887114,0.9994427951356817,0.9990052264885851,0.9984336578189972,0.9977319653215893,0.996905919040438,0.9959621859228526,0.9949077642090227,0.9937496591193266,0.9924946980462845
703,Zone 1,60,48,Unmarried,29,100,High school degree,No,Female,No,No,Yes,Plus service,No,0,0.9951741229695277,0.004825877030472325,14886.083755733609,False,0.9999959103811681,0.9999589441920769,0.9998597286915656,0.9996821022706105,0.9994183466435355,0.9990656654278718,0.9986241533544523,0.9980956133932698,0.9974828476830322,0.9967892214284338,0.996018389498915,0.9951741229695277
704,Zone 1,16,54,Unmarried,20,147,Did not complete high school,No,Male,No,No,Yes,Plus service,No,0,0.9931329649203302,0.006867035079669792,14875.166196824759,False,0.9999927621930926,0.9999316970675638,0.9997748627141347,0.9995025204073673,0.999107370676414,0.9985887252574943,0.9979494453511109,0.9971942778610086,0.9963289181221603,0.995359468117382,0.9942921189790289,0.9931329649203302
705,Zone 2,1,33,Unmarried,5,53,College degree,No,Female,No,No,No,Basic service,Yes,1,0.7816069753721628,0.21839302462783716,13328.36460680382,False,0.9959755009612481,0.9833199112393586,0.9657879687915868,0.945801009772218,0.9246831964696743,0.9031854400442222,0.8817470344651839,0.8606289883806526,0.8399859555526341,0.8199070932580432,0.800440280117273,0.7816069753721628
706,Zone 3,56,30,Married,9,57,Post-undergraduate degree,No,Male,Yes,Yes,No,E-service,No,0,0.8291643299508181,0.17083567004918188,13722.226946428065,False,0.9976229790591234,0.9893029900129489,0.9770025457666099,0.9623532049673295,0.9463592528525968,0.9296452507948004,0.9126096524174863,0.8955119363847241,0.8785232607506022,0.8617570198733131,0.8452879319540371,0.8291643299508181
707,Zone 2,6,50,Unmarried,5,37,High school degree,No,Male,No,No,No,E-service,No,0,0.9784280675337926,0.021571932466207366,14790.875362922987,False,0.9999508378381834,0.9996274249912408,0.9989184951516031,0.9978148510436601,0.996340605102847,0.994529859299838,0.9924182022178943,0.9900394941138686,0.9874247362844947,0.9846018070885467,0.981595560595702,0.9784280675337926
708,Zone 2,48,34,Unmarried,7,42,Some college,No,Female,No,No,No,E-service,No,0,0.9497951528382353,0.050204847161764654,14610.504334572868,False,0.9997803268303114,0.9986185716399649,0.996399926290589,0.9932570718135165,0.9893475130923916,0.9848121541931237,0.9797691478318457,0.974315745289763,0.9685316864700402,0.9624824598387836,0.9562220497214872,0.9497951528382353
709,Zone 2,34,36,Married,17,50,Did not complete high school,No,Male,No,No,Yes,Plus service,No,0,0.9862704545742572,0.013729545425742784,14836.83629825205,False,0.9999772195871587,0.9998110237157214,0.9994219611180694,0.9987882482930487,0.997912278655745,0.9968064274653565,0.9954869279823613,0.9939710706052366,0.9922758887911991,0.9904175536421794,0.988411120568595,0.9862704545742572
710,Zone 2,54,42,Married,0,55,College degree,No,Male,Yes,Yes,Yes,Total service,Yes,1,0.837441343166417,0.16255865683358295,13788.436816170033,False,0.9978574359394902,0.9902043899177603,0.9787488587086318,0.9649914484401431,0.9498769271834787,0.9340026408746631,0.9177552770860338,0.90139028145935,0.8850787363317163,0.8689359734740854,0.8530396239907576,0.837441343166417
711,Zone 3,38,31,Married,2,42,High school degree,No,Female,Yes,No,Yes,Total service,No,0,0.9156893183497312,0.08431068165026878,14377.542119419728,False,0.9994209889624674,0.9968017981310676,0.9922657244878075,0.9862536729763016,0.9791404975896851,0.9712133654729742,0.9626889945244861,0.9537315624160504,0.9444664857197598,0.9349904201825334,0.9253784547241684,0.9156893183497312
712,Zone 2,25,55,Unmarried,15,37,Did not complete high school,No,Female,No,No,No,Basic service,Yes,1,0.9564392582799545,0.04356074172004554,14653.793169785104,False,0.9998302667611829,0.9988965292020145,0.9970685604296684,0.9944349123171693,0.9911166924933041,0.9872277473572433,0.9828664636663744,0.9781156432968116,0.9730444143647395,0.967710438344447,0.9621619128676282,0.9564392582799545
713,Zone 1,47,69,Married,17,228,Some college,No,Female,Yes,Yes,Yes,Total service,Yes,1,0.9887483545522866,0.011251645447713399,14850.918256926509,False,0.9999836742945062,0.9998593035222928,0.9995600206127451,0.9990631924806102,0.9983664909281991,0.9974767440311328,0.996404824587556,0.9951631733292303,0.9937645564206119,0.9922214373846552,0.9905456686958272,0.9887483545522866
714,Zone 1,72,62,Married,35,163,Post-undergraduate degree,No,Male,Yes,Yes,Yes,Total service,No,0,0.9961886764884443,0.0038113235115556643,14891.3951328817,False,0.9999971968548959,0.9999707066831158,0.9998975569834436,0.9997639851274134,0.9995626529380648,0.9992901818630844,0.9989456372543034,0.9985296057117506,0.9980436211751047,0.9974897995512922,0.9968706015483569,0.9961886764884443
715,Zone 2,6,35,Married,6,28,College degree,No,Female,No,Yes,Yes,Total service,No,0,0.9086714855094422,0.09132851449055779,14327.622883021655,False,0.9993246737995284,0.9963485654992297,0.991277460667189,0.9846299990821319,0.9768300279489371,0.9681950655734753,0.9589608054633351,0.949303358816685,0.9393556137097591,0.9292188095830024,0.9189707182857567,0.9086714855094422
716,Zone 1,30,51,Married,9,118,Post-undergraduate degree,No,Female,No,No,No,Basic service,No,0,0.9593545225311119,0.040645477468888136,14672.539429804958,False,0.999850185116694,0.9990103934997214,0.9973467680502852,0.9949304356054477,0.9918673921695307,0.9882599198246967,0.9841977681463199,0.9797573023863233,0.9750028374439144,0.9699884204457387,0.964759526453615,0.9593545225311119
717,Zone 1,65,70,Married,9,115,High school degree,Yes,Female,Yes,No,Yes,Total service,No,0,0.9963704861175707,0.0036295138824292694,14892.337400059168,False,0.999997406726947,0.9999726768772048,0.9999039912592589,0.9997780649788301,0.9995876763160765,0.9993293823037854,0.9990020945578012,0.9986062044802262,0.998143035100435,0.9976144897535607,0.9970228225375981,0.9963704861175707
718,Zone 1,22,44,Married,19,37,College degree,No,Male,Yes,No,Yes,Plus service,No,0,0.98391120490325,0.016088795096749986,14823.216916497866,False,0.9999702232629863,0.9997605484673165,0.999280643008762,0.9985110070975833,0.9974595752206237,0.9961446675418003,0.9945880150450962,0.9928117385506391,0.9908370275172692,0.9886835971996377,0.9863695152245258,0.98391120490325
719,Zone 1,60,53,Unmarried,32,93,Did not complete high school,No,Male,No,No,Yes,Plus service,No,0,0.9976256871378958,0.002374312862104211,14898.7488339135,False,0.9999986733732529,0.999985015302481,0.9999451748831074,0.9998695991752864,0.999752339689155,0.999589912904555,0.9993804915556018,0.9991233669426112,0.9988185906248944,0.9984667320924238,0.9980687122191879,0.9976256871378958
720,Zone 2,19,32,Unmarried,12,71,College degree,No,Female,Yes,Yes,Yes,Total service,Yes,1,0.7753726206894966,0.22462737931050336,13275.062061450471,False,0.995718605686906,0.9824302718289799,0.9641666805028791,0.9434556565348502,0.9216595493861015,0.8995416134525593,0.877542960677463,0.8559220462377302,0.8348292644759658,0.8143490116303452,0.7945244525201202,0.7753726206894966
721,Zone 3,18,25,Unmarried,4,26,High school degree,No,Female,No,No,No,Basic service,No,0,0.6996431353906547,0.3003568646093453,12596.992075712122,True,0.9917068010599113,0.9694978339503845,0.9415531728853825,0.9116808034540511,0.8816032648019967,0.8521410688725635,0.8236870429962448,0.7964172713654081,0.7703932855527156,0.7456148244734662,0.7220483752848262,0.6996431353906547
722,Zone 1,9,37,Married,10,14,College degree,No,Female,No,No,No,Basic service,Yes,1,0.9172836981316224,0.08271630186837764,14388.794954663468,False,0.9994417704583106,0.9969010130137639,0.9924838919335541,0.9866142598503276,0.979655988883202,0.9718893306553273,0.9635266129565573,0.9547292075206116,0.9456207402641355,0.9362967404480165,0.9268316123740189,0.9172836981316224
723,Zone 1,1,34,Married,6,18,Did not complete high school,No,Female,No,Yes,No,Basic service,Yes,1,0.7058708372350414,0.2941291627649586,12654.895135640376,True,0.9921050784193366,0.9707179375007051,0.9436228137636855,0.9145262010751559,0.8851295995631884,0.8562558221723457,0.8283067473140716,0.8014688188400086,0.7758133970688423,0.7513489588496705,0.7280495513949181,0.7058708372350414
724,Zone 3,10,28,Married,2,36,College degree,No,Female,Yes,Yes,Yes,Total service,No,0,0.7453890878443641,0.2546109121556359,13013.357993458203,True,0.9943361778745374,0.9777917877426137,0.9558675096687016,0.9316052400371485,0.9065349087596358,0.8814637655684691,0.8568296280869883,0.8328696979015151,0.8097072867617074,0.7873990543326692,0.7659619423466113,0.7453890878443641
725,Zone 3,45,34,Married,14,43,College degree,No,Male,No,Yes,No,E-service,Yes,1,0.9420778548732491,0.05792214512675087,14559.299608206777,False,0.999714294867955,0.9982640994717243,0.9955650765246151,0.9918083302545201,0.9871965992475159,0.9819031365566399,0.9760690127798445,0.9698077799474831,0.9632108365979357,0.9563520398706084,0.9492913822518011,0.9420778548732491
726,Zone 1,25,28,Married,6,41,College degree,No,Female,Yes,No,Yes,Plus service,Yes,1,0.8995051662306212,0.10049483376937884,14261.493109654983,False,0.9991867513171057,0.9957159993523023,0.9899187203711356,0.9824212953573519,0.9737129138716891,0.9641503741715046,0.9539932279983333,0.9434321215911897,0.9326086929341239,0.9216292616567624,0.9105743134859929,0.8995051662306212
727,Zone 3,66,39,Unmarried,1,66,High school degree,No,Female,No,No,No,E-service,No,0,0.9438576910085662,0.0561423089914338,14571.193283505336,False,0.9997302964339204,0.9983488329445963,0.9957630411853468,0.992149901986137,0.9877014678929505,0.982583461897178,0.9769316837499891,0.9708559777151219,0.9644451194050607,0.9577711049148667,0.9508926078472886,0.9438576910085662
728,Zone 1,27,67,Unmarried,1,33,College degree,Yes,Female,Yes,No,Yes,Plus service,Yes,1,0.9687360468398856,0.03126395316011443,14731.747697127514,False,0.9999061085613438,0.9993423566073494,0.9981760498094222,0.9964310087213563,0.9941688111489649,0.9914562513615606,0.9883557136036752,0.9849226105003811,0.9812051954453233,0.9772451614323698,0.9730784485833927,0.9687360468398856
729,Zone 1,19,41,Unmarried,5,53,College degree,No,Male,No,No,No,Basic service,No,0,0.8412531717100666,0.15874682828993336,13818.690289518396,False,0.9979605673048747,0.9906060105796577,0.9795327852904054,0.9661820754906418,0.9514709898182315,0.9359838812302627,0.9201015774621855,0.9040772950361718,0.8880817817407458,0.8722310241507123,0.8566038079651104,0.8412531717100666
730,Zone 2,17,41,Married,9,28,College degree,No,Male,No,No,No,Basic service,No,0,0.9286427672628826,0.07135723273711736,14467.98451197171,False,0.9995782827652032,0.9975675568096025,0.9939690648111495,0.9890921303860825,0.9832243032954407,0.9765965379151815,0.9693891334505509,0.9617424946376965,0.9537664968351953,0.9455477178070135,0.9371548551693768,0.9286427672628826
731,Zone 2,16,36,Unmarried,13,58,College degree,No,Male,No,No,Yes,Basic service,No,0,0.8684342443426822,0.13156575565731776,14029.971064510093,False,0.9986114736953954,0.9932275187839159,0.9847521681838532,0.9742220746587542,0.9623543206628871,0.9496330643810942,0.9363896235315617,0.9228545933869364,0.9091907913373014,0.8955144010735758,0.8819088670233326,0.8684342443426822
732,Zone 1,8,42,Married,2,129,College degree,No,Female,No,Yes,No,Basic service,No,0,0.7370510424915502,0.2629489575084498,12939.008815648822,True,0.9939060352626032,0.9763926926030247,0.9534095768850229,0.928140899383133,0.9021578666529075,0.8762751935872817,0.8509261583583871,0.8263394074870523,0.8026288096215264,0.7798419300407979,0.7579874185513871,0.7370510424915502
733,Zone 1,3,25,Unmarried,0,65,College degree,No,Female,Yes,Yes,No,Total service,Yes,1,0.569540238528343,0.430459761471657,11295.599133875552,True,0.9796993843604497,0.9364070350435653,0.888725043501158,0.8420713652868573,0.7981042413914212,0.7572518203073071,0.7194934257459595,0.6846427670379727,0.6524605603643808,0.6227012327241921,0.5951320638333187,0.569540238528343
734,Zone 3,59,57,Unmarried,26,311,Some college,No,Female,No,No,No,Basic service,No,0,0.9830485333936356,0.016951466606364374,14818.189744720536,False,0.9999674611780753,0.9997410409277396,0.9992267044854889,0.9984061242869599,0.9972894900940621,0.9958974358851168,0.994253782415146,0.9923824567405963,0.9903061824139276,0.9880459686859633,0.9856209723171399,0.9830485333936356
735,Zone 2,45,37,Unmarried,2,57,Some college,No,Female,No,No,No,E-service,No,0,0.9411825086494452,0.05881749135055481,14553.297880568422,False,0.9997060689002562,0.9982208026501997,0.9954642782286469,0.9916348469760105,0.9869406766973347,0.9815588216674277,0.9756329992053049,0.9692786140885463,0.9625883691085066,0.95563704197681,0.9484852737055016,0.9411825086494452
736,Zone 1,66,62,Unmarried,31,47,High school degree,No,Female,No,No,No,E-service,No,0,0.9992990539918887,0.000700946008111325,14906.935834083662,False,0.9999997975471439,0.999997244759802,0.9999887657723293,0.999971154921958,0.9999418807181234,0.9998990180347378,0.9998411327877859,0.9997671779230374,0.999676409538954,0.9995683213175736,0.999442593633128,0.9992990539918887
737,Zone 3,28,50,Married,7,25,Did not complete high school,No,Male,No,No,Yes,Basic service,No,0,0.950626629964945,0.04937337003505504,14615.963221050126,False,0.9997869243305175,0.9986547465762579,0.996486183128105,0.9934080689776917,0.9895732159156461,0.9851190956797106,0.9801613855688568,0.9747955477391348,0.9691000223873596,0.9631393499046619,0.9569668219177214,0.950626629964945
738,Zone 1,15,38,Married,11,46,Post-undergraduate degree,No,Male,No,No,No,Basic service,Yes,1,0.9260580532063388,0.07394194679366117,14450.119423942966,False,0.9995489802201681,0.9974221100556164,0.9936418722995357,0.9885425411886649,0.9824287101276021,0.9755425389163392,0.9680717220972266,0.9601615822387775,0.9519252760017263,0.9434515618085035,0.9348105656493374,0.9260580532063388
739,Zone 3,39,34,Married,10,51,Some college,No,Female,Yes,No,Yes,Total service,No,0,0.9571049282016397,0.042895071798360274,14658.08740215184,False,0.9998349215845669,0.9989229679856134,0.9971329155172126,0.9945492296965291,0.9912895184938987,0.9874649691840808,0.9831719931826838,0.9784919271451091,0.9734928082677521,0.968231482332223,0.9627555352466871,0.9571049282016397
740,Zone 3,38,33,Unmarried,4,19,High school degree,No,Female,No,No,No,Plus service,No,0,0.913895034601262,0.08610496539873802,14364.838957641858,False,0.9993971173837315,0.9966884806633545,0.9920173786558736,0.98584418052972,0.9785561682668314,0.9704482846051266,0.9617421539285155,0.9526050700704798,0.9431644235390032,0.9335180999628325,0.9237419252121418,0.913895034601262
741,Zone 3,34,29,Unmarried,5,26,Some college,No,Female,No,Yes,No,E-service,No,0,0.789947879475367,0.21005212052463296,13399.076547998815,False,0.9963036442599871,0.9844710490589393,0.9679017231623421,0.9488752032099789,0.9286629916187898,0.9079978628915538,0.8873153641416713,0.8668789182811492,0.8468481279112332,0.8273179616241892,0.8083421887107107,0.789947879475367
742,Zone 3,60,57,Married,18,72,Post-undergraduate degree,Yes,Male,Yes,Yes,Yes,Total service,No,0,0.9762069963985703,0.023793003601429663,14777.530991172871,False,0.9999417609466519,0.9995675392710173,0.9987593758730618,0.9975140646327401,0.9958634006672812,0.9938485124858629,0.9915109232160745,0.9888893772962345,0.9860188620045813,0.9829305031048458,0.9796518029858858,0.9762069963985703
743,Zone 3,72,65,Married,33,71,Did not complete high school,Yes,Female,No,No,Yes,Plus service,No,0,0.9997889974817857,0.00021100251821426497,14909.184176159375,False,0.9999999663626289,0.9999994587495722,0.9999975671652163,0.9999933079601555,0.9999857787481532,0.9999741947902581,0.999957889379999,0.9999363032102676,0.9999089711173942,0.9998755091475681,0.9998356029163437,0.9997889974817857
744,Zone 1,42,42,Married,9,41,High school degree,No,Male,Yes,No,Yes,Plus service,No,0,0.9611358940570466,0.03886410594295342,14683.916258290457,False,0.9998617614705604,0.9990775028653481,0.9975120847400586,0.9952265985654614,0.9923180906101706,0.9888818870051629,0.9850024813510373,0.9807522830013282,0.9761926214938587,0.9713752820663888,0.9663440203575118,0.9611358940570466
745,Zone 3,32,37,Unmarried,9,44,High school degree,No,Male,No,No,No,Basic service,No,0,0.8455892151650045,0.15441078483499548,13852.920185901436,False,0.9980742409531659,0.9910525945174854,0.9804089711073422,0.9675176915492227,0.9532642397898824,0.9382178510714861,0.9227523547907988,0.9071181478425645,0.8914853665141191,0.8759705579452173,0.860653675259514,0.8455892151650045
746,Zone 3,48,50,Married,4,208,College degree,No,Female,Yes,Yes,No,Total service,Yes,1,0.9090711781166605,0.0909288218833395,14330.482760751138,False,0.9993303731786334,0.9963751021136017,0.9913349639421003,0.9847240570403848,0.9769634117816475,0.9683688229753968,0.9591749192519667,0.9495571506524815,0.9396479977010146,0.9295484550714517,0.9193361560998855,0.9090711781166605
747,Zone 3,63,37,Married,1,45,College degree,No,Female,Yes,Yes,No,E-service,No,0,0.8124516445514997,0.18754835544850035,13586.40396385402,False,0.9971041103902177,0.9873586783126435,0.9732917755968521,0.9568063526427596,0.939024003791028,0.9206197980033151,0.9020118397427694,0.8834643622711029,0.8651459853111914,0.8471640843712167,0.8295858548419496,0.8124516445514997
748,Zone 3,45,27,Married,3,39,Some college,No,Male,No,No,Yes,E-service,No,0,0.9512021396810574,0.04879786031894262,14619.734790890634,False,0.999791432336716,0.9986795535969757,0.9965454584298828,0.9935119884752645,0.9897287293210211,0.9853307840769733,0.980432116574208,0.9751269471953983,0.9694928117052174,0.963593589001294,0.9574820860199084,0.9512021396810574
749,Zone 2,68,42,Unmarried,16,89,College degree,No,Male,No,Yes,No,E-service,No,0,0.9359853364007051,0.06401466359929486,14518.219283802253,False,0.9996559721088525,0.9979606422523678,0.9948633375073566,0.9906063036472729,0.9854298885421858,0.9795333587072826,0.9730757160948191,0.966182947880397,0.9589551238894454,0.9514721593544824,0.9437982646583292,0.9359853364007051
750,Zone 1,6,29,Married,4,19,High school degree,No,Female,No,No,No,Basic service,No,0,0.8343338192467405,0.16566618075325945,13763.661772934487,False,0.9977711140087685,0.989870691737881,0.9781003060526875,0.9640094289760183,0.9485652665235944,0.9323755452455897,0.9158315250181923,0.8991902954480548,0.8826230715432904,0.8662445400397973,0.8501313030709203,0.8343338192467405
751,Zone 1,68,57,Married,33,15,High school degree,No,Female,Yes,Yes,Yes,Total service,Yes,1,0.993150552337514,0.0068494476624859635,14875.261420513025,False,0.9999927923791362,0.9999319507623327,0.9997756393081455,0.9995041435207053,0.9991101544053852,0.9985929610243058,0.9979553975054454,0.9972021831581205,0.9963389869225561,0.9953718863024357,0.9943070500984856,0.993150552337514
752,Zone 3,72,68,Married,26,59,High school degree,Yes,Female,Yes,Yes,Yes,Total service,No,0,0.9945271093389703,0.005472890661029739,14882.653979438383,False,0.9999949913724787,0.9999508022273248,0.9998340236337143,0.9996271874466203,0.9993225497858227,0.998917859921481,0.9984140003234544,0.9978136447863379,0.9971204707486594,0.9963386845999322,0.9954727303772566,0.9945271093389703
753,Zone 3,53,38,Married,15,20,Some college,No,Female,No,Yes,Yes,E-service,No,0,0.956893439049166,0.04310656095083398,14656.723957684097,False,0.9998334495584368,0.9989145962217201,0.9971125222121804,0.9945129844978849,0.9912346998407295,0.9873896991997214,0.9830750214013699,0.9783724689200881,0.9733504260759106,0.9680659984212266,0.9625669668504282,0.956893439049166
754,Zone 3,20,51,Married,11,27,College degree,No,Male,No,No,Yes,Plus service,No,0,0.9923994649596811,0.007600535040318879,14871.178710721411,False,0.999991457339107,0.999920840051827,0.9997418219133933,0.999433749582898,0.9989898033005306,0.9984103014838092,0.9976992769832564,0.9968626559553226,0.9959072524765753,0.9948401997320756,0.9936686249473309,0.9923994649596811
755,Zone 2,70,35,Married,4,48,High school degree,No,Male,No,No,No,E-service,No,0,0.9719900292526573,0.028009970747342683,14751.8501814714,False,0.9999226049990612,0.9994448413184476,0.9984389457661446,0.9969157199090688,0.9949230775790254,0.9925162907946908,0.9897485157672214,0.9866678782683749,0.9833168913486946,0.9797327184926805,0.9759477157277077,0.9719900292526573
756,Zone 3,32,47,Unmarried,25,135,High school degree,No,Female,No,Yes,No,Basic service,No,0,0.8806252595763597,0.11937474042364027,14122.125092458906,False,0.9988576731255342,0.994267677300461,0.986881649860256,0.9775677089039655,0.9669528330564547,0.9554725374188053,0.9434317787834097,0.9310472330179772,0.918474962408764,0.9058286039815451,0.893191547430976,0.8806252595763597
757,Zone 2,61,52,Married,23,19,Did not complete high school,No,Male,No,No,Yes,Plus service,Yes,1,0.9977620428933579,0.0022379571066420967,14899.434026311154,False,0.9999987907960844,0.9999862115022645,0.9999492727614991,0.9998788758093471,0.9997692661502199,0.9996170053683884,0.9994202264740335,0.99917813314993,0.9988906632391701,0.9985582595435428,0.9981817112864907,0.9977620428933579
758,Zone 1,24,25,Married,3,28,College degree,No,Male,No,Yes,No,E-service,No,0,0.8334214801906346,0.16657851980936544,13756.369118957793,False,0.9977453840127781,0.9897716451074146,0.9779082807824154,0.9637191792406969,0.948178113667079,0.931895821455633,0.9152648696581401,0.8985428009253907,0.8819008453854367,0.8654534815388151,0.8492769945935841,0.8334214801906346
759,Zone 2,56,61,Married,14,12,Did not complete high school,Yes,Female,No,No,No,Basic service,No,0,0.9854478270215308,0.014552172978469224,14832.109676661403,False,0.9999748733603921,0.9997939100018586,0.9993737401607159,0.9986932193909,0.9977565645349357,0.9965781563517607,0.99517610610726,0.993569368301686,0.9917764175853225,0.9898146608476769,0.9877002088908786,0.9854478270215308
760,Zone 3,54,59,Unmarried,28,28,High school degree,No,Male,No,Yes,No,E-service,No,0,0.991363877163255,0.008636122836744975,14865.498428274614,False,0.9999894648455873,0.9999046205593226,0.9996930893503957,0.9993332345309803,0.9988191726029542,0.9981528316611705,0.9973400280373899,0.996388437506018,0.9953065057505405,0.9941028504562328,0.9927859321986474,0.991363877163255
761,Zone 3,43,38,Married,7,18,Some college,No,Female,Yes,Yes,No,Total service,No,0,0.8640888966438249,0.13591110335617507,13996.726895704152,False,0.9985170560449846,0.9928366420725351,0.9839614217190974,0.9729902116451039,0.9606722519108186,0.9475085342776927,0.9338391715517388,0.9198991608563818,0.9058532456297914,0.8918181157241603,0.8778769051561587,0.8640888966438249
762,Zone 1,19,35,Unmarried,7,58,Some college,No,Female,Yes,Yes,Yes,Total service,Yes,1,0.7512933398872352,0.24870666011276477,13065.59147817701,False,0.994628373488055,0.9787532772224964,0.9575681470868013,0.9340137629008043,0.9095893407726634,0.8850955546068906,0.8609724717234264,0.8374626551370272,0.8146956044057303,0.792734061481119,0.7716005829600989,0.7512933398872352
763,Zone 3,5,43,Unmarried,16,72,Some college,No,Female,No,No,Yes,Plus service,No,0,0.9788134762470279,0.021186523752972142,14793.177376282962,False,0.9999523414345823,0.999637474926454,0.9989454016927288,0.997865987168501,0.9964220723328274,0.9946465734245342,0.9925740654619125,0.9902375669551081,0.987667387069791,0.9848908365225096,0.9819323036137912,0.9788134762470279
764,Zone 1,24,61,Married,6,112,College degree,No,Female,No,Yes,No,Basic service,Yes,1,0.9015747961562972,0.09842520384370279,14276.514300547078,False,0.9992191111521137,0.9958628451220072,0.9902321783185903,0.9829285779651916,0.9744263657725144,0.9650735178385822,0.955124296051317,0.9447661709458204,0.9341389048479818,0.9233477591147252,0.9124726833938759,0.9015747961562972
765,Zone 3,62,35,Married,2,28,High school degree,No,Female,No,No,No,E-service,No,0,0.9675789318090727,0.03242106819092727,14724.54273571089,False,0.9998998827914174,0.9993043131390427,0.9980794014872859,0.996254037872527,0.9938948932060694,0.9910729696213844,0.9878539740346531,0.9842959130048401,0.9804490629555679,0.9763566983953988,0.9720559996399092,0.9675789318090727
766,Zone 2,14,40,Unmarried,13,398,Post-undergraduate degree,No,Female,Yes,Yes,Yes,Total service,Yes,1,0.8439715704454118,0.15602842955458818,13840.173057267195,False,0.9980322824058753,0.990887261909184,0.9800840276877044,0.9670217516461601,0.9525977345079283,0.9373868928010702,0.9217657079022524,0.9059856639074434,0.8902171540396169,0.8745765393602011,0.8591433557641392,0.8439715704454118
767,Zone 3,60,48,Married,22,106,Some college,No,Female,Yes,No,Yes,Total service,No,0,0.9936795805816081,0.006320419418391898,14878.116912783984,False,0.999993675954865,0.9999394331652494,0.9997986459410789,0.9995523803240406,0.999193086137983,0.998719404347795,0.998133378698567,0.9974389146662289,0.9966408976534787,0.995744674985642,0.9947557467653553,0.9936795805816081
768,Zone 2,30,74,Married,12,10,Did not complete high school,Yes,Female,No,No,Yes,Plus service,No,0,0.999025977975848,0.000974022024151977,14905.641062123424,False,0.9999996659542352,0.9999956689600801,0.9999828314489815,0.999956787062114,0.9999142609954008,0.9998528845802412,0.9997709875567294,0.9996674295407313,0.99954147179957,0.9993926810240007,0.9992208570124586,0.999025977975848
769,Zone 1,40,42,Married,16,108,Some college,No,Male,No,Yes,No,E-service,Yes,1,0.9684852697369751,0.03151473026302487,14730.188653638823,False,0.9999047752898418,0.9993341822171946,0.9981552424737331,0.9963928561107416,0.9941096946917052,0.9913734597928888,0.988247254118077,0.9847870524575137,0.9810415475237318,0.9770527763938913,0.972856949504399,0.9684852697369751
770,Zone 2,42,50,Married,17,85,High school degree,No,Female,No,No,No,Basic service,No,0,0.9757885252392681,0.024211474760731932,14775.002293305757,False,0.9999399723879256,0.9995558851028274,0.9987286354555371,0.9974562561051468,0.9957720548908656,0.9937185190651171,0.9913383063004033,0.9886710866714882,0.9857525973553577,0.9826145710829717,0.9792850022346503,0.9757885252392681
771,Zone 1,20,34,Unmarried,14,51,Some college,No,Female,No,Yes,No,E-service,Yes,1,0.891658036129148,0.10834196387085204,14204.073123097576,False,0.9990574750270104,0.9951378748128543,0.9886951437899011,0.9804530716042765,0.9709577129194298,0.9605990057309194,0.9496560147536548,0.9383308543165791,0.9267717449106672,0.9150885548327986,0.9033634057175188,0.891658036129148
772,Zone 1,4,22,Married,1,22,High school degree,No,Female,No,No,Yes,Plus service,No,0,0.9032273493741388,0.09677265062586116,14288.470981908833,False,0.9992444362245071,0.9959784133298811,0.990479680453184,0.9833300533994274,0.9749920271824225,0.9658065123862649,0.9560235056442488,0.9458278970345367,0.9353579093542351,0.9247179219425034,0.913987424536068,0.9032273493741388
773,Zone 2,44,49,Married,2,66,High school degree,No,Female,Yes,No,Yes,Total service,No,0,0.9696808743636165,0.030319125636383504,14737.609156534067,False,0.9999110522032775,0.9993728016364857,0.998253747624036,0.9965737401495409,0.9943902872269654,0.9917667886485789,0.9887629305223861,0.9854320078249361,0.9818206146013506,0.977969140957894,0.9739125009748638,0.9696808743636165
774,Zone 3,49,63,Unmarried,18,10,High school degree,Yes,Male,No,No,Yes,Plus service,No,0,0.9959676315518642,0.004032368448135815,14890.245424500861,False,0.9999969330864046,0.9999682533412338,0.9998895880894547,0.9997466139682646,0.9995318719012883,0.9992420789336127,0.9988765007679873,0.9984359713845429,0.9979222884477886,0.9973378314244731,0.9966853156262135,0.9959676315518642
775,Zone 3,5,36,Married,2,34,Did not complete high school,No,Female,No,No,Yes,Plus service,Yes,1,0.9573666230471166,0.042633376952883384,14659.773389579444,False,0.9998367342283224,0.9989332909036874,0.9971580817047465,0.9945939829477531,0.9913572345974777,0.987557981456286,0.9832918588227867,0.9786396265655801,0.973668891674992,0.9684361776985863,0.9629888284490953,0.9573666230471166
776,Zone 3,70,50,Married,29,67,Did not complete high school,No,Male,No,No,No,E-service,No,0,0.9991372240917796,0.0008627759082203701,14906.171209875012,False,0.9999997223974241,0.9999963353658965,0.9999853201941616,0.9999627768388389,0.9999257219058395,0.9998719550035147,0.9997998902706858,0.9997084147456641,0.9995967783837847,0.9994645102988995,0.9993113550724834,0.9991372240917796
777,Zone 1,30,57,Married,16,19,Did not complete high school,No,Male,No,No,No,Basic service,Yes,1,0.9836444317000697,0.016355568299930345,14821.664909663867,False,0.9999693807006993,0.9997545749907097,0.9992640893972357,0.9984787678606444,0.9974072297655586,0.9960685032754071,0.9944849614328167,0.9926792815926724,0.990673126968372,0.9884866131937196,0.9861381454670366,0.9836444317000697
778,Zone 2,28,48,Unmarried,20,128,College degree,No,Female,Yes,Yes,Yes,Total service,Yes,1,0.9276871184496664,0.07231288155033355,14461.390047489473,False,0.9995675682667485,0.9975142087414708,0.9938488369107417,0.9888899225247079,0.9829312927082712,0.9762080428113924,0.9689032130634149,0.9611590362830598,0.9530866114325689,0.9447733324729458,0.9362884341907677,0.9276871184496664
779,Zone 1,5,28,Married,3,39,Post-undergraduate degree,No,Male,Yes,Yes,Yes,Total service,No,0,0.7556310646939688,0.2443689353060312,13103.74770264865,False,0.994836647372215,0.9794444264261604,0.9587966688742793,0.9357597566403109,0.9118095903565338,0.8877413453473595,0.8639962365011844,0.8408203979405691,0.8183476099649473,0.7966448917523554,0.7757387868360968,0.7556310646939688
780,Zone 2,27,35,Unmarried,12,56,Did not complete high school,No,Female,Yes,No,Yes,Total service,No,0,0.9296588990387243,0.07034110096127566,14474.982316194912,False,0.9995895220654414,0.9976237297821059,0.9940959392385036,0.9893058518311034,0.9835343747549209,0.9770080624972304,0.9699042913912869,0.9623615099047645,0.9544882789923638,0.9463702957415993,0.9380756748803112,0.9296588990387243
781,Zone 2,17,39,Unmarried,12,45,College degree,No,Female,No,No,No,Basic service,Yes,1,0.8789992331005403,0.12100076689945971,14109.929770896899,False,0.9988264005124403,0.9941337290990848,0.9866052218084426,0.9771309495052583,0.9663498822836033,0.95470413533554,0.9425023214139124,0.9299631056927076,0.9172435670301331,0.904457779278516,0.8916892197976349,0.8789992331005403
782,Zone 1,4,37,Married,8,25,Did not complete high school,No,Female,No,No,No,Basic service,No,0,0.9069982289768546,0.09300177102314544,14315.628696559974,False,0.9993005310623896,0.996236525178514,0.991035142888854,0.9842341813919203,0.9762693119395931,0.9674652596328974,0.9580621543193221,0.9482388504568587,0.9381299186850175,0.9278376019079221,0.917440233340238,0.9069982289768546
783,Zone 1,30,23,Married,0,24,High school degree,No,Female,No,Yes,No,Plus service,No,0,0.7461080259770891,0.25389197402291086,13019.736608250649,True,0.9943723005492797,0.9779101517685616,0.9560763499646938,0.9319004911978588,0.906908829938532,0.8819078718143472,0.8573357509740148,0.8334303527160365,0.8103157644447762,0.7880494023902814,0.7666489034701567,0.7461080259770891
784,Zone 3,71,40,Married,19,53,College degree,No,Female,No,Yes,Yes,Total service,No,0,0.9706773554773699,0.029322644522630115,14743.769535738058,False,0.9999161298178088,0.9994043035993484,0.9983344910222571,0.9967225218946408,0.9946217013905685,0.9920918916466741,0.9891899490646971,0.9859669364368459,0.9824676909429242,0.9787312175622593,0.9747913352414984,0.9706773554773699
785,Zone 3,67,77,Unmarried,55,49,Did not complete high school,Yes,Female,No,No,No,Basic service,No,0,0.9998480566039265,0.00015194339607349505,14909.444504842608,False,0.9999999792491561,0.9999996512413333,0.9999983921289471,0.9999954971973408,0.9999902974942148,0.9999821942123318,0.9999706650390786,0.9999552605780601,0.9999355974739325,0.9999113508276579,0.9998822469189201,0.9998480566039265
786,Zone 3,24,48,Married,3,38,Did not complete high school,No,Female,No,No,No,Basic service,No,0,0.9287291689206514,0.07127083107934862,14468.58009861581,False,0.9995792445832473,0.9975723553135543,0.9939798915791163,0.989110354683935,0.9832507282740269,0.976631592469228,0.9694329982749855,0.9617951845850095,0.9538279155293388,0.9456176945024721,0.9372331700283265,0.9287291689206514
787,Zone 1,24,54,Married,7,84,Some college,No,Female,No,Yes,No,Basic service,Yes,1,0.8704674825007253,0.12953251749927475,14045.455349440723,False,0.9986544359148347,0.9934067695228572,0.9851164509477017,0.9747914099623496,0.9631336811088075,0.9506194505640004,0.9375758104044335,0.9242311947293773,0.9107474329813833,0.8972404001208851,0.8837936270277048,0.8704674825007253
788,Zone 2,59,54,Unmarried,32,126,Did not complete high school,No,Female,No,No,Yes,Plus service,No,0,0.9978233526400069,0.0021766473599931224,14899.74127976753,False,0.999998842230671,0.9999867393114212,0.9999510886350851,0.9998829989805421,0.9997768071044899,0.9996290985667529,0.999437991618713,0.9992026530442222,0.9989229715118075,0.9985993343576788,0.9982324727291808,0.9978233526400069
789,Zone 3,59,32,Unmarried,9,73,College degree,No,Male,No,No,No,E-service,Yes,1,0.9507234266562696,0.04927657334373037,14616.59796401769,False,0.9997876858895872,0.9986589322075674,0.9964961773357066,0.993425581567027,0.9895994127909001,0.9851547439474775,0.9802069641443266,0.9748513268738568,0.9691661204896345,0.9632157744262998,0.9570534990890676,0.9507234266562696
790,Zone 3,44,37,Married,1,41,College degree,No,Female,Yes,Yes,No,E-service,No,0,0.8124516445514999,0.18754835544850013,13586.403963854022,False,0.9971041103902177,0.9873586783126435,0.9732917755968522,0.9568063526427597,0.9390240037910281,0.9206197980033151,0.9020118397427694,0.883464362271103,0.8651459853111915,0.8471640843712169,0.8295858548419498,0.8124516445514999
791,Zone 1,19,31,Married,0,22,College degree,No,Male,No,No,No,E-service,Yes,1,0.9526208417552775,0.0473791582447225,14629.008107613272,False,0.9998023412232772,0.9987398944996688,0.9966900765801455,0.9937660723921614,0.9901095937305676,0.9858499306663295,0.9810968235014053,0.9759414199187647,0.9704590094149113,0.9647118217960894,0.9587514508092728,0.9526208417552775
792,Zone 2,58,46,Married,23,23,Did not complete high school,No,Female,No,Yes,No,Basic service,No,0,0.9226171909180412,0.07738280908195883,14426.1943225045,False,0.9995083711894154,0.9972227916967197,0.9931964247476096,0.9877977925046141,0.9813544863776441,0.9741236021167314,0.9663025852194513,0.958043172570912,0.9494627500380155,0.9406528470809585,0.9316853715234519,0.9226171909180412
793,Zone 1,41,53,Married,22,94,High school degree,No,Male,No,No,No,E-service,No,0,0.9986104793533516,0.0013895206466484344,14903.63394693301,False,0.9999994235139456,0.999992916824212,0.9999727858321927,0.9999329979398499,0.9998693092025563,0.999778847181268,0.9996597418377569,0.9995108515516067,0.9993315658922594,0.9991216636333917,0.99888120966438,0.9986104793533516
794,Zone 2,16,33,Unmarried,1,30,Some college,No,Male,Yes,No,Yes,Plus service,Yes,1,0.8209724417962925,0.17902755820370753,13656.006434815461,False,0.9973764008082346,0.988370913660628,0.9752146112114206,0.9596710109233922,0.9428024334922721,0.9252589660208466,0.9074493904407471,0.8896360839416586,0.8719894077837955,0.8546201540305158,0.837599622901073,0.8209724417962925
795,Zone 3,13,36,Unmarried,11,31,High school degree,No,Male,No,No,No,Basic service,Yes,1,0.8541694643077895,0.1458305356922105,13920.072203364936,False,0.9982879867370393,0.99190434328831,0.9820940449395983,0.9701015625968996,0.9567493936898022,0.9425758461368208,0.9279398765451744,0.9130854155186661,0.8981806611263792,0.8833426842899381,0.8686532815580286,0.8541694643077895
796,Zone 1,60,53,Unmarried,22,171,Did not complete high school,No,Female,No,No,Yes,Plus service,No,0,0.9938066416007858,0.006193358399214199,14878.800130492305,False,0.999993881078616,0.9999411868060561,0.9998040679903162,0.9995637932724888,0.9992127679342823,0.9987494873819024,0.9981758127047267,0.9974954588042257,0.9967131260677937,0.9958339883510955,0.9948633861205568,0.9938066416007858
797,Zone 2,72,49,Married,23,102,Did not complete high school,No,Female,No,No,No,E-service,No,0,0.9982069729320601,0.001793027067939934,14901.651245425082,False,0.9999991443214554,0.9999898941762606,0.9999620550448424,0.999908082747958,0.9998229452933689,0.9997034344721972,0.9995476239783453,0.999354488615213,0.9991236401827369,0.998855142853833,0.9985493824867631,0.9982069729320601
798,Zone 2,33,39,Unmarried,17,27,College degree,No,Female,Yes,Yes,No,Total service,No,0,0.8669820633577295,0.13301793664227046,14018.884077827259,False,0.9985803158932189,0.9930980731693897,0.9844897581461742,0.9738126817372994,0.9617946744503088,0.9489255514792704,0.9355396057261915,0.9218689364593042,0.9080770328089491,0.8942802708464315,0.8805620102267514,0.8669820633577295
799,Zone 2,72,45,Married,25,98,College degree,No,Female,Yes,No,Yes,Total service,No,0,0.9939169218885725,0.006083078111427498,14879.392273557369,False,0.9999940568656224,0.9999426949746967,0.9998087407408873,0.9995736434815596,0.9992297741441041,0.9987755050902938,0.9982125412327643,0.9975444336861119,0.9967757233186557,0.9959114340734961,0.994956768205141,0.9939169218885725
800,Zone 1,66,54,Married,8,591,College degree,No,Female,Yes,No,Yes,Total service,No,0,0.9863943840146606,0.013605615985339381,14837.546226159551,False,0.9999775643319776,0.9998135559462756,0.9994291252837538,0.9988024075633707,0.9979355320471391,0.9968405785097054,0.9955335012027405,0.9940313419155564,0.9923509178737968,0.9905082141039017,0.9885181266064543,0.9863943840146606
801,Zone 3,53,37,Married,7,25,Did not complete high school,No,Female,No,No,Yes,Plus service,No,0,0.971933380206583,0.028066619793416958,14751.50227959103,False,0.9999223305751522,0.9994431145721232,0.9984344832271459,0.9969074487352138,0.9949101541042065,0.9924980677346882,0.9897245048361232,0.986637717821357,0.9832803202546885,0.9796895554797012,0.9758978431313909,0.971933380206583
802,Zone 2,22,28,Married,0,36,College degree,No,Male,No,Yes,Yes,Total service,No,0,0.8276120660859168,0.17238793391408325,13709.73158249041,False,0.9975773788943447,0.9891294402805842,0.9766683110264363,0.9618503834443692,0.9456910112553135,0.9288197026977472,0.9116369699746159,0.8944029246423462,0.8772886401574884,0.860407069712471,0.8438323242756831,0.8276120660859168
803,Zone 2,14,26,Married,1,25,High school degree,No,Female,No,No,Yes,Plus service,No,0,0.9209008809593102,0.07909911904068978,14414.20055420427,False,0.9994874266298355,0.997120943981595,0.9929700476041655,0.9874207722202104,0.9808123041281241,0.9734091922158817,0.9654137030213055,0.9569807152057844,0.948229664605175,0.9392534068561506,0.9301246880822949,0.9209008809593102
804,Zone 1,52,49,Unmarried,18,69,High school degree,No,Female,No,No,Yes,Plus service,No,0,0.9881162050602296,0.011883794939770431,14847.348980371838,False,0.9999821158391873,0.9998474642601843,0.9995258585644556,0.998994723914416,0.9982528206222675,0.9973083162650164,0.9961734048194354,0.9948617380015483,0.9933871579745077,0.9917630705804505,0.9900021479342764,0.9881162050602296
805,Zone 3,33,30,Married,5,22,Did not complete high school,No,Male,No,No,Yes,Plus service,No,0,0.950653501055358,0.04934649894464205,14616.1394436948,False,0.999787135877558,0.9986559090593162,0.9964889585472118,0.9934129319110625,0.9895804899011293,0.9851289935310774,0.9801740400971336,0.9748110338375249,0.9691183728080724,0.9631605666102594,0.9569908843355686,0.950653501055358
806,Zone 3,72,66,Unmarried,26,67,High school degree,Yes,Female,No,No,Yes,Plus service,No,0,0.9986084691054572,0.0013915308945428029,14903.624144536494,False,0.9999994222261599,0.9999929025766905,0.9999727346096937,0.9999328779437662,0.9998690843590735,0.9997784794003569,0.9996591924451038,0.9995100821965087,0.999330539120806,0.9991203432444057,0.9988795609222426,0.9986084691054572
807,Zone 1,40,40,Married,3,73,College degree,No,Female,Yes,No,Yes,Plus service,Yes,1,0.9351034539248083,0.06489654607519169,14512.226986461374,False,0.999647071389491,0.9979150061815225,0.9947587101964857,0.99042817905849,0.985169327596451,0.9791852125208911,0.9726374138768168,0.9656536843184608,0.9583353089153402,0.9507630398627949,0.9430016605375887,0.9351034539248083
808,Zone 2,29,26,Unmarried,1,22,College degree,No,Female,Yes,Yes,Yes,Total service,Yes,1,0.5929811075769698,0.40701889242303024,11543.511637313208,True,0.9824670194110647,0.9435520296533512,0.8996908850466141,0.8561144506693099,0.814575825165967,0.7756266811026804,0.7393535736354626,0.7056558958791157,0.674361373162475,0.6452767035551931,0.6182101184388644,0.5929811075769698
809,Zone 3,63,67,Unmarried,22,9,High school degree,Yes,Male,No,No,Yes,Plus service,No,0,0.9980701935727265,0.0019298064272734727,14900.972829457198,False,0.9999990405788467,0.9999887992427935,0.9999582255610219,0.9998992853236154,0.9998067091358728,0.999677203657493,0.9995088485415311,0.9993006789121407,0.9990523988066725,0.9987641825669523,0.9984365353062877,0.9980701935727265
810,Zone 2,56,54,Unmarried,25,147,Some college,No,Female,No,Yes,No,E-service,No,0,0.984036114331483,0.01596388566851703,14823.942791486747,False,0.9999706141966407,0.999763327099202,0.9992883545565165,0.9985260416697612,0.9974840061588813,0.9961802390545363,0.9946361720406254,0.9928736660063154,0.9909136888061352,0.9887757681710563,0.9864778134394846,0.984036114331483
811,Zone 3,60,50,Married,26,239,High school degree,No,Female,Yes,No,Yes,Total service,No,0,0.996300146574417,0.0036998534255829885,14891.97321895519,False,0.9999973262940817,0.9999719198080579,0.9999015149979319,0.9997726403507311,0.9995780272322057,0.9993142560353993,0.9989802966351271,0.9985766150361579,0.9981046151975662,0.9975662822242801,0.9969639498322825,0.996300146574417
812,Zone 3,28,22,Married,3,23,Some college,No,Male,No,No,No,Basic service,No,0,0.771841441683496,0.228158558316504,13244.700967799987,False,0.9955685863107511,0.9819151505556222,0.9632325824879481,0.9421091607979142,0.919928392395764,0.8974600511786883,0.8751459019773031,0.853242669105271,0.8318981229554937,0.8111938066417572,0.7911700992339605,0.771841441683496
813,Zone 2,39,39,Unmarried,19,29,College degree,No,Male,No,Yes,No,E-service,No,0,0.9376665719704208,0.062333428029579196,14529.611260109376,False,0.9996726179976906,0.9980464474645259,0.9950606753102654,0.990943012217644,0.9859232762697553,0.9801935237416182,0.9739078283767459,0.9671887869344067,0.9601341243513478,0.9528221323312376,0.9453159027714434,0.9376665719704208
814,Zone 3,65,39,Married,18,32,High school degree,No,Male,No,No,Yes,Plus service,No,0,0.9898415299633562,0.01015847003664383,14857.050332784002,False,0.999986224496525,0.9998789770915578,0.9996173020383308,0.9991787341116147,0.9985592655255173,0.997763543572429,0.9968002417558046,0.9956797569055273,0.9944130205393202,0.9930108762107398,0.991483757393932,0.9898415299633562
815,Zone 3,29,31,Unmarried,7,30,Some college,No,Female,No,No,Yes,Plus service,No,0,0.9202037038843944,0.07979629611560557,14409.317349294883,False,0.9994787870909139,0.9970791117528891,0.9928772997327895,0.9872665795718134,0.9805908697881651,0.9731177466776929,0.9650514266309252,0.956548053398988,0.9477278841767707,0.938684302697473,0.9294903860968614,0.9202037038843944
816,Zone 3,28,36,Unmarried,8,57,High school degree,No,Female,No,No,Yes,Plus service,No,0,0.9426545010271438,0.057345498972856235,14563.15843640408,False,0.999719530216599,0.9982917468747738,0.9956295666980655,0.991919476637255,0.9873607374123846,0.9821241584756686,0.9763491040488622,0.9701479284602584,0.9636111848444967,0.9568121319121072,0.9498103391834297,0.9426545010271438
817,Zone 1,2,18,Unmarried,0,20,High school degree,No,Male,No,No,Yes,Plus service,Yes,1,0.7938450237342749,0.2061549762657251,13431.879025737237,False,0.9964509989013374,0.9849937373004012,0.9688677377760951,0.9502866206283833,0.9304967063789702,0.910221675423065,0.88989481421715,0.8697802811420963,0.8500396950645468,0.8307705179128082,0.8120291050346999,0.7938450237342749
818,Zone 3,67,52,Unmarried,13,248,High school degree,No,Female,No,No,Yes,Plus service,No,0,0.9854737248506826,0.01452627514931737,14832.258850543443,False,0.9999749487528042,0.9997944567995491,0.9993752757247024,0.998696238353392,0.997761502299705,0.9965853840436983,0.995185935060285,0.993582057108213,0.9917921793210044,0.9898336696730645,0.9877226058177975,0.9854737248506826
819,Zone 3,5,35,Married,9,59,Some college,No,Female,No,Yes,No,Total service,No,0,0.9235584851368881,0.0764415148631119,14432.755355292902,False,0.9995196628995089,0.9972779634338661,0.993319398494278,0.9880030060507525,0.9816500525360594,0.9745135465136152,0.9667882771089896,0.9586242417222061,0.9501376850787755,0.941419393504102,0.9325408008512523,0.9235584851368881
820,Zone 3,48,35,Unmarried,10,24,High school degree,No,Male,No,No,Yes,Plus service,No,0,0.946762448000804,0.053237551999196,14590.4966228022,False,0.999755414211672,0.9984832905152399,0.9960791786979444,0.9926978358055338,0.9885141930695837,0.9836817683079714,0.9783277370969232,0.9725558244026417,0.9664504396751078,0.9600804528587007,0.953502299497742,0.946762448000804
821,Zone 2,10,26,Married,4,25,Did not complete high school,No,Female,No,No,No,Basic service,No,0,0.8127800599108996,0.18721994008910037,13589.100226428724,False,0.9971149099610178,0.987398507482654,0.9733670828005077,0.956918174844479,0.9391711161185284,0.920800043316006,0.9022227287808748,0.8837033561863412,0.8654106295317562,0.8474520692608356,0.8298950391785085,0.8127800599108996
822,Zone 2,17,28,Unmarried,3,37,Some college,No,Female,No,No,Yes,Plus service,Yes,1,0.8837856299428666,0.11621437005713342,14145.742294094316,False,0.9989171012839766,0.994523825468106,0.9874122069405094,0.9784081838491344,0.9681154670972494,0.9569566531863782,0.9452294734885055,0.9331466215797067,0.9208620818027135,0.9084885555483422,0.8961091899573246,0.8837856299428666
823,Zone 1,21,24,Married,0,30,College degree,No,Female,Yes,Yes,Yes,Total service,No,0,0.6859913749518163,0.3140086250481837,12468.704482485302,True,0.9907857736639795,0.9667181863666684,0.9368791074405186,0.9052944370159284,0.873726459615764,0.8429858597502462,0.8134423210953989,0.7852469713058062,0.7584382659686443,0.7329957433510423,0.7088686014006003,0.6859913749518163
824,Zone 2,25,51,Unmarried,9,66,College degree,No,Male,Yes,Yes,Yes,Total service,No,0,0.882402027310514,0.11759797268948602,14135.416731650654,False,0.9988913029205225,0.9944123656128465,0.9871810221046553,0.9780415966546776,0.9676079797821491,0.9563084381321071,0.9444438856549292,0.9322287781502225,0.9198180262867452,0.9073247551887117,0.8948322299664762,0.882402027310514
825,Zone 3,44,31,Unmarried,8,16,Did not complete high school,No,Male,No,No,No,Basic service,Yes,1,0.7935890454513443,0.20641095454865566,13429.72907253037,False,0.9964414349769585,0.9849596993404487,0.9688047072469651,0.9501944010934009,0.9303767662336581,0.910076092300732,0.889725824131364,0.8695900794621667,0.8498303505321652,0.8305439398712481,0.8117870362549504,0.7935890454513443
826,Zone 2,59,49,Unmarried,28,429,College degree,No,Female,No,No,Yes,Total service,Yes,1,0.9968070416107003,0.0031929583892996716,14894.586789536579,False,0.999997884032177,0.999977225801336,0.999918979223329,0.9998110693189025,0.9996466201369356,0.9994220900697439,0.9991360656803028,0.998788503057395,0.9983802433445595,0.9979126969261856,0.9973876336866759,0.9968070416107003
827,Zone 2,11,26,Unmarried,7,20,High school degree,No,Male,No,No,No,Basic service,No,0,0.7414837359069066,0.25851626409309336,12978.619758807567,True,0.9941372916442685,0.9771425418677099,0.9547245055256951,0.9299918211363175,0.9044940644410723,0.8790422500222104,0.8540722688356421,0.829817458880751,0.8063968113374788,0.7838627993803293,0.7622285333242764,0.7414837359069066
828,Zone 2,50,68,Married,32,262,Some college,No,Male,No,Yes,Yes,Plus service,No,0,0.9983776593558742,0.0016223406441258081,14902.493509439952,False,0.999999267415959,0.9999912117400568,0.9999667012228745,0.9999188188391945,0.999842849311231,0.999735710244061,0.9995954848708035,0.9994210867836306,0.9992120240164347,0.9989682322127692,0.9986899553368047,0.9983776593558742
829,Zone 3,23,25,Married,2,28,Some college,No,Female,No,No,No,E-service,No,0,0.9416594605932374,0.05834053940676265,14556.496548664527,False,0.9997104656054713,0.9982439227955108,0.9955180742503095,0.9917273990045499,0.9870771683248475,0.9817424105191422,0.9758654334217715,0.9695606559007933,0.9629200872427504,0.9560180160705625,0.9489147391662481,0.9416594605932374
830,Zone 1,17,19,Unmarried,0,18,High school degree,No,Female,No,Yes,No,E-service,Yes,1,0.6433450347877512,0.3566549652122488,12055.76075060511,True,0.98744772080297,0.9570564421273615,0.9210230083180275,0.8839990813087858,0.8478084964885143,0.8131866026142214,0.7804009127163667,0.7495047580566506,0.7204512882881762,0.6931480878140062,0.6674844131678822,0.6433450347877512
831,Zone 1,15,62,Married,3,144,Some college,No,Male,Yes,No,Yes,Plus service,No,0,0.9832229596621987,0.016777040337801252,14819.208156613384,False,0.9999680283950626,0.9997450296923274,0.9992377055691116,0.998427477329294,0.99732406934011,0.9959476421124921,0.9943215907446339,0.9924694755817804,0.9904137095214742,0.988175040357494,0.9857724052207071,0.9832229596621987
832,Zone 2,68,57,Married,38,33,Did not complete high school,No,Female,No,No,No,E-service,No,0,0.9998518173338047,0.00014818266619531784,14909.460950522915,False,0.9999999799977727,0.9999996627162072,0.9999984420514121,0.999995631093729,0.9999905761480377,0.9999826908250856,0.9999714626680005,0.9999564499624201,0.9999372752326604,0.9999136179780277,0.9998852076627963,0.9998518173338047
833,Zone 1,69,42,Married,23,19,Some college,No,Female,No,Yes,No,Basic service,No,0,0.9052236539380878,0.09477634606191221,14302.870159170883,False,0.9992744249575991,0.9961160271197667,0.9907753564674073,0.983810781114048,0.9756705661693,0.966687063890251,0.9571050703489,0.9471063057831784,0.9368270836462085,0.9263706737565356,0.915815972232106,0.9052236539380878
834,Zone 1,30,24,Married,3,30,Did not complete high school,No,Female,No,No,No,Basic service,Yes,1,0.7882669283728592,0.21173307162714083,13384.881353585866,False,0.9962389229225548,0.9842426303744416,0.9674808143246284,0.9482615145325044,0.9278669842935161,0.9070337999441311,0.8861983838318148,0.8656237645049721,0.8454686165684948,0.8258267893394058,0.8067509037585021,0.7882669283728592
835,Zone 3,22,30,Unmarried,8,41,High school degree,No,Male,Yes,No,No,Plus service,No,0,0.8558153241405828,0.1441846758594172,13932.864024112343,False,0.9983273167408075,0.992062903446315,0.9824098747936417,0.9705881901263269,0.957408216521973,0.943402182285767,0.9289260382204949,0.9142223404776818,0.8994588042694831,0.8847525110796683,0.8701855389797257,0.8558153241405828
836,Zone 2,10,20,Married,1,20,High school degree,No,Female,No,No,No,Basic service,Yes,1,0.7339790065006254,0.2660209934993746,12911.443238425982,True,0.9937422755084869,0.9758648806706366,0.9524872576601595,0.9268458566222775,0.9005264477826771,0.874345948773507,0.8487355599232642,0.8239204853409746,0.8000109077662885,0.7770508944891069,0.7550459351000633,0.7339790065006254
837,Zone 1,72,59,Married,12,65,Some college,No,Female,No,No,No,E-service,No,0,0.9977086570520834,0.0022913429479165526,14899.166060101708,False,0.9999987453181879,0.9999857468075342,0.9999476780150285,0.9998752611473655,0.9997626643014865,0.9996064300710463,0.9994047059037412,0.99915672889074,0.9988624806971655,0.998522453190944,0.998137486741062,0.9977086570520834
838,Zone 2,34,24,Married,5,17,College degree,No,Female,No,No,No,Plus service,No,0,0.9311924462392401,0.06880755376075987,14485.515828209926,False,0.9996061862616584,0.9977074287233474,0.9942855326244083,0.9896258804856339,0.9839994190097106,0.9776260696637206,0.9706787818467345,0.9632930275256174,0.9555753579530925,0.9476101160210556,0.9394645137634459,0.9311924462392401
839,Zone 2,43,49,Married,18,66,Did not complete high school,No,Male,No,No,No,Plus service,No,0,0.9953106176823474,0.004689382317652591,14886.803269072398,False,0.9999960946023262,0.9999605998087261,0.9998649994596859,0.9996934292218472,0.9994381968288772,0.9990964071636411,0.9986680009655611,0.9981546062252762,0.9975588464520138,0.9968839133467976,0.9961332976788667,0.9953106176823474
840,Zone 3,31,37,Married,15,18,College degree,No,Male,Yes,Yes,Yes,Total service,No,0,0.9081204385490445,0.09187956145095555,14323.67675055002,False,0.9993167734908636,0.9963118368190097,0.99119794215132,0.9845000124460351,0.9766457832647185,0.9679551478237763,0.9586652645026807,0.9489531523146866,0.9389522576550232,0.9287641542106128,0.9184668019968587,0.9081204385490445
841,Zone 2,6,27,Married,5,26,College degree,No,Male,No,No,No,Basic service,Yes,1,0.8284872012365414,0.1715127987634586,13716.779251811107,False,0.9976031513564426,0.9892274597922521,0.9768570076097012,0.9621341761858545,0.9460680829431429,0.9292854534020205,0.9121856449762797,0.8950284172137266,0.8779848950914423,0.8611682835248993,0.8446530381719897,0.8284872012365414
842,Zone 2,48,42,Unmarried,21,46,College degree,No,Male,No,No,Yes,Plus service,No,0,0.9847458531025792,0.015254146897420773,14828.057264845858,False,0.9999727921132103,0.9997788922852268,0.9993316918231149,0.9986107259182898,0.9976218607478253,0.9963812466182155,0.9949086312026973,0.9932244067407081,0.9913482848398759,0.9892987271983078,0.9870927410727048,0.9847458531025792
843,Zone 2,50,25,Unmarried,6,19,Did not complete high school,No,Male,No,No,No,Basic service,No,0,0.7217036325187605,0.27829636748123954,12800.36592568498,True,0.9930586747853375,0.9736883642137059,0.9487109949236251,0.9215703168381368,0.8939066494760851,0.8665426953110044,0.8398991504061715,0.814185902241616,0.7894973033246123,0.7658626645639108,0.7432742958493291,0.7217036325187605
844,Zone 3,20,41,Married,19,58,High school degree,No,Female,No,No,No,E-service,No,0,0.9947872778844126,0.0052127221155874315,14884.03681815684,False,0.9999953699213735,0.9999541336838664,0.9998445002550642,0.9996495067774808,0.9993614007279484,0.9989776970293133,0.9984989503443267,0.997927476437715,0.997266595396995,0.9965201718667687,0.9956923304811938,0.9947872778844126
845,Zone 3,61,73,Unmarried,10,25,Did not complete high school,Yes,Male,No,No,No,Basic service,No,0,0.9797649994093875,0.02023500059061245,14798.84297554457,False,0.9999559628150602,0.9996618475475856,0.9990109182183584,0.9979908594136934,0.9966214549108575,0.9949327389485519,0.9929568068220743,0.9907246075989411,0.988264741954838,0.985603114429081,0.9827629557408184,0.9797649994093875
846,Zone 2,6,21,Unmarried,0,15,High school degree,No,Female,No,No,No,Basic service,No,0,0.6115298036903851,0.3884701963096149,11735.349972091748,True,0.9844458286823885,0.9488073522761682,0.9078911893324978,0.8667399575458763,0.8271527989008194,0.7897616305700973,0.7547274158483966,0.7220110545976282,0.6914894721119129,0.663008405953136,0.6364071008210946,0.6115298036903851
847,Zone 2,1,22,Unmarried,2,35,High school degree,No,Male,No,Yes,No,Basic service,Yes,1,0.3982966782115918,0.6017033217884082,9273.634678473145,True,0.9468031901221063,0.8626562296755137,0.7843044804931459,0.7156764979976585,0.6561236646612951,0.6043132802238942,0.558976628126409,0.5190459579386403,0.4836518712376989,0.45209136778082726,0.4237945738985537,0.3982966782115918
848,Zone 1,21,43,Unmarried,13,41,High school degree,No,Female,Yes,Yes,Yes,Total service,Yes,1,0.8630579621116304,0.13694203788836956,13988.80951992704,False,0.9984941308210185,0.9927423444726662,0.9837713757283124,0.9726949412415582,0.9602699075074026,0.9470012180130567,0.9332310245096118,0.9191953249426056,0.9050592827131475,0.8909396772156293,0.8769195439232225,0.8630579621116304
849,Zone 3,7,32,Unmarried,1,71,College degree,No,Male,No,Yes,Yes,Total service,No,0,0.7736643689611553,0.2263356310388447,13260.38986209768,False,0.9956464434460409,0.9821820943727378,0.9637162284772911,0.9428059055090771,0.9208237537877203,0.8985362246524226,0.87638478006996,0.8546270635996207,0.8334122192533739,0.8128232770853101,0.7929020646491951,0.7736643689611553
850,Zone 3,65,56,Married,19,608,Some college,No,Female,Yes,No,Yes,Total service,No,0,0.9955895317261444,0.004410468273855606,14888.268912780124,False,0.9999964603920745,0.9999639135894376,0.999875598594753,0.999716282702632,0.9994783503303961,0.9991587235450687,0.9987570426915582,0.9982745885580917,0.9977136268909443,0.9970769997057221,0.9963678654689784,0.9955895317261444
851,Zone 1,64,37,Unmarried,10,44,College degree,No,Female,Yes,No,Yes,E-service,No,0,0.9297139052577144,0.07028609474228564,14475.360713799175,False,0.9995901259824673,0.9976267543641336,0.9941027789572375,0.9893173833222552,0.9835511160321533,0.9770302934979922,0.9699321335883896,0.9623949785075461,0.954527317665332,0.9464148000980953,0.9381255086344509,0.9297139052577144
852,Zone 3,4,30,Unmarried,0,41,High school degree,No,Male,No,No,Yes,Plus service,Yes,1,0.875507856980333,0.12449214301966705,14083.6436135202,False,0.9987576380366546,0.9938411501495955,0.9860037656297866,0.9761832523694053,0.9650443643154788,0.9530432759940559,0.9404963065089889,0.9276262549160657,0.9145922624344796,0.9015092392443224,0.8884607666049068,0.875507856980333
853,Zone 1,67,45,Married,22,83,Some college,No,Female,No,No,Yes,E-service,No,0,0.9971901860792216,0.0028098139207783923,14896.544472621015,False,0.9999982710834557,0.9999809968628254,0.9999315656595551,0.9998390403220351,0.9996969307830791,0.9995016799781449,0.9992516460079548,0.9989464465715452,0.9985865324934549,0.9981729051698282,0.9977069260243845,0.9971901860792216
854,Zone 2,22,35,Unmarried,12,28,High school degree,No,Male,No,Yes,No,E-service,Yes,1,0.8846596235461357,0.1153403764538643,14152.25346611323,False,0.9989332225148886,0.9945936862381421,0.9875573645246015,0.9786386466012679,0.968434819247794,0.9573648859808431,0.9457245524394486,0.9337253840013863,0.9215207665282087,0.9092231223810929,0.8969155146768477,0.8846596235461357
855,Zone 3,51,37,Married,17,101,High school degree,No,Female,No,No,Yes,Plus service,No,0,0.9872148910177451,0.012785108982254934,14842.231927058447,False,0.9999797889019113,0.9998300131902979,0.999475881433088,0.998895091813975,0.9980880967823053,0.9970650657287414,0.9958401330880914,0.9944287096186027,0.9928461875795567,0.9911073212072479,0.9892259486742356,0.9872148910177451
856,Zone 1,50,28,Unmarried,6,28,Did not complete high school,No,Female,No,No,Yes,Plus service,No,0,0.90163588098777,0.09836411901222997,14276.95685909691,False,0.9992200553625971,0.9958671435966635,0.9902413710572429,0.9829434747289939,0.9744473384332462,0.9651006774243768,0.9551575965797439,0.9448054717558675,0.9341840090332127,0.9233984377518208,0.9125286910645084,0.90163588098777
857,Zone 1,31,47,Married,18,35,High school degree,No,Male,No,No,No,Basic service,No,0,0.972738578387622,0.02726142161237799,14756.440218836604,False,0.9999261886787673,0.9994674649510931,0.998497525978178,0.9970244447723774,0.9950931371187776,0.9927562950475495,0.9900649799433618,0.987065645293807,0.9837994742855032,0.9803025719302891,0.9766064497517062,0.972738578387622
858,Zone 3,4,28,Unmarried,0,39,High school degree,No,Female,No,No,Yes,Plus service,Yes,1,0.8637497894320298,0.13625021056797015,13994.123892026968,False,0.9985095375372584,0.9928056908221372,0.9838990128269304,0.9728932149854208,0.9605400461276753,0.947341799676913,0.9336392611460409,0.9196677587063998,0.9055921754991757,0.8915292321179502,0.8775620312131687,0.8637497894320298
859,Zone 3,60,56,Unmarried,19,51,College degree,No,Male,Yes,Yes,Yes,Total service,No,0,0.9503751091753453,0.04962489082465471,14614.313139124788,False,0.9997849391355442,0.9986438453888061,0.9964601674589552,0.9933624992413705,0.989505068220792,0.985026383154377,0.9800428701803343,0.974650533285419,0.9689282066995706,0.9629407185568813,0.9567415709668142,0.9503751091753453
860,Zone 3,7,31,Married,12,31,High school degree,No,Female,No,No,No,Basic service,Yes,1,0.9006166633691335,0.09938333663086651,14269.566710799127,False,0.9992042193732931,0.9957951548368069,0.990087545261767,0.9826943501771088,0.974096766806261,0.9646468592619213,0.9546013455992661,0.9441491743085467,0.933430983295723,0.9225525302380443,0.9115940184569578,0.9006166633691335
861,Zone 3,20,40,Unmarried,2,209,College degree,No,Female,No,No,No,E-service,No,0,0.9503261369521944,0.04967386304780563,14613.991737035685,False,0.9997845515462546,0.9986417186713487,0.9964550943242171,0.993353615828761,0.9894917867130174,0.985008317774286,0.9800197809509238,0.9746222856641065,0.96889474277581,0.9629020363489982,0.9566977093799451,0.9503261369521944
862,Zone 2,19,23,Married,4,37,Some college,No,Female,No,No,No,Plus service,Yes,1,0.9228801227933118,0.07711987720668823,14428.028222085195,False,0.9995115391896353,0.9972382517334484,0.9932308593529651,0.9878552263480234,0.9814371748960995,0.9742326590182163,0.9664383830724512,0.9582055992175835,0.9496513757660265,0.9408670357265426,0.9319243555449901,0.9228801227933118
863,Zone 3,58,37,Married,5,64,College degree,No,Female,Yes,Yes,Yes,Total service,Yes,1,0.84293446962481,0.15706553037519,13831.986236265748,False,0.9980051011046741,0.9907804671147377,0.9798744895066708,0.9667023316372936,0.9521688587925542,0.936852604115181,0.9211317235184258,0.905258376039974,0.8894031015855677,0.8736821274676636,0.8581747106077862,0.84293446962481
864,Zone 3,65,64,Unmarried,20,88,Some college,No,Female,Yes,Yes,Yes,Total service,Yes,1,0.9714640065944606,0.02853599340553936,14748.61682102198,False,0.9999200393911502,0.9994287285058275,0.9983973506598122,0.9968386854413939,0.9948027869427413,0.992346756713904,0.9895252297967448,0.9863875083121756,0.9829770379186324,0.9793317223042395,0.9754845064889712,0.9714640065944606
865,Zone 3,72,61,Married,34,61,Did not complete high school,No,Male,No,No,No,E-service,No,0,0.9998411239216429,0.00015887607835707307,14909.414143327416,False,0.9999999778454819,0.9999996298274372,0.9999982992238197,0.9999952485073028,0.9999897807303698,0.9999812743902647,0.9999691892328,0.9999530619365652,0.9999324985408234,0.9999071662618355,0.9998767857182035,0.9998411239216429
866,Zone 3,8,42,Unmarried,3,66,Some college,No,Male,Yes,Yes,Yes,Total service,No,0,0.7714816669240134,0.22851833307598657,13241.600720411385,False,0.9955531160759484,0.981862208657752,0.9631367686855504,0.9419712386131434,0.9197512612156383,0.8972472552214764,0.8749010365965262,0.8529691417466184,0.8315990651713168,0.8108720529866618,0.7908281957821452,0.7714816669240134
867,Zone 2,33,40,Married,14,19,Some college,No,Male,No,No,No,Basic service,No,0,0.945128269293771,0.05487173070622897,14579.653383093899,False,0.9997414350743214,0.9984082322068116,0.9959023892830474,0.9923910386204975,0.9880586938430647,0.9830657256241212,0.9775441642929839,0.971601187615876,0.9653236743435027,0.9587822667159487,0.9520346725010052,0.945128269293771
868,Zone 3,18,34,Married,4,42,High school degree,No,Female,Yes,No,Yes,Total service,No,0,0.9362991907928883,0.06370080920711174,14520.349127737802,False,0.999659111668212,0.997976779630682,0.9949003886862848,0.990669447246303,0.9855223291099685,0.9796569531905501,0.9732314027343453,0.9663710344359652,0.9591754831723178,0.951724363877272,0.9440816807400944,0.9362991907928883
869,Zone 2,24,31,Married,6,41,High school degree,No,Male,No,No,Yes,Plus service,No,0,0.956481566801022,0.04351843319897797,14654.066340424944,False,0.9998305644933286,0.9988982172957527,0.997072665199558,0.9944421984888522,0.9911277015190121,0.9872428513693596,0.9828859092028044,0.9781395838538539,0.9730729342477678,0.9677435701849831,0.9621996505920182,0.956481566801022
870,Zone 3,70,36,Unmarried,8,50,Did not complete high school,No,Female,No,No,No,E-service,No,0,0.9582416353855653,0.04175836461443472,14665.401612726606,False,0.9998427241887199,0.998967515440359,0.9972416777390755,0.994742845048922,0.9915827157613348,0.9878679613006202,0.9836916239676998,0.9791325320528595,0.9742568486883713,0.9691200136062079,0.9637685545345825,0.9582416353855653
871,Zone 1,7,38,Unmarried,4,70,College degree,No,Male,Yes,Yes,No,Total service,Yes,1,0.7469773604031427,0.25302263959685733,13027.442785098672,True,0.994415777549596,0.9780527984366792,0.9563282249851877,0.9322567747487531,0.9073602337620104,0.8824441868199921,0.8579471350054186,0.8341077789209417,0.8110511356805514,0.7888355304572209,0.7674794365459928,0.7469773604031427
872,Zone 3,70,59,Unmarried,27,85,Did not complete high school,No,Female,No,No,Yes,Plus service,No,0,0.9976635822937809,0.0023364177062190628,14898.939509409527,False,0.9999987064231184,0.9999853507997346,0.999946321838956,0.9998721918051134,0.9997570649016957,0.9995974690283449,0.99939156494598,0.9991386188558642,0.9988386501290623,0.998492192600774,0.998100130225462,0.9976635822937809
873,Zone 2,20,48,Married,21,45,Some college,No,Female,Yes,No,Yes,Plus service,Yes,1,0.9897679440674916,0.010232055932508421,14856.639217600092,False,0.9999860586407865,0.9998776851944707,0.9996135193366824,0.9991710736063429,0.9985464448950705,0.9977444216172919,0.9967738216982425,0.9956451773829481,0.9943695425263464,0.9929578692617751,0.9914206865891253,0.9897679440674916
874,Zone 3,54,32,Married,12,27,Did not complete high school,No,Male,No,No,No,E-service,No,0,0.9815005643292393,0.018499435670760733,14809.109671400563,False,0.9999622340771197,0.9997046686580602,0.9991270047058042,0.9982134497519303,0.9969785245338544,0.9954471834870393,0.9936470894207555,0.9916054538363774,0.9893477654742469,0.9868973485323403,0.9842752951385766,0.9815005643292393
875,Zone 3,36,48,Unmarried,28,29,Did not complete high school,No,Male,No,No,No,Basic service,No,0,0.9735674592313509,0.026432540768649093,14761.507322472497,False,0.9999300647076554,0.9994920951980184,0.9985615471878208,0.9971435920973917,0.9952798927398718,0.9930203176479273,0.9904136225196923,0.9875044119307176,0.9843323930394661,0.980932491898287,0.9773352762401726,0.9735674592313509
876,Zone 3,71,53,Married,29,48,College degree,No,Female,No,No,Yes,Plus service,No,0,0.9989075316599779,0.0010924683400220792,14905.072993956182,False,0.9999996017964629,0.9999949251609547,0.9999800831536009,0.9999502225028767,0.9999017738397339,0.9998322059998995,0.9997397744541974,0.9996233234055477,0.9994821379812296,0.9993158348072739,0.9991242806825392,0.9989075316599779
877,Zone 1,17,41,Unmarried,4,32,High school degree,No,Male,No,No,Yes,Plus service,No,0,0.9437580492874872,0.05624195071251281,14570.528743402148,False,0.9997294129093571,0.9983441362827553,0.9957520434692653,0.9921308959315832,0.9876733406334803,0.9825455211521769,0.9768835326253735,0.970797427746579,0.9643761300271684,0.9576917408430474,0.9508030086811469,0.9437580492874872
878,Zone 1,18,45,Married,17,43,Did not complete high school,No,Male,No,No,Yes,Plus service,No,0,0.9929492472624617,0.007050752737538302,14874.170392617323,False,0.9999924437715482,0.9999290282318469,0.9997667060786722,0.9994854919960497,0.9990781916415682,0.9985443578012633,0.9978871374160182,0.9971115676141632,0.9962236207047891,0.9952296551080017,0.9941360955776751,0.9929492472624617
879,Zone 1,16,27,Unmarried,8,16,Post-undergraduate degree,No,Female,No,No,Yes,Total service,Yes,1,0.9294154126502898,0.07058458734971018,14473.306817984703,False,0.9995868432656966,0.9976103213736293,0.9940656280314379,0.9892547606132905,0.9834602149549702,0.9769095995253535,0.9697809918105934,0.9622133102072811,0.9543154318814856,0.9461732661544617,0.937855068529748,0.9294154126502898
880,Zone 3,38,30,Married,6,22,High school degree,No,Female,No,Yes,No,E-service,No,0,0.8855739982100402,0.11442600178995976,14159.056098731957,False,0.998949944034568,0.9946663225329332,0.9877085012596183,0.9788788415376783,0.9687679146643556,0.9577909560203224,0.9462415392729606,0.9343300370402695,0.9222091979889507,0.9099911431147174,0.8977588397182006,0.8855739982100402
881,Zone 1,52,45,Married,19,40,Some college,No,Female,Yes,Yes,Yes,Total service,No,0,0.9535534516513267,0.046446548348673344,14635.085234122058,False,0.9998093546602456,0.998778929826187,0.9967839721493708,0.9939314655869025,0.990358008856781,0.9861890918236803,0.9815316792760367,0.9764748903555956,0.9710925251054642,0.9654457150078815,0.9595852420044043,0.9535534516513267
882,Zone 1,46,48,Married,12,256,Some college,No,Male,Yes,Yes,Yes,Total service,No,0,0.9379392399592941,0.06206076004070593,14531.454880470901,False,0.9996752779004511,0.9980602155329292,0.9950924164184166,0.990997263789574,0.9860028784952998,0.9803001494898146,0.9740423496835893,0.9673515229558076,0.9603250104766463,0.9530408371834509,0.9455619103304642,0.9379392399592941
883,Zone 2,31,46,Unmarried,23,144,College degree,No,Male,No,Yes,Yes,Plus service,No,0,0.9559593653971499,0.044040634602850126,14650.692420446816,False,0.9998268717821026,0.9988773085796459,0.9970218638401388,0.9943520742300658,0.9909915878305949,0.9870561744935108,0.9826456459616006,0.9778438586316577,0.9727207240402697,0.9673344881673771,0.9617337860087274,0.9559593653971499
884,Zone 2,23,31,Unmarried,10,45,College degree,No,Male,No,Yes,No,E-service,No,0,0.8468642097171468,0.15313579028285318,13862.94786904111,False,0.9981069372735676,0.9911818404940833,0.9806634627222676,0.967906617997525,0.9537874620544311,0.9388707181309804,0.9235280911175351,0.9080090914497847,0.8924836287047528,0.8770683772699829,0.8618436036720498,0.8468642097171468
885,Zone 2,38,56,Married,34,34,High school degree,No,Female,No,Yes,Yes,Plus service,No,0,0.9962646974570317,0.0037353025429682774,14891.789504912398,False,0.9999972853923168,0.9999715357862916,0.9999002607596206,0.9997698956073726,0.9995731489450087,0.9993066136895009,0.9989692896637766,0.9985616809121485,0.9980852325026057,0.9975419709774617,0.9969342703311522,0.9962646974570317
886,Zone 2,50,54,Unmarried,15,248,Some college,No,Female,No,No,Yes,Plus service,No,0,0.9893551114935321,0.010644888506467942,14854.328275415312,False,0.9999851125602394,0.9998703500392776,0.9995921000478496,0.9991277799060435,0.9984740965285201,0.9976366455333378,0.9966250650071657,0.9954506528811896,0.9941251525814652,0.9926601267361572,0.9910666403051022,0.9893551114935321
887,Zone 2,16,49,Unmarried,17,41,High school degree,No,Male,Yes,Yes,Yes,Total service,No,0,0.9176938083777184,0.08230619162228159,14391.684068513308,False,0.9994470506857458,0.9969263084129892,0.9925396265666756,0.9867065090328101,0.9797880128361675,0.9720626100186529,0.9637414946289637,0.9549853110676095,0.9459172190847606,0.9366324530524223,0.9272052366174128,0.9176938083777184
888,Zone 2,14,34,Married,4,27,College degree,No,Female,Yes,Yes,Yes,Total service,No,0,0.8135562584359781,0.18644374156402188,13595.468430726532,False,0.9971403363876071,0.987492381624872,0.9735446872359845,0.9571820136816723,0.9395183401473358,0.9212255900535726,0.9027207420744778,0.8842678556802708,0.8660358286020176,0.8481325196330217,0.8306256873936553,0.8135562584359781
889,Zone 2,30,52,Unmarried,23,17,Some college,No,Female,No,Yes,No,E-service,Yes,1,0.9785807283488003,0.021419271651199723,14791.787683304958,False,0.9999514359473574,0.9996314179877287,0.998929178144242,0.997835144194664,0.9963729226993422,0.9945761447194895,0.9924799967524985,0.9901180054087612,0.9875208978318034,0.9847163276742006,0.9817289647301684,0.9785807283488003
890,Zone 3,22,47,Married,0,44,College degree,No,Female,Yes,Yes,Yes,Total service,Yes,1,0.8692260141006949,0.1307739858993051,14036.006255491417,False,0.9986282954229504,0.9932975971295447,0.9848944582207165,0.9744443182420507,0.962658399552468,0.9500177630013542,0.936852089079257,0.9233911391440119,0.9097973524478482,0.8961867979289813,0.882642958164913,0.8692260141006949
891,Zone 1,38,55,Married,12,135,High school degree,No,Male,Yes,Yes,Yes,Total service,No,0,0.9583581351943791,0.04164186480562093,14666.149895347038,False,0.9998435134728552,0.9989720382038493,0.9972527436399974,0.9947625741094998,0.9916126271560337,0.9879091132092684,0.9837447295927997,0.9791980470851429,0.9743350359591714,0.969210990906881,0.9638723302342256,0.9583581351943791
892,Zone 3,59,26,Married,3,41,College degree,No,Female,No,Yes,No,E-service,Yes,1,0.8402590519494757,0.1597409480505243,13810.814784353848,False,0.9979339612893644,0.9905020847278644,0.9793295715110477,0.9658730462896774,0.9510568448311075,0.9354687358102274,0.9194911017221881,0.9033777629837081,0.8872995729135402,0.8713723618675803,0.8556746259304304,0.8402590519494757
893,Zone 2,54,55,Unmarried,1,587,Some college,No,Male,Yes,No,Yes,Plus service,No,0,0.936935808596273,0.06306419140372699,14524.664796874335,False,0.9996654346281599,0.9980093444638176,0.9949752441476322,0.9907971233291476,0.9857093633501751,0.9799071518637743,0.9735467067747846,0.9667521024608384,0.959622087608017,0.9522356641060815,0.9446564142338268,0.936935808596273
894,Zone 3,9,40,Unmarried,13,38,College degree,No,Female,Yes,Yes,Yes,Total service,Yes,1,0.8439715704454116,0.1560284295545884,13840.173057267193,False,0.9980322824058753,0.990887261909184,0.9800840276877044,0.9670217516461601,0.9525977345079282,0.9373868928010701,0.9217657079022523,0.9059856639074433,0.8902171540396167,0.874576539360201,0.859143355764139,0.8439715704454116
895,Zone 1,67,67,Married,38,49,High school degree,No,Female,No,Yes,No,E-service,No,0,0.9994480092732113,0.000551990726788687,14907.63162411039,False,0.9999998589040536,0.999998012470115,0.9999917319652268,0.9999784681504456,0.999956138440276,0.9999231081388045,0.999878118926319,0.9998202173506817,0.9997486942447191,0.9996630358125868,0.9995628847266467,0.9994480092732113
896,Zone 2,24,44,Unmarried,19,33,Some college,No,Female,No,No,No,Basic service,No,0,0.9375609808445667,0.06243901915543326,14528.897016570088,False,0.9996715849681234,0.9980411046469927,0.9950483637001853,0.9909219763733328,0.9858924188049291,0.980152199477454,0.9738557021448,0.9671257374458316,0.9600601786722729,0.9527374205741161,0.9452206263083082,0.9375609808445667
897,Zone 2,12,55,Married,13,36,Did not complete high school,No,Female,No,Yes,No,E-service,Yes,1,0.9831194534445024,0.016880546555497644,14818.603939378427,False,0.9999676923367773,0.9997426654272559,0.9992311831949064,0.9984148151110862,0.997303561145674,0.99591786243149,0.9942813664693398,0.9924178511257155,0.9903499136170554,0.9880984569006017,0.9856825484740669,0.9831194534445024
898,Zone 1,26,47,Unmarried,13,54,Some college,No,Male,Yes,Yes,No,E-service,No,0,0.8877412128219029,0.11225878717809712,14175.140985830438,False,0.9989889890111133,0.9948366370367578,0.9880637449635662,0.9794443920042861,0.9695532568829082,0.9587966075599734,0.9474629134082927,0.9357596693690323,0.9238380686442611,0.9118094792513858,0.8997566089166267,0.8877412128219029
899,Zone 2,3,32,Unmarried,4,58,High school degree,No,Male,Yes,No,Yes,Total service,Yes,1,0.8711548232673434,0.1288451767326566,14050.679546429792,False,0.9986687853885308,0.9934668414279948,0.9852387726290706,0.9749828527242979,0.9633960299595425,0.9509517822234419,0.9379757573782452,0.9246956443469838,0.9112729260667987,0.8978233627071034,0.8844305058217872,0.8711548232673434
900,Zone 2,20,46,Unmarried,2,23,Post-undergraduate degree,No,Female,Yes,Yes,Yes,Total service,No,0,0.7945930900628322,0.20540690993716781,13438.158276093915,False,0.9964788563176118,0.9850929729395977,0.9690515984262169,0.9505557286135248,0.9308468102019123,0.9106467336353938,0.8903883145749814,0.8703358240062271,0.8506512461625417,0.8314325052601326,0.8127364407714692,0.7945930900628322
901,Zone 3,5,52,Married,0,97,Post-undergraduate degree,No,Male,Yes,Yes,Yes,Total service,Yes,1,0.8964326470068105,0.10356735299318953,14239.09781735196,False,0.9991373816178473,0.9954936645202955,0.9894462321908336,0.9816590593200649,0.972643514166808,0.962769432593807,0.9523041107132698,0.9414427935935121,0.9303297962945379,0.9190729149909229,0.9077533501909625,0.8964326470068105
902,Zone 3,58,53,Unmarried,19,207,Some college,No,Female,Yes,Yes,Yes,Total service,Yes,1,0.9412384889485867,0.05876151105141325,14553.673492799684,False,0.9997065866856507,0.9982235228790469,0.9954706041903306,0.9916457260792383,0.9869567158667505,0.981580389916048,0.9756603001652429,0.9693117357995295,0.9626273183634096,0.9556817683173289,0.9485356864170207,0.9412384889485867
903,Zone 1,54,28,Married,2,21,Some college,No,Male,No,No,No,Basic service,No,0,0.8103398688021383,0.18966013119786174,13569.040518876876,False,0.9970340757484426,0.9871009988407734,0.9728052405765658,0.9560846150234901,0.9380752144629299,0.9194580427456263,0.9006532874044821,0.8819254584620487,0.8634426009887297,0.8453111333400347,0.8275971486492657,0.8103398688021383
904,Zone 2,52,39,Unmarried,6,119,Some college,No,Female,No,No,No,Basic service,No,0,0.8355648683797725,0.1644351316202275,13773.48837590235,False,0.9978055534869302,0.9900035636979744,0.9783582488820349,0.9643996784904185,0.949086182314708,0.9330213976753884,0.9165947952556663,0.9000628320441695,0.883596685511825,0.8673113098237344,0.851283724104125,0.8355648683797725
905,Zone 2,38,30,Married,10,25,Did not complete high school,No,Female,No,No,No,Basic service,No,0,0.8835239969306268,0.11647600306937322,14143.791452405314,False,0.9989122490094742,0.9945028301887621,0.9873686213915661,0.9783390278312197,0.9680196844418874,0.9568342616129039,0.9450810948186628,0.9329732131026331,0.9206647779557808,0.9082685725843531,0.8958677678485607,0.8835239969306268
906,Zone 2,19,46,Unmarried,5,59,Some college,No,Male,No,No,No,Basic service,No,0,0.8725159891789953,0.1274840108210047,14061.009802992368,False,0.9986969439551249,0.9935850234489282,0.9854797799481679,0.9753604463946165,0.963913900203553,0.9516082364302787,0.9387662196160979,0.9256140412768945,0.9123124794533812,0.8989770513960377,0.8856913367842685,0.8725159891789953
907,Zone 2,22,33,Married,2,24,Did not complete high school,No,Male,No,No,No,Basic service,No,0,0.8456355954734931,0.1543644045265069,13853.28526074549,False,0.9980754361183969,0.9910573125359952,0.9804182537769893,0.9675318698223498,0.953283305506149,0.9382416324628473,0.922780603334828,0.9071505832265794,0.8915217005525042,0.8760105073815917,0.8606969684772541,0.8456355954734931
908,Zone 1,49,35,Married,15,113,College degree,No,Male,No,No,No,E-service,No,0,0.9882689800006699,0.011731019999330128,14848.213100490837,False,0.9999824980624439,0.9998503560723618,0.9995341828660391,0.9990113793235912,0.9982804350954446,0.9973491890131719,0.9962295126347429,0.9949347632059574,0.9934785219406113,0.9918739666464954,0.9901335714611857,0.9882689800006699
909,Zone 3,5,39,Unmarried,0,22,Did not complete high school,No,Female,No,No,Yes,Plus service,No,0,0.919625718412942,0.08037428158705795,14405.26409151987,False,0.9994715667217865,0.9970442294602954,0.9928000623224515,0.9871382925280978,0.9804067712913349,0.9728755845439062,0.9647505613811768,0.9561888894562566,0.9473115019226397,0.9382122156896486,0.9289643781672305,0.919625718412942
910,Zone 2,18,69,Unmarried,28,11,Did not complete high school,Yes,Male,No,No,No,Basic service,No,0,0.9941112941635579,0.005888705836442076,14880.434002667367,False,0.9999943615863697,0.9999453214800885,0.9998169005315012,0.9995908775523248,0.9992595729266538,0.9988211497543018,0.9982770431525081,0.9976305193335907,0.9968858405007959,0.9960477679053843,0.995121261023077,0.9941112941635579
911,Zone 3,43,29,Unmarried,4,33,Did not complete high school,No,Female,No,No,Yes,Plus service,No,0,0.8951048641284931,0.1048951358715069,14229.3848133964,False,0.9991155514944502,0.9953959796854333,0.9892394155037794,0.9813262996827218,0.9721776211046579,0.9621688260623215,0.9515705163271345,0.9405798812575764,0.9293423530793681,0.917966331275953,0.9065332955364994,0.8951048641284931
912,Zone 3,17,50,Unmarried,2,205,Post-undergraduate degree,No,Male,Yes,Yes,Yes,Total service,Yes,1,0.824708016797491,0.17529198320250905,13686.288489220455,False,0.9974906636773965,0.9888009111710989,0.9760372893554312,0.9609028693711504,0.9444336250195418,0.9272681822874604,0.9098107776473481,0.8923226017266228,0.8749744862550918,0.8578784936774471,0.8411075479451303,0.824708016797491
913,Zone 2,37,33,Unmarried,4,41,Some college,No,Female,No,No,No,E-service,Yes,1,0.9355329544795301,0.06446704552046989,14515.146824706888,False,0.9996514208542348,0.9979372860600082,0.9948097620942119,0.990515059484669,0.985296378116164,0.9793549281150701,0.9728510345470042,0.965911591353709,0.9586372930194842,0.9511084853742277,0.9433896739050079,0.9355329544795301
914,Zone 2,8,39,Unmarried,0,39,Did not complete high school,No,Female,No,No,No,Basic service,No,0,0.7831234075279183,0.2168765924720817,13341.271738395018,False,0.9960364710807674,0.9835325080241892,0.9661769648881962,0.9463653338855899,0.925412333528746,0.9040657142564756,0.8827642002278993,0.8617693242710924,0.8412367038756672,0.8212566006474468,0.8018779998525473,0.7831234075279183
915,Zone 2,51,46,Married,8,107,High school degree,No,Female,No,No,Yes,Plus service,No,0,0.9858104633817396,0.01418953661826039,14834.19631491955,False,0.9999759200124705,0.9998015192455574,0.999395139069153,0.9987353321434645,0.9978254966604725,0.9966791199901504,0.9953134800639016,0.9937467949080951,0.9919969026513729,0.9900806653125317,0.9880137290590398,0.9858104633817396
916,Zone 1,71,55,Married,11,198,Did not complete high school,No,Female,Yes,No,Yes,Plus service,No,0,0.9857121597557471,0.014287840244252892,14833.631133824465,False,0.99997563820967,0.9997994666189088,0.9993893602039886,0.9987239504548115,0.9978068551965822,0.996651802549437,0.9952762955105658,0.9936987513105849,0.9919371804467946,0.9900085926309555,0.9879287600820454,0.9857121597557471
917,Zone 1,56,53,Married,23,100,Post-undergraduate degree,No,Female,Yes,Yes,No,E-service,No,0,0.9793665016040188,0.020633498395981165,14796.473330607269,False,0.9999544619272693,0.9996517167315988,0.9989836389018906,0.9979388031154808,0.996538259142843,0.9948132401929403,0.9927968760447302,0.990520980868179,0.9880148707600415,0.9853050399629555,0.9824152053061682,0.9793665016040188
918,Zone 3,70,68,Unmarried,21,1131,High school degree,No,Male,No,No,Yes,Plus service,No,0,0.9980422748461608,0.001957725153839185,14900.83399303359,False,0.999999018856677,0.9999885716009466,0.9999574326953513,0.9998974692510129,0.999803365136762,0.9996718112648793,0.9995008899058369,0.9992896496484025,0.9990378142792481,0.9987455813499887,0.9984134808699966,0.9980422748461608
919,Zone 1,62,53,Unmarried,14,360,Some college,No,Female,No,No,Yes,Plus service,No,0,0.9875447951725975,0.012455204827402477,14844.108634039641,False,0.9999806548591006,0.99983647767952,0.9994943447886142,0.998931828927156,0.9981487445502555,0.9971545162138793,0.9959625606898322,0.994587640705601,0.9930445791469505,0.991347636162858,0.9895102235469919,0.9875447951725975
920,Zone 1,50,52,Married,22,162,High school degree,No,Female,Yes,No,Yes,Total service,No,0,0.9954026069449368,0.004597393055063237,14887.287349357899,False,0.9999962168311362,0.9999617030938548,0.9998685208123198,0.999701010359959,0.9994515012313583,0.9991170351623748,0.9986974516634727,0.9981942626462688,0.9976099725241384,0.9969476569272561,0.996210696563533,0.9954026069449368
921,Zone 3,1,31,Unmarried,3,29,Post-undergraduate degree,No,Female,No,Yes,No,Basic service,Yes,1,0.509672519315159,0.490327480684841,10633.17601727487,True,0.9710611699902058,0.9153315244835184,0.8574245451020068,0.8029072349128105,0.7529849271366427,0.7076504544179556,0.6665408571099029,0.6292114185262772,0.5952286609932993,0.5642001895680133,0.5357812189993251,0.509672519315159
922,Zone 3,15,26,Unmarried,1,38,College degree,No,Male,Yes,Yes,Yes,Total service,Yes,1,0.5929811075769698,0.40701889242303024,11543.511637313208,True,0.9824670194110647,0.9435520296533512,0.8996908850466141,0.8561144506693099,0.814575825165967,0.7756266811026804,0.7393535736354626,0.7056558958791157,0.674361373162475,0.6452767035551931,0.6182101184388644,0.5929811075769698
923,Zone 3,72,55,Married,24,82,Some college,No,Female,No,No,No,E-service,No,0,0.9990683888033558,0.0009316111966441998,14905.84357705409,False,0.9999996879169822,0.9999959267999491,0.9999837911709314,0.9999590914055344,0.9999186620492789,0.9998601967156848,0.9997820555595087,0.999683107085659,0.9995626069004901,0.9994201062308634,0.9992553828785045,0.9990683888033558
924,Zone 2,69,47,Married,10,159,High school degree,No,Male,No,No,Yes,Plus service,Yes,1,0.9888227610813116,0.011177238918688381,14851.337276212142,False,0.9999838537133267,0.9998606749929859,0.9995639923120194,0.9990711731098798,0.99837976658711,0.9974964468183123,0.9964319333820153,0.9951985258032903,0.9938088642736287,0.9922753016333258,0.9906095938144986,0.9888227610813116
925,Zone 2,32,44,Unmarried,10,201,High school degree,No,Male,No,No,Yes,Plus service,No,0,0.9688377225293549,0.03116227747064515,14732.37940861763,False,0.9999066466013089,0.9993456596836973,0.998184463984239,0.9964464454303348,0.9941927399772883,0.9914897747812663,0.9883996430630105,0.9849775295292983,0.9812715093205692,0.9773231357168393,0.9731682390015918,0.9688377225293549
926,Zone 1,19,25,Married,6,27,College degree,No,Female,Yes,No,Yes,Plus service,Yes,1,0.8840523565477567,0.11594764345224329,14147.730309926954,False,0.9989220355281571,0.9945451904907043,0.9874565783746448,0.9784786074295676,0.9682130275130771,0.9570813395296555,0.9453806578918684,0.9333233331036942,0.9210631679579495,0.9087127796250686,0.8963552903851921,0.8840523565477567
927,Zone 2,42,54,Unmarried,19,57,Some college,No,Female,Yes,Yes,No,Total service,No,0,0.9444203727837057,0.05557962721629428,14574.94303500858,False,0.9997352584117346,0.9983752503751743,0.9958249557682055,0.9922569697137895,0.9878599967298295,0.9827973870116531,0.9772032716279597,0.9711863159549058,0.9648344580685607,0.9582190971042192,0.9513984814480885,0.9444203727837057
928,Zone 3,51,49,Unmarried,29,45,Did not complete high school,No,Male,No,No,No,Basic service,No,0,0.9770350998372127,0.022964900162787294,14782.52160563818,False,0.9999452271056789,0.9995902565054762,0.9988195021107101,0.9976274081439342,0.9960428361163729,0.9941042575116882,0.9918509650912182,0.9893198762398772,0.9865444930120781,0.9835547353704521,0.9803771255387215,0.9770350998372127
929,Zone 2,32,22,Married,2,17,High school degree,No,Female,Yes,No,Yes,Plus service,Yes,1,0.8372390150708197,0.16276098492918034,13786.82677624005,False,0.9978518772908844,0.9901828352630735,0.9787068910141838,0.9649278209293944,0.9497918571481931,0.9338970273235547,0.9176303223483115,0.9012472996427432,0.8849190540061477,0.8687608782430831,0.8528503388493782,0.8372390150708197
930,Zone 3,26,55,Married,13,61,Did not complete high school,No,Male,No,No,Yes,Plus service,No,0,0.9953805248294948,0.004619475170505205,14887.171206917772,False,0.9999961876319053,0.9999614391731145,0.9998676777901591,0.9996991943941665,0.9994483129424354,0.9991120900767432,0.9986903894172923,0.9981847506024902,0.9975977065380592,0.9969323606523286,0.9961921200332131,0.9953805248294948
931,Zone 2,39,44,Married,14,418,College degree,No,Male,Yes,No,Yes,Total service,No,0,0.983189735828826,0.01681026417117404,14819.014250232525,False,0.9999679206955693,0.999744271662743,0.9992356138307246,0.9984234157899478,0.9973174901908933,0.9959380875116963,0.9943086838082458,0.9924529092182242,0.9903932357939655,0.9881504611380834,0.9857435642386961,0.983189735828826
932,Zone 2,72,53,Unmarried,12,152,High school degree,No,Female,No,Yes,Yes,Total service,No,0,0.9543555489946091,0.04564445100539094,14640.29979517917,False,0.9998152867493763,0.9988121007279136,0.9968639790893996,0.9940726671734293,0.9905704071511031,0.9864794345996266,0.9819043282118125,0.9769324572173108,0.9716363326081203,0.9660761322121698,0.9603019306654086,0.9543555489946091
933,Zone 2,4,39,Unmarried,11,38,College degree,No,Male,Yes,Yes,Yes,Total service,Yes,1,0.8208557656504079,0.17914423434959215,13655.05832625989,False,0.9973727822830024,0.9883573486268632,0.9751887167929274,0.9596322992306214,0.9427512361865873,0.9251959678247534,0.9073754135796266,0.8895519840463353,0.8718960229059707,0.8545182802965219,0.8374900039799892,0.8208557656504079
934,Zone 2,54,50,Married,5,151,College degree,No,Male,No,No,Yes,Plus service,No,0,0.9863149144344995,0.013685085565500521,14837.091051276808,False,0.9999773435280678,0.9998119335509719,0.9994245343237833,0.9987933327299748,0.9979206270964236,0.9968186864722262,0.9955036439017556,0.9939927005291999,0.9923028122100052,0.990450083287205,0.9884495119945069,0.9863149144344995
935,Zone 1,34,40,Married,21,23,College degree,No,Female,No,Yes,Yes,Total service,No,0,0.9747308038340938,0.02526919616590617,14768.590970289382,False,0.9999353411200372,0.9995259108715506,0.9986498830348538,0.9973085727659619,0.9955391994921301,0.9933877309073916,0.9908997133138189,0.9881171625835208,0.9850777088703797,0.9818146116870788,0.9783570989097761,0.9747308038340938
936,Zone 1,20,25,Married,4,33,College degree,No,Female,No,Yes,Yes,Basic service,No,0,0.5898222201370553,0.4101777798629447,11510.46313191708,True,0.9821119600680606,0.9426226360763542,0.898252958741905,0.8542624930288588,0.8123940067675652,0.7731839871370509,0.7367054025034061,0.7028466154636812,0.6714266321424482,0.6422452935657126,0.6151054231396108,0.5898222201370553
937,Zone 3,14,49,Unmarried,4,26,Did not complete high school,No,Male,No,No,No,Basic service,No,0,0.8828477508480981,0.11715224915190192,14138.745465916025,False,0.998899650956634,0.9944483878450164,0.9872556833788414,0.9781599250516678,0.9677717228039907,0.9565175190769432,0.944697205830215,0.9325246743580764,0.9201545397413357,0.9076997930042191,0.895243663262494,0.8828477508480981
938,Zone 1,61,59,Unmarried,26,89,Did not complete high school,Yes,Female,No,No,No,Plus service,No,0,0.9974169877438039,0.00258301225619606,14897.69539308321,False,0.9999984856982292,0.9999831264111533,0.9999387495951322,0.9998551265696988,0.9997260349427088,0.9995479430695939,0.9993191019004153,0.9990389507534579,0.9987077260573094,0.9983261994228161,0.9978954992997833,0.9974169877438039
939,Zone 2,4,24,Unmarried,2,25,College degree,No,Male,Yes,Yes,No,Basic service,Yes,1,0.29063947701758686,0.7093605229824131,7758.55927151871,True,0.9067256560237507,0.7877307192228771,0.6890129283991404,0.6088358524102186,0.5430607027886707,0.4883399555233274,0.44220384795007184,0.40284118511624845,0.36890711716212055,0.3393863945318758,0.3134997094582047,0.29063947701758686
940,Zone 3,16,48,Unmarried,25,59,High school degree,No,Male,No,No,Yes,Plus service,Yes,1,0.9930335973112402,0.00696640268875981,14874.627843259208,False,0.9999925906695204,0.9999302578101904,0.999770461048081,0.9994933268120549,0.999091611218466,0.99856475543431,0.9979157745464422,0.9971495719887902,0.9962719926218165,0.9952892769646832,0.9942077424319596,0.9930335973112402
941,Zone 1,13,41,Unmarried,9,55,High school degree,No,Female,No,No,No,Basic service,No,0,0.8704862569340308,0.1295137430659692,14045.59811551187,False,0.9986548290300239,0.993408413878689,0.9851197976534007,0.9747966460123968,0.9631408545613434,0.9506285355900371,0.9375867418320631,0.9242438871303216,0.9107617915468429,0.8972563269766748,0.8838110249218893,0.8704862569340308
942,Zone 2,53,37,Married,18,25,Some college,No,Female,No,Yes,No,E-service,Yes,1,0.9628511377102035,0.037148862289796525,14694.813079027042,False,0.9998724830230122,0.9991403346072856,0.9976678490251516,0.9955069073991596,0.9927461543105415,0.9894743056578152,0.9857708150215386,0.9817042693648087,0.9773330934414826,0.9727068567758319,0.9678676191863598,0.9628511377102035
943,Zone 2,58,36,Married,13,39,High school degree,No,Female,Yes,Yes,Yes,Total service,Yes,1,0.89195369079295,0.10804630920705005,14206.24974216483,False,0.9990625366472513,0.9951602701988796,0.9887422468675588,0.9805285042915807,0.9710629422555411,0.9607342600034782,0.9498208031148277,0.9385242704243641,0.9269926495839047,0.9153356883915356,0.9036354580764783,0.89195369079295
944,Zone 2,25,38,Married,19,56,Did not complete high school,No,Female,Yes,No,No,Plus service,No,0,0.9759059144914433,0.02409408550855674,14775.712095210814,False,0.9999404766169689,0.999559166082559,0.9987372827335674,0.9974725082725715,0.9957977241691909,0.9937550354566084,0.9913867810555743,0.988732371232217,0.9858273328519463,0.9827032285434892,0.9793879149004296,0.9759059144914433
945,Zone 1,71,61,Married,19,155,Some college,No,Male,No,No,Yes,Plus service,No,0,0.9984776186760747,0.001522381323925348,14902.984392148473,False,0.999999336136185,0.9999919571942748,0.9999693505603656,0.9999249747622696,0.9998543111146042,0.9997543616847858,0.9996232247375137,0.999459785913683,0.9992634989002028,0.9990342291864296,0.9987721416380975,0.9984776186760747
946,Zone 1,22,33,Married,13,119,Post-undergraduate degree,No,Female,Yes,Yes,No,Total service,Yes,1,0.8756963938122799,0.12430360618772007,14085.066574509112,False,0.9987614078523338,0.9938571230231505,0.9860365202779908,0.9762347726247617,0.9651152406175567,0.9531333435886435,0.9406049895478912,0.9277527591252382,0.9147356863627661,0.9016686398059164,0.8886351980241205,0.8756963938122799
947,Zone 1,46,48,Married,15,64,Some college,No,Male,No,No,Yes,Plus service,No,0,0.9933078723030104,0.006692127696989569,14876.112370271376,False,0.999993060079928,0.9999342060236959,0.9997825526684642,0.9995186071337268,0.9991349794864496,0.9986307591419598,0.9980085402957865,0.9972727969279276,0.9964289628379479,0.9954828971257951,0.9944405691074293,0.9933078723030104
948,Zone 3,66,50,Married,2,333,Post-undergraduate degree,No,Male,No,Yes,No,E-service,No,0,0.9483672513639523,0.05163274863604772,14601.10286254693,False,0.9997687634291437,0.9985555279725282,0.9962501022632598,0.9929954155159724,0.9889571182538488,0.9842820357284379,0.97909257051386,0.9734890323028575,0.9675533735499895,0.9613526898027401,0.9549421341827272,0.9483672513639523
949,Zone 1,69,58,Married,29,26,High school degree,No,Female,Yes,Yes,Yes,Total service,No,0,0.9909542765095954,0.009045723490404556,14863.236416180693,False,0.9999886290737418,0.9998979273515677,0.999673170783678,0.9992924293062153,0.9987502680040601,0.9980493074541464,0.9971961069622866,0.9961990583644236,0.9950672669978551,0.993809945085871,0.9924360830497424,0.9909542765095954
950,Zone 2,38,49,Married,3,33,College degree,No,Male,No,Yes,No,E-service,No,0,0.9488436483469208,0.05115635165307919,14604.24327095914,False,0.999772654224173,0.9985766905848722,0.9963003259924635,0.9930830413995153,0.9890877577357354,0.9844593210890057,0.9793187163712517,0.9737652348966312,0.967880093683386,0.9617298550609122,0.9553692851126236,0.9488436483469208
951,Zone 3,16,35,Unmarried,7,46,Some college,No,Male,No,No,No,Basic service,No,0,0.8153178794895777,0.18468212051042232,13609.89883877482,False,0.9971975337563738,0.9877040762812078,0.9739457807685148,0.9577784666119163,0.9403039246362466,0.9221890038419636,0.9038488362755219,0.8855471630254902,0.8674532930473577,0.8496758310876147,0.8322834149491078,0.8153178794895777
952,Zone 3,44,39,Married,8,41,High school degree,No,Male,Yes,Yes,Yes,Total service,No,0,0.8767499706696482,0.12325002933035178,14093.011011245133,False,0.9987823549981195,0.9939460175732908,0.9862189800845965,0.9765219549367155,0.9655105181611908,0.9536358603838978,0.9412115816821708,0.9284590319694445,0.9155366375582765,0.902559026932191,0.8896097575084918,0.8767499706696482
953,Zone 1,50,50,Unmarried,24,31,Did not complete high school,No,Male,No,No,Yes,Plus service,No,0,0.9934716829230693,0.00652831707693069,14876.996824227717,False,0.9999933343852215,0.999936527298489,0.9997896870568058,0.999533560938332,0.9991606829605779,0.998669940818046,0.9980636832234653,0.9973461316461084,0.996522476932108,0.9955983518814515,0.9945795186439128,0.9934716829230693
954,Zone 3,10,23,Unmarried,1,29,College degree,No,Female,Yes,Yes,Yes,Total service,No,0,0.560396322785944,0.439603677214056,11197.19279657484,True,0.9785329096346247,0.9334596779549355,0.8842582302049087,0.836402090421476,0.7915006716560976,0.7499270107012787,0.7116145577871831,0.6763412090574836,0.6438401194559797,0.6138444824336753,0.5861051128934766,0.560396322785944
955,Zone 2,7,41,Unmarried,6,94,High school degree,No,Male,Yes,No,Yes,Total service,No,0,0.925931168279077,0.07406883172092305,14449.240037186566,False,0.999547515273537,0.997414875430685,0.9936256458235966,0.9885153428577345,0.9823894018888416,0.975490533196177,0.9680067928487623,0.9600837426554806,0.951834698055875,0.9433485223277502,0.9346954095849137,0.925931168279077
956,Zone 3,71,48,Unmarried,25,288,Some college,No,Male,No,No,Yes,Basic service,No,0,0.9670584410939596,0.03294155890604045,14721.292448790362,False,0.9998970207942164,0.9992869300961198,0.9980353966576944,0.9961736639971054,0.9937707320551078,0.9908995131886312,0.9876272149865354,0.9840130106742517,0.9801080832180012,0.9759564133806437,0.971595733449196,0.9670584410939596
957,Zone 3,16,39,Married,5,31,Did not complete high school,No,Female,No,No,No,Basic service,No,0,0.8999362862812295,0.10006371371877054,14264.626417476758,False,0.9991935513147433,0.9957467820364615,0.9899843356786585,0.9825273760331452,0.9738619906106009,0.96434314249114,0.9542292863087946,0.9437104119342111,0.9329277714435688,0.9219874682589954,0.910969880080264,0.8999362862812295
958,Zone 3,6,20,Unmarried,0,25,High school degree,No,Female,No,No,Yes,Plus service,No,0,0.8093035795452368,0.1906964204547632,13560.50353248567,False,0.9969993324880734,0.9869735545984439,0.9725650346368407,0.9557287363035266,0.9376078365777805,0.9188862135918332,0.89998504374351,0.8811689462007839,0.8626056633391737,0.8444011279142194,0.8266208799733517,0.8093035795452368
959,Zone 2,46,55,Unmarried,24,269,High school degree,No,Male,No,No,Yes,Plus service,No,0,0.9956159288395289,0.004384071160471126,14888.40729626426,False,0.9999964942645869,0.9999642223251373,0.9998765896093016,0.999718424894365,0.9994821215282037,0.9991645856313938,0.9987654301458698,0.9982859037487517,0.997728238854593,0.9970952447401881,0.9963900486467572,0.9956159288395289
960,Zone 3,51,49,Married,13,203,Some college,No,Male,Yes,No,Yes,Plus service,No,0,0.9815710445258059,0.018428955474194098,14809.524702839788,False,0.9999624795968598,0.9997063623733886,0.9991316238513377,0.9982223443525374,0.9969928397795057,0.9954678633835159,0.9936749006423516,0.991641012425195,0.9893915613047094,0.9869497663219003,0.9843366320415414,0.9815710445258059
961,Zone 3,5,34,Unmarried,12,22,High school degree,No,Male,Yes,No,Yes,Basic service,Yes,1,0.7523800450699318,0.24761995493006816,13075.167917235984,False,0.9946810552928875,0.9789276324663161,0.9578775790407151,0.9344530429768654,0.9101474579673513,0.8857601730473654,0.8617315830721057,0.83830517494909,0.8156115418143253,0.7937145124528608,0.7726376533512493,0.7523800450699318
962,Zone 2,49,54,Married,23,25,High school degree,No,Female,No,No,No,Basic service,No,0,0.9886438359626801,0.011356164037319871,14850.329266977531,False,0.9999834208329819,0.9998573691330531,0.9995544239128211,0.9990519539942403,0.9983478053847613,0.9974490238083514,0.9963666981203982,0.995113467890794,0.9937022764871171,0.9921457429964462,0.9904558554858802,0.9886438359626801
963,Zone 3,49,51,Married,14,222,Post-undergraduate degree,No,Male,No,Yes,No,E-service,No,0,0.9795324371665831,0.020467562833416886,14797.460605354396,False,0.9999550896605006,0.9996559486598423,0.9989950260587654,0.9979605218035816,0.9965729559618057,0.9948630610654152,0.9928635354127605,0.9906058326565562,0.9881189709676559,0.9854291991705734,0.9825600319056389,0.9795324371665831
964,Zone 1,26,30,Married,4,76,Some college,No,Male,No,No,No,Basic service,No,0,0.8411468297272797,0.15885317027272028,13817.848330491472,False,0.9979577309803198,0.9905949209892989,0.9795110888628343,0.9661490684116483,0.9514267418064536,0.9359288282939494,0.9200363228142274,0.9040025072477638,0.8879981412885798,0.8721391952924418,0.8565044243673349,0.8411468297272797
965,Zone 3,22,39,Unmarried,4,55,High school degree,No,Female,Yes,Yes,Yes,Total service,Yes,1,0.7557689274145569,0.24423107258544308,13104.957358470363,False,0.9948431791122241,0.9794661826536758,0.9588354249749973,0.9358149224889409,0.9118798246481523,0.8878251228587497,0.8640920614998507,0.840926883085062,0.8184635002676002,0.7967690654898514,0.7758702470598486,0.7557689274145569
966,Zone 3,51,45,Married,4,46,Some college,No,Male,Yes,Yes,Yes,Total service,No,0,0.8842128927179678,0.11578710728203223,14148.926455225439,False,0.9989249992507019,0.9945580305917328,0.987483253945351,0.9785209552782097,0.9682717043619306,0.9571563422994341,0.9454716116379501,0.9334296558724944,0.9211841680616266,0.9088477142901141,0.8965034015441833,0.8842128927179678
967,Zone 1,19,27,Married,7,56,College degree,No,Male,Yes,Yes,Yes,Total service,Yes,1,0.7862974865940722,0.21370251340592783,13368.214292984123,False,0.9961621938331381,0.983972723099544,0.9669844108598467,0.9475387420690359,0.9269304786717586,0.9059005577285486,0.8848863501098599,0.864150363140201,0.843850139557708,0.8240781838824136,0.8048857465836994,0.7862974865940722
968,Zone 1,9,36,Unmarried,1,79,Some college,No,Female,Yes,No,Yes,Plus service,Yes,1,0.8419063101553015,0.15809368984469852,13823.8589056732,False,0.9979779365219384,0.9906739772057067,0.9796658235801391,0.9663845373682312,0.9517424740042971,0.9363217319985144,0.9205021074669477,0.9045364115227701,0.8885953155898876,0.872794903270769,0.8572141461014122,0.8419063101553015
969,Zone 3,15,25,Married,0,51,Some college,No,Female,No,No,No,Basic service,No,0,0.767722716372079,0.232277283627921,13209.132836341656,False,0.9953894110155184,0.9813039693437614,0.9621285695242199,0.9405220922545228,0.9178922723497902,0.8950160489936003,0.8723356015559541,0.8501053752831202,0.8284698877883501,0.8075072127498342,0.7872543756193995,0.767722716372079
970,Zone 2,57,63,Unmarried,19,61,Did not complete high school,No,Male,No,No,Yes,Plus service,No,0,0.9963366162322503,0.0036633837677496617,14892.162098280609,False,0.9999973681176608,0.9999723131528218,0.9999028009640467,0.9997754565129422,0.9995830351939081,0.9993221050393707,0.9989916055232921,0.9985919638237505,0.9981245418321619,0.9975912821816619,0.9969944772567982,0.9963366162322503
971,Zone 3,48,45,Unmarried,15,41,Did not complete high school,No,Female,No,No,No,Basic service,No,0,0.9241131109442985,0.07588688905570151,14436.615602450629,False,0.9995262516528037,0.9973102439736385,0.993391463929995,0.9881234016147038,0.9818236083196982,0.9747426846979986,0.9670738507105596,0.9589660734248993,0.950534919605376,0.941870732456262,0.9330446618223593,0.9241131109442985
972,Zone 2,9,53,Married,20,50,High school degree,No,Female,No,No,No,Basic service,Yes,1,0.9843676446503994,0.015632355349600613,14825.866851185085,False,0.9999716407280463,0.9997706452099756,0.9993087001110724,0.9985657570218615,0.9975486051778101,0.9962743694843507,0.9947636914291583,0.9930377440824057,0.9911169078445144,0.9890202125798012,0.9867651468090224,0.9843676446503994
973,Zone 1,61,52,Unmarried,21,82,Did not complete high school,No,Male,No,No,Yes,Plus service,No,0,0.9926749470424706,0.007325052957529388,14872.679926278328,False,0.9999919578735139,0.9999249804006274,0.9997543788200484,0.9994598215435819,0.9990342900506703,0.9984777109870613,0.9977936676598216,0.996987637021644,0.9960660090267256,0.9950355273285745,0.9939029665803422,0.9926749470424706
974,Zone 3,72,53,Unmarried,34,108,Did not complete high school,No,Male,No,No,Yes,Plus service,No,0,0.9980623920473086,0.001937607952691378,14900.934045520225,False,0.9999990345273788,0.9999887357711331,0.9999580043820393,0.9998987785301493,0.9998057757031082,0.9996756981057705,0.999506626075942,0.9992975984620375,0.999048324789574,0.9987589858622095,0.9984300937319118,0.9980623920473086
975,Zone 3,57,60,Unmarried,20,14,High school degree,Yes,Female,No,No,Yes,Plus service,No,0,0.9957387476919373,0.004261252308062735,14889.050393014064,False,0.9999966501525454,0.9999656475192428,0.9998811725151107,0.9997283439059295,0.9994996004819763,0.9991917773412592,0.9988043623427733,0.998338456530211,0.9977961384902073,0.9971800660288476,0.9964932216492495,0.9957387476919373
976,Zone 2,57,51,Unmarried,10,46,Did not complete high school,No,Male,No,Yes,No,E-service,No,0,0.9427230532566507,0.057276946743349266,14563.616833377948,False,0.999720149343594,0.9982950212182622,0.9956372109540322,0.9919326592271996,0.987380214298411,0.9821503953682256,0.9763823637155319,0.9701883310553635,0.9636587497392849,0.9568668070474744,0.9498720219416924,0.9427230532566507
977,Zone 1,37,60,Married,0,46,Did not complete high school,No,Male,No,No,Yes,Plus service,No,0,0.9898928392130204,0.010107160786979597,14857.336845841217,False,0.999986339643679,0.9998798750880338,0.9996199332471113,0.9991840653499692,0.9985681913581452,0.9977768606664222,0.9968186464008867,0.9957038511665353,0.9944433212860454,0.9930478246489864,0.9915277281253502,0.9898928392130204
978,Zone 3,45,51,Unmarried,13,146,College degree,No,Male,No,No,No,Basic service,No,0,0.9376389008695486,0.0623610991304514,14529.424102291425,False,0.9996723474438328,0.9980450479309949,0.9950574500116922,0.9909375010338668,0.9859151914869172,0.9801826961422776,0.9738941699906246,0.9671722658524078,0.9601147475561267,0.9527999338236626,0.9452909352397477,0.9376389008695486
979,Zone 3,45,39,Married,15,36,Did not complete high school,No,Female,No,Yes,No,Basic service,No,0,0.8341051212847725,0.16589487871522746,13761.834514152339,False,0.997764680768344,0.9898459094601566,0.9780522396048547,0.9639367540375235,0.9484683058761362,0.9322553779870326,0.9156895594247316,0.8990280546245443,0.8824420833995914,0.8660462810889658,0.849917171011519,0.8341051212847725
980,Zone 2,55,44,Unmarried,24,83,Did not complete high school,No,Female,No,No,Yes,Plus service,No,0,0.9897134517527996,0.010286548247200433,14856.334618265491,False,0.9999859352771563,0.9998767254620732,0.9996107112422726,0.9991653897221924,0.9985369361078997,0.9977302438626273,0.996754238209693,0.9956195518842128,0.9943373294502377,0.9929186034958196,0.9913739737629047,0.9897134517527996
981,Zone 2,24,27,Unmarried,2,17,Some college,No,Male,Yes,No,No,E-service,Yes,1,0.825886599818868,0.17411340018113197,13695.813048496884,False,0.9975260778320362,0.9889348469367891,0.9762942831225416,0.9612884795281164,0.9449450555324819,0.9278989584580556,0.9105529333329572,0.8931677493586094,0.8759143494681928,0.8589051678599148,0.8422136182075401,0.825886599818868
982,Zone 3,1,20,Unmarried,1,18,Some college,No,Male,Yes,Yes,No,Basic service,Yes,1,0.24359654163828265,0.7564034583617174,7012.456450373815,True,0.8805210382475068,0.7438657420641146,0.6367525148355623,0.5529126082633928,0.4859940154934236,0.4315245137281975,0.3864259029447083,0.3485410038631378,0.31632086836748924,0.28862674772768904,0.2646034539120934,0.24359654163828265
983,Zone 2,34,23,Married,3,24,Did not complete high school,No,Female,No,No,Yes,Plus service,No,0,0.9181064141423705,0.08189358585762951,14394.588536576064,False,0.9994523361727887,0.9969516648502423,0.992595541935052,0.9867991117079015,0.9799206030598425,0.9722366973630959,0.9639574461917041,0.9552427598924881,0.9462153269140702,0.9369700828223613,0.9275810676218488,0.9181064141423705
984,Zone 3,14,37,Married,5,48,Some college,No,Female,No,No,No,Basic service,No,0,0.8898425439001703,0.11015745609982974,14190.684975115852,False,0.9990260623780596,0.9949992988966274,0.988404188158907,0.9799876956996166,0.9703091267348632,0.9597660074368173,0.9486417901446452,0.9371411118454684,0.9254135967888031,0.9135698307160987,0.9016922257533106,0.8898425439001703
985,Zone 3,6,32,Unmarried,10,47,Did not complete high school,No,Male,No,No,Yes,Plus service,No,0,0.9371147009965046,0.06288529900349538,14525.876436492143,False,0.999667200502483,0.9980184547988764,0.9949962067565684,0.9908329033785532,0.9857618069601888,0.9799773382040672,0.973635190408456,0.9668590767847425,0.9597474960450803,0.9523792768649101,0.9448178820778262,0.9371147009965046
986,Zone 3,24,30,Unmarried,0,25,College degree,No,Male,Yes,Yes,Yes,Total service,Yes,1,0.6232194839654466,0.3767805160345534,11854.329125833923,True,0.9856040071220441,0.9519474809959113,0.9128505156586677,0.8732212362875831,0.8348755092337206,0.7984881693342152,0.7642623977346612,0.7321949803086102,0.7021920649698328,0.674122884107385,0.6478455443693782,0.6232194839654466
987,Zone 2,3,26,Married,6,59,College degree,No,Female,Yes,No,Yes,Total service,Yes,1,0.9141833779404415,0.08581662205955853,14366.883171391757,False,0.9994009882877974,0.9967068096485122,0.9920574893710236,0.9859102493377806,0.9786503695390742,0.970571543748158,0.9618946103448776,0.9527863653786894,0.9433738850906012,0.9337548601622235,0.9240050004167879,0.9141833779404415
988,Zone 1,4,30,Unmarried,1,45,College degree,No,Male,Yes,Yes,Yes,Total service,Yes,1,0.6354094721446805,0.36459052785531953,11976.84608825925,True,0.9867427095741008,0.9550859102503848,0.917854994939924,0.8798062504861117,0.842763414493819,0.8074399606023628,0.7740792888519039,0.7427132275164652,0.7132768987276559,0.6856630878816168,0.6597489751746407,0.6354094721446805
989,Zone 1,72,40,Married,19,163,College degree,No,Male,No,No,No,E-service,No,0,0.9943557785155676,0.005644221484432443,14881.740709364785,False,0.9999947355467906,0.9999485669944116,0.9998270239874523,0.9996123200621652,0.9992967304374151,0.9988781691793265,0.9983577423072505,0.9977383648027139,0.9970239530965053,0.9962189409707914,0.995327984150184,0.9943557785155676
990,Zone 1,44,56,Unmarried,4,63,High school degree,No,Female,No,No,No,Plus service,Yes,1,0.9774305429291635,0.022569457070836463,14784.898407261886,False,0.9999468479559863,0.9996009419313943,0.998847880423487,0.9976810338846744,0.9961278915985653,0.9942256715806382,0.9920126087629586,0.989524750457093,0.9867948890158016,0.983852366470283,0.980723233934034,0.9774305429291635
991,Zone 1,50,43,Unmarried,6,27,Some college,No,Male,No,No,Yes,Plus service,No,0,0.9561038316918363,0.043896168308163674,14651.626301425711,False,0.9998278972625326,0.9988831088539067,0.9970359478646864,0.9943770490124719,0.9910292940759462,0.9871078733143849,0.9827121694187257,0.9779257214944882,0.9728182055080711,0.96744769179312,0.9618626840022082,0.9561038316918363
992,Zone 2,61,50,Married,16,190,High school degree,No,Female,No,Yes,Yes,E-service,No,0,0.98128182666639,0.018718173333610033,14807.820650461877,False,0.9999614675395998,0.9996993895014836,0.9991126212577383,0.9981857721853437,0.9969340032528068,0.9953828958932578,0.993560664654566,0.9914949891406203,0.9892117497857482,0.9867345969772794,0.9840848942501215,0.98128182666639
993,Zone 1,34,52,Married,2,106,High school degree,No,Male,No,Yes,Yes,Plus service,No,0,0.9371820697109685,0.06281793028903149,14526.332601948923,False,0.9996678642702792,0.9980218810303315,0.9950040928124771,0.9908463666074093,0.9857815436177285,0.9800037557852488,0.9736684987988052,0.9668993497649935,0.9597947131508494,0.952433352293749,0.9448786849447167,0.9371820697109685
994,Zone 3,26,54,Married,30,26,Some college,No,Female,No,No,Yes,Total service,Yes,1,0.9994577239925077,0.0005422760074923483,14907.676699556678,False,0.9999998626288488,0.9999980600233748,0.9999919178638084,0.99997893030841,0.9999570452621468,0.9999246483739803,0.999880494178141,0.9998236366163646,0.9997533699400816,0.9996691808749824,0.9995707105042937,0.9994577239925077
995,Zone 1,15,46,Married,17,63,Post-undergraduate degree,No,Male,Yes,Yes,Yes,Total service,Yes,1,0.9498647156959232,0.050135284304076766,14610.961478804533,False,0.9997808826201865,0.9986216132381982,0.9964071706102741,0.9932697432273763,0.9893664419076326,0.9848378831100619,0.9798020124657677,0.9743559318020273,0.9685792726041897,0.96253744436648,0.9562843738040909,0.9498647156959232
996,Zone 3,10,39,Unmarried,0,27,Some college,No,Female,No,No,No,Basic service,No,0,0.7831234075279183,0.2168765924720817,13341.271738395018,False,0.9960364710807674,0.9835325080241892,0.9661769648881962,0.9463653338855899,0.925412333528746,0.9040657142564756,0.8827642002278993,0.8617693242710924,0.8412367038756672,0.8212566006474468,0.8018779998525473,0.7831234075279183
997,Zone 1,7,34,Unmarried,2,22,Post-undergraduate degree,No,Female,No,No,No,Basic service,No,0,0.7607065858579122,0.23929341414208782,13148.158805023362,False,0.9950735989999686,0.980236922459616,0.9602118029935467,0.9377775148144261,0.9143819004015716,0.890812995951473,0.8675128198274331,0.8447312892920931,0.8226069066678287,0.8012114879890233,0.7805760909581079,0.7607065858579122
998,Zone 3,67,59,Unmarried,40,944,Post-undergraduate degree,No,Female,Yes,Yes,Yes,Total service,No,0,0.992009977204176,0.007990022795823948,14869.049048664057,False,0.9999907283955016,0.9999148599592746,0.9997237728406033,0.9993964024599904,0.9989262468645408,0.9983142051725049,0.9975649642298998,0.9966850973737975,0.9956820257684412,0.9945634374347142,0.9933369597770448,0.992009977204176
999,Zone 3,70,49,Unmarried,18,87,High school degree,No,Female,Yes,No,Yes,Plus service,No,0,0.9720368125799299,0.02796318742007009,14752.137438017935,False,0.9999228312894798,0.9994462657948895,0.9984426280351866,0.9969225460679045,0.9949337447018369,0.9925313338933892,0.9897683385941518,0.9866927799984142,0.983347088133982,0.979768360508027,0.9759889005856902,0.9720368125799299
1000,Zone 3,50,36,Married,7,39,Some college,No,Female,No,Yes,No,E-service,Yes,1,0.9195545262603071,0.08044547373969291,14404.764533404628,False,0.9994706737337576,0.9970399202525742,0.9927905270924308,0.9871224625165527,0.9803840627299809,0.972845722767137,0.9647134701248331,0.9561446207282184,0.9472601906782565,0.9381540499494552,0.9288995789826989,0.9195545262603071
